[{"success":true,"timeout":false,"failed_images":[],"failed_audio":[],"failed_video":[],"trial_type":"preload","trial_index":0,"time_elapsed":1443,"internal_node_id":"0.0-0.0"},{"rt":21997,"stimulus":["<h2>Noisy background image classification</h2><p>In this experiment you will briefly see images on top of colored squares of various sizes.</p><p>Your task is to report what each image is, selecting \"None of the Above\" if none of the given options are correct.</p> <p>The possible options are <strong>Boat</strong>, <strong>Broccoli</strong>, <strong>Car</strong>, <strong>Cat</strong>, <strong>Dog</strong>, <strong>Human</strong>, <strong>Tree</strong>, and <strong>None of the Above</strong>"],"response":0,"trial_type":"html-button-response","trial_index":1,"time_elapsed":23443,"internal_node_id":"0.0-1.0"},{"rt":1809,"stimulus":"images/Boat/With_Backgrounds/difficulty8_image9.png","response":0,"category":"Boat","background_difficulty":"8","image_path":"images/Boat/With_Backgrounds/difficulty8_image9.png","trial_type":"image-button-response","trial_index":2,"time_elapsed":25260,"internal_node_id":"0.0-2.0-0.0"},{"rt":993,"stimulus":"images/Broccoli/With_Backgrounds/difficulty8_image6.png","response":1,"category":"Broccoli","background_difficulty":"8","image_path":"images/Broccoli/With_Backgrounds/difficulty8_image6.png","trial_type":"image-button-response","trial_index":3,"time_elapsed":26261,"internal_node_id":"0.0-2.0-0.1"},{"rt":1085,"stimulus":"images/Cat/With_Backgrounds/difficulty5_image2.png","response":3,"category":"Cat","background_difficulty":"5","image_path":"images/Cat/With_Backgrounds/difficulty5_image2.png","trial_type":"image-button-response","trial_index":4,"time_elapsed":27354,"internal_node_id":"0.0-2.0-0.2"},{"rt":985,"stimulus":"images/Cat/With_Backgrounds/difficulty3_image4.png","response":3,"category":"Cat","background_difficulty":"3","image_path":"images/Cat/With_Backgrounds/difficulty3_image4.png","trial_type":"image-button-response","trial_index":5,"time_elapsed":28347,"internal_node_id":"0.0-2.0-0.3"},{"rt":1094,"stimulus":"images/Car/With_Backgrounds/difficulty2_image5.png","response":2,"category":"Car","background_difficulty":"2","image_path":"images/Car/With_Backgrounds/difficulty2_image5.png","trial_type":"image-button-response","trial_index":6,"time_elapsed":29448,"internal_node_id":"0.0-2.0-0.4"},{"rt":2381,"stimulus":"images/Other/With_Backgrounds/difficulty5_image2.png","response":7,"category":"Other","background_difficulty":"5","image_path":"images/Other/With_Backgrounds/difficulty5_image2.png","trial_type":"image-button-response","trial_index":7,"time_elapsed":31834,"internal_node_id":"0.0-2.0-0.5"},{"rt":1442,"stimulus":"images/Broccoli/With_Backgrounds/difficulty7_image5.png","response":1,"category":"Broccoli","background_difficulty":"7","image_path":"images/Broccoli/With_Backgrounds/difficulty7_image5.png","trial_type":"image-button-response","trial_index":8,"time_elapsed":33285,"internal_node_id":"0.0-2.0-0.6"},{"rt":1997,"stimulus":"images/Car/With_Backgrounds/difficulty4_image7.png","response":2,"category":"Car","background_difficulty":"4","image_path":"images/Car/With_Backgrounds/difficulty4_image7.png","trial_type":"image-button-response","trial_index":9,"time_elapsed":35289,"internal_node_id":"0.0-2.0-0.7"},{"rt":1925,"stimulus":"images/Tree/With_Backgrounds/difficulty3_image9.png","response":6,"category":"Tree","background_difficulty":"3","image_path":"images/Tree/With_Backgrounds/difficulty3_image9.png","trial_type":"image-button-response","trial_index":10,"time_elapsed":37223,"internal_node_id":"0.0-2.0-0.8"},{"rt":825,"stimulus":"images/Human/With_Backgrounds/difficulty0_image2.png","response":5,"category":"Human","background_difficulty":"0","image_path":"images/Human/With_Backgrounds/difficulty0_image2.png","trial_type":"image-button-response","trial_index":11,"time_elapsed":38055,"internal_node_id":"0.0-2.0-0.9"},{"rt":1659,"stimulus":"images/Broccoli/With_Backgrounds/difficulty5_image1.png","response":1,"category":"Broccoli","background_difficulty":"5","image_path":"images/Broccoli/With_Backgrounds/difficulty5_image1.png","trial_type":"image-button-response","trial_index":12,"time_elapsed":39723,"internal_node_id":"0.0-2.0-0.10"},{"rt":843,"stimulus":"images/Broccoli/With_Backgrounds/difficulty0_image9.png","response":1,"category":"Broccoli","background_difficulty":"0","image_path":"images/Broccoli/With_Backgrounds/difficulty0_image9.png","trial_type":"image-button-response","trial_index":13,"time_elapsed":40574,"internal_node_id":"0.0-2.0-0.11"},{"rt":1326,"stimulus":"images/Dog/With_Backgrounds/difficulty7_image8.png","response":4,"category":"Dog","background_difficulty":"7","image_path":"images/Dog/With_Backgrounds/difficulty7_image8.png","trial_type":"image-button-response","trial_index":14,"time_elapsed":41908,"internal_node_id":"0.0-2.0-0.12"},{"rt":1529,"stimulus":"images/Other/With_Backgrounds/difficulty4_image9.png","response":7,"category":"Other","background_difficulty":"4","image_path":"images/Other/With_Backgrounds/difficulty4_image9.png","trial_type":"image-button-response","trial_index":15,"time_elapsed":43443,"internal_node_id":"0.0-2.0-0.13"},{"rt":1293,"stimulus":"images/Other/With_Backgrounds/difficulty7_image3.png","response":7,"category":"Other","background_difficulty":"7","image_path":"images/Other/With_Backgrounds/difficulty7_image3.png","trial_type":"image-button-response","trial_index":16,"time_elapsed":44744,"internal_node_id":"0.0-2.0-0.14"},{"rt":1279,"stimulus":"images/Human/With_Backgrounds/difficulty5_image8.png","response":5,"category":"Human","background_difficulty":"5","image_path":"images/Human/With_Backgrounds/difficulty5_image8.png","trial_type":"image-button-response","trial_index":17,"time_elapsed":46030,"internal_node_id":"0.0-2.0-0.15"},{"rt":805,"stimulus":"images/Human/With_Backgrounds/difficulty8_image5.png","response":5,"category":"Human","background_difficulty":"8","image_path":"images/Human/With_Backgrounds/difficulty8_image5.png","trial_type":"image-button-response","trial_index":18,"time_elapsed":46844,"internal_node_id":"0.0-2.0-0.16"},{"rt":1551,"stimulus":"images/Boat/With_Backgrounds/difficulty6_image2.png","response":0,"category":"Boat","background_difficulty":"6","image_path":"images/Boat/With_Backgrounds/difficulty6_image2.png","trial_type":"image-button-response","trial_index":19,"time_elapsed":48398,"internal_node_id":"0.0-2.0-0.17"},{"rt":3213,"stimulus":"images/Boat/With_Backgrounds/difficulty4_image0.png","response":7,"category":"Boat","background_difficulty":"4","image_path":"images/Boat/With_Backgrounds/difficulty4_image0.png","trial_type":"image-button-response","trial_index":20,"time_elapsed":51615,"internal_node_id":"0.0-2.0-0.18"},{"rt":1249,"stimulus":"images/Car/With_Backgrounds/difficulty1_image4.png","response":3,"category":"Car","background_difficulty":"1","image_path":"images/Car/With_Backgrounds/difficulty1_image4.png","trial_type":"image-button-response","trial_index":21,"time_elapsed":52868,"internal_node_id":"0.0-2.0-0.19"},{"rt":1929,"stimulus":"images/Tree/With_Backgrounds/difficulty7_image3.png","response":6,"category":"Tree","background_difficulty":"7","image_path":"images/Tree/With_Backgrounds/difficulty7_image3.png","trial_type":"image-button-response","trial_index":22,"time_elapsed":54805,"internal_node_id":"0.0-2.0-0.20"},{"rt":756,"stimulus":"images/Tree/With_Backgrounds/difficulty2_image4.png","response":6,"category":"Tree","background_difficulty":"2","image_path":"images/Tree/With_Backgrounds/difficulty2_image4.png","trial_type":"image-button-response","trial_index":23,"time_elapsed":55569,"internal_node_id":"0.0-2.0-0.21"},{"rt":1811,"stimulus":"images/Other/With_Backgrounds/difficulty2_image4.png","response":7,"category":"Other","background_difficulty":"2","image_path":"images/Other/With_Backgrounds/difficulty2_image4.png","trial_type":"image-button-response","trial_index":24,"time_elapsed":57387,"internal_node_id":"0.0-2.0-0.22"},{"rt":1614,"stimulus":"images/Cat/With_Backgrounds/difficulty1_image5.png","response":3,"category":"Cat","background_difficulty":"1","image_path":"images/Cat/With_Backgrounds/difficulty1_image5.png","trial_type":"image-button-response","trial_index":25,"time_elapsed":59006,"internal_node_id":"0.0-2.0-0.23"},{"rt":1512,"stimulus":"images/Tree/With_Backgrounds/difficulty4_image7.png","response":6,"category":"Tree","background_difficulty":"4","image_path":"images/Tree/With_Backgrounds/difficulty4_image7.png","trial_type":"image-button-response","trial_index":26,"time_elapsed":60525,"internal_node_id":"0.0-2.0-0.24"},{"rt":888,"stimulus":"images/Tree/With_Backgrounds/difficulty0_image0.png","response":6,"category":"Tree","background_difficulty":"0","image_path":"images/Tree/With_Backgrounds/difficulty0_image0.png","trial_type":"image-button-response","trial_index":27,"time_elapsed":61423,"internal_node_id":"0.0-2.0-0.25"},{"rt":1398,"stimulus":"images/Dog/With_Backgrounds/difficulty2_image1.png","response":4,"category":"Dog","background_difficulty":"2","image_path":"images/Dog/With_Backgrounds/difficulty2_image1.png","trial_type":"image-button-response","trial_index":28,"time_elapsed":62824,"internal_node_id":"0.0-2.0-0.26"},{"rt":1115,"stimulus":"images/Broccoli/With_Backgrounds/difficulty3_image8.png","response":1,"category":"Broccoli","background_difficulty":"3","image_path":"images/Broccoli/With_Backgrounds/difficulty3_image8.png","trial_type":"image-button-response","trial_index":29,"time_elapsed":63943,"internal_node_id":"0.0-2.0-0.27"},{"rt":1444,"stimulus":"images/Tree/With_Backgrounds/difficulty8_image5.png","response":6,"category":"Tree","background_difficulty":"8","image_path":"images/Tree/With_Backgrounds/difficulty8_image5.png","trial_type":"image-button-response","trial_index":30,"time_elapsed":65396,"internal_node_id":"0.0-2.0-0.28"},{"rt":1316,"stimulus":"images/Boat/With_Backgrounds/difficulty1_image6.png","response":7,"category":"Boat","background_difficulty":"1","image_path":"images/Boat/With_Backgrounds/difficulty1_image6.png","trial_type":"image-button-response","trial_index":31,"time_elapsed":66716,"internal_node_id":"0.0-2.0-0.29"},{"rt":1137,"stimulus":"images/Other/With_Backgrounds/difficulty3_image5.png","response":7,"category":"Other","background_difficulty":"3","image_path":"images/Other/With_Backgrounds/difficulty3_image5.png","trial_type":"image-button-response","trial_index":32,"time_elapsed":67863,"internal_node_id":"0.0-2.0-0.30"},{"rt":1127,"stimulus":"images/Human/With_Backgrounds/difficulty3_image6.png","response":5,"category":"Human","background_difficulty":"3","image_path":"images/Human/With_Backgrounds/difficulty3_image6.png","trial_type":"image-button-response","trial_index":33,"time_elapsed":68997,"internal_node_id":"0.0-2.0-0.31"},{"rt":694,"stimulus":"images/Human/With_Backgrounds/difficulty6_image0.png","response":5,"category":"Human","background_difficulty":"6","image_path":"images/Human/With_Backgrounds/difficulty6_image0.png","trial_type":"image-button-response","trial_index":34,"time_elapsed":69698,"internal_node_id":"0.0-2.0-0.32"},{"rt":675,"stimulus":"images/Human/With_Backgrounds/difficulty7_image9.png","response":5,"category":"Human","background_difficulty":"7","image_path":"images/Human/With_Backgrounds/difficulty7_image9.png","trial_type":"image-button-response","trial_index":35,"time_elapsed":70381,"internal_node_id":"0.0-2.0-0.33"},{"rt":1679,"stimulus":"images/Car/With_Backgrounds/difficulty0_image2.png","response":2,"category":"Car","background_difficulty":"0","image_path":"images/Car/With_Backgrounds/difficulty0_image2.png","trial_type":"image-button-response","trial_index":36,"time_elapsed":72066,"internal_node_id":"0.0-2.0-0.34"},{"rt":697,"stimulus":"images/Car/With_Backgrounds/difficulty7_image8.png","response":2,"category":"Car","background_difficulty":"7","image_path":"images/Car/With_Backgrounds/difficulty7_image8.png","trial_type":"image-button-response","trial_index":37,"time_elapsed":72768,"internal_node_id":"0.0-2.0-0.35"},{"rt":990,"stimulus":"images/Broccoli/With_Backgrounds/difficulty1_image3.png","response":1,"category":"Broccoli","background_difficulty":"1","image_path":"images/Broccoli/With_Backgrounds/difficulty1_image3.png","trial_type":"image-button-response","trial_index":38,"time_elapsed":73768,"internal_node_id":"0.0-2.0-0.36"},{"rt":1277,"stimulus":"images/Human/With_Backgrounds/difficulty1_image3.png","response":5,"category":"Human","background_difficulty":"1","image_path":"images/Human/With_Backgrounds/difficulty1_image3.png","trial_type":"image-button-response","trial_index":39,"time_elapsed":75053,"internal_node_id":"0.0-2.0-0.37"},{"rt":1561,"stimulus":"images/Car/With_Backgrounds/difficulty3_image9.png","response":2,"category":"Car","background_difficulty":"3","image_path":"images/Car/With_Backgrounds/difficulty3_image9.png","trial_type":"image-button-response","trial_index":40,"time_elapsed":76623,"internal_node_id":"0.0-2.0-0.38"},{"rt":1237,"stimulus":"images/Human/With_Backgrounds/difficulty4_image4.png","response":5,"category":"Human","background_difficulty":"4","image_path":"images/Human/With_Backgrounds/difficulty4_image4.png","trial_type":"image-button-response","trial_index":41,"time_elapsed":77871,"internal_node_id":"0.0-2.0-0.39"},{"rt":1251,"stimulus":"images/Dog/With_Backgrounds/difficulty3_image9.png","response":4,"category":"Dog","background_difficulty":"3","image_path":"images/Dog/With_Backgrounds/difficulty3_image9.png","trial_type":"image-button-response","trial_index":42,"time_elapsed":79127,"internal_node_id":"0.0-2.0-0.40"},{"rt":906,"stimulus":"images/Car/With_Backgrounds/difficulty6_image0.png","response":5,"category":"Car","background_difficulty":"6","image_path":"images/Car/With_Backgrounds/difficulty6_image0.png","trial_type":"image-button-response","trial_index":43,"time_elapsed":80041,"internal_node_id":"0.0-2.0-0.41"},{"rt":1625,"stimulus":"images/Broccoli/With_Backgrounds/difficulty4_image0.png","response":1,"category":"Broccoli","background_difficulty":"4","image_path":"images/Broccoli/With_Backgrounds/difficulty4_image0.png","trial_type":"image-button-response","trial_index":44,"time_elapsed":81674,"internal_node_id":"0.0-2.0-0.42"},{"rt":2111,"stimulus":"images/Boat/With_Backgrounds/difficulty7_image3.png","response":0,"category":"Boat","background_difficulty":"7","image_path":"images/Boat/With_Backgrounds/difficulty7_image3.png","trial_type":"image-button-response","trial_index":45,"time_elapsed":83794,"internal_node_id":"0.0-2.0-0.43"},{"rt":1306,"stimulus":"images/Cat/With_Backgrounds/difficulty8_image7.png","response":3,"category":"Cat","background_difficulty":"8","image_path":"images/Cat/With_Backgrounds/difficulty8_image7.png","trial_type":"image-button-response","trial_index":46,"time_elapsed":85114,"internal_node_id":"0.0-2.0-0.44"},{"rt":1358,"stimulus":"images/Boat/With_Backgrounds/difficulty2_image5.png","response":0,"category":"Boat","background_difficulty":"2","image_path":"images/Boat/With_Backgrounds/difficulty2_image5.png","trial_type":"image-button-response","trial_index":47,"time_elapsed":86480,"internal_node_id":"0.0-2.0-0.45"},{"rt":1378,"stimulus":"images/Cat/With_Backgrounds/difficulty4_image6.png","response":3,"category":"Cat","background_difficulty":"4","image_path":"images/Cat/With_Backgrounds/difficulty4_image6.png","trial_type":"image-button-response","trial_index":48,"time_elapsed":87867,"internal_node_id":"0.0-2.0-0.46"},{"rt":1390,"stimulus":"images/Tree/With_Backgrounds/difficulty6_image6.png","response":6,"category":"Tree","background_difficulty":"6","image_path":"images/Tree/With_Backgrounds/difficulty6_image6.png","trial_type":"image-button-response","trial_index":49,"time_elapsed":89264,"internal_node_id":"0.0-2.0-0.47"},{"rt":1448,"stimulus":"images/Dog/With_Backgrounds/difficulty4_image0.png","response":4,"category":"Dog","background_difficulty":"4","image_path":"images/Dog/With_Backgrounds/difficulty4_image0.png","trial_type":"image-button-response","trial_index":50,"time_elapsed":90718,"internal_node_id":"0.0-2.0-0.48"},{"rt":1440,"stimulus":"images/Other/With_Backgrounds/difficulty6_image1.png","response":7,"category":"Other","background_difficulty":"6","image_path":"images/Other/With_Backgrounds/difficulty6_image1.png","trial_type":"image-button-response","trial_index":51,"time_elapsed":92167,"internal_node_id":"0.0-2.0-0.49"},{"rt":1164,"stimulus":"images/Other/With_Backgrounds/difficulty8_image0.png","response":7,"category":"Other","background_difficulty":"8","image_path":"images/Other/With_Backgrounds/difficulty8_image0.png","trial_type":"image-button-response","trial_index":52,"time_elapsed":93338,"internal_node_id":"0.0-2.0-0.50"},{"rt":1157,"stimulus":"images/Broccoli/With_Backgrounds/difficulty6_image4.png","response":1,"category":"Broccoli","background_difficulty":"6","image_path":"images/Broccoli/With_Backgrounds/difficulty6_image4.png","trial_type":"image-button-response","trial_index":53,"time_elapsed":94502,"internal_node_id":"0.0-2.0-0.51"},{"rt":1326,"stimulus":"images/Dog/With_Backgrounds/difficulty1_image3.png","response":4,"category":"Dog","background_difficulty":"1","image_path":"images/Dog/With_Backgrounds/difficulty1_image3.png","trial_type":"image-button-response","trial_index":54,"time_elapsed":95836,"internal_node_id":"0.0-2.0-0.52"},{"rt":1345,"stimulus":"images/Cat/With_Backgrounds/difficulty2_image3.png","response":3,"category":"Cat","background_difficulty":"2","image_path":"images/Cat/With_Backgrounds/difficulty2_image3.png","trial_type":"image-button-response","trial_index":55,"time_elapsed":97191,"internal_node_id":"0.0-2.0-0.53"},{"rt":790,"stimulus":"images/Dog/With_Backgrounds/difficulty6_image7.png","response":4,"category":"Dog","background_difficulty":"6","image_path":"images/Dog/With_Backgrounds/difficulty6_image7.png","trial_type":"image-button-response","trial_index":56,"time_elapsed":97991,"internal_node_id":"0.0-2.0-0.54"},{"rt":1140,"stimulus":"images/Other/With_Backgrounds/difficulty0_image7.png","response":7,"category":"Other","background_difficulty":"0","image_path":"images/Other/With_Backgrounds/difficulty0_image7.png","trial_type":"image-button-response","trial_index":57,"time_elapsed":99140,"internal_node_id":"0.0-2.0-0.55"},{"rt":1191,"stimulus":"images/Human/With_Backgrounds/difficulty2_image7.png","response":5,"category":"Human","background_difficulty":"2","image_path":"images/Human/With_Backgrounds/difficulty2_image7.png","trial_type":"image-button-response","trial_index":58,"time_elapsed":100340,"internal_node_id":"0.0-2.0-0.56"},{"rt":1378,"stimulus":"images/Boat/With_Backgrounds/difficulty3_image4.png","response":0,"category":"Boat","background_difficulty":"3","image_path":"images/Boat/With_Backgrounds/difficulty3_image4.png","trial_type":"image-button-response","trial_index":59,"time_elapsed":101725,"internal_node_id":"0.0-2.0-0.57"},{"rt":1796,"stimulus":"images/Cat/With_Backgrounds/difficulty7_image9.png","response":3,"category":"Cat","background_difficulty":"7","image_path":"images/Cat/With_Backgrounds/difficulty7_image9.png","trial_type":"image-button-response","trial_index":60,"time_elapsed":103530,"internal_node_id":"0.0-2.0-0.58"},{"rt":1004,"stimulus":"images/Dog/With_Backgrounds/difficulty8_image4.png","response":4,"category":"Dog","background_difficulty":"8","image_path":"images/Dog/With_Backgrounds/difficulty8_image4.png","trial_type":"image-button-response","trial_index":61,"time_elapsed":104546,"internal_node_id":"0.0-2.0-0.59"},{"rt":1309,"stimulus":"images/Car/With_Backgrounds/difficulty8_image6.png","response":2,"category":"Car","background_difficulty":"8","image_path":"images/Car/With_Backgrounds/difficulty8_image6.png","trial_type":"image-button-response","trial_index":62,"time_elapsed":105864,"internal_node_id":"0.0-2.0-0.60"},{"rt":1592,"stimulus":"images/Dog/With_Backgrounds/difficulty0_image2.png","response":4,"category":"Dog","background_difficulty":"0","image_path":"images/Dog/With_Backgrounds/difficulty0_image2.png","trial_type":"image-button-response","trial_index":63,"time_elapsed":107464,"internal_node_id":"0.0-2.0-0.61"},{"rt":2037,"stimulus":"images/Tree/With_Backgrounds/difficulty5_image8.png","response":6,"category":"Tree","background_difficulty":"5","image_path":"images/Tree/With_Backgrounds/difficulty5_image8.png","trial_type":"image-button-response","trial_index":64,"time_elapsed":109515,"internal_node_id":"0.0-2.0-0.62"},{"rt":1284,"stimulus":"images/Cat/With_Backgrounds/difficulty0_image8.png","response":3,"category":"Cat","background_difficulty":"0","image_path":"images/Cat/With_Backgrounds/difficulty0_image8.png","trial_type":"image-button-response","trial_index":65,"time_elapsed":110818,"internal_node_id":"0.0-2.0-0.63"},{"rt":1341,"stimulus":"images/Tree/With_Backgrounds/difficulty1_image1.png","response":6,"category":"Tree","background_difficulty":"1","image_path":"images/Tree/With_Backgrounds/difficulty1_image1.png","trial_type":"image-button-response","trial_index":66,"time_elapsed":112168,"internal_node_id":"0.0-2.0-0.64"},{"rt":1124,"stimulus":"images/Other/With_Backgrounds/difficulty1_image6.png","response":7,"category":"Other","background_difficulty":"1","image_path":"images/Other/With_Backgrounds/difficulty1_image6.png","trial_type":"image-button-response","trial_index":67,"time_elapsed":113301,"internal_node_id":"0.0-2.0-0.65"},{"rt":1346,"stimulus":"images/Cat/With_Backgrounds/difficulty6_image1.png","response":3,"category":"Cat","background_difficulty":"6","image_path":"images/Cat/With_Backgrounds/difficulty6_image1.png","trial_type":"image-button-response","trial_index":68,"time_elapsed":114652,"internal_node_id":"0.0-2.0-0.66"},{"rt":1080,"stimulus":"images/Broccoli/With_Backgrounds/difficulty2_image2.png","response":1,"category":"Broccoli","background_difficulty":"2","image_path":"images/Broccoli/With_Backgrounds/difficulty2_image2.png","trial_type":"image-button-response","trial_index":69,"time_elapsed":115739,"internal_node_id":"0.0-2.0-0.67"},{"rt":1161,"stimulus":"images/Boat/With_Backgrounds/difficulty0_image8.png","response":0,"category":"Boat","background_difficulty":"0","image_path":"images/Boat/With_Backgrounds/difficulty0_image8.png","trial_type":"image-button-response","trial_index":70,"time_elapsed":116905,"internal_node_id":"0.0-2.0-0.68"},{"rt":1112,"stimulus":"images/Dog/With_Backgrounds/difficulty5_image5.png","response":4,"category":"Dog","background_difficulty":"5","image_path":"images/Dog/With_Backgrounds/difficulty5_image5.png","trial_type":"image-button-response","trial_index":71,"time_elapsed":118025,"internal_node_id":"0.0-2.0-0.69"},{"rt":1259,"stimulus":"images/Boat/With_Backgrounds/difficulty5_image7.png","response":0,"category":"Boat","background_difficulty":"5","image_path":"images/Boat/With_Backgrounds/difficulty5_image7.png","trial_type":"image-button-response","trial_index":72,"time_elapsed":119290,"internal_node_id":"0.0-2.0-0.70"},{"rt":1561,"stimulus":"images/Car/With_Backgrounds/difficulty5_image3.png","response":2,"category":"Car","background_difficulty":"5","image_path":"images/Car/With_Backgrounds/difficulty5_image3.png","trial_type":"image-button-response","trial_index":73,"time_elapsed":120859,"internal_node_id":"0.0-2.0-0.71"},{"rt":1147,"stimulus":["<h2>Press the button below to end experiment.</h2><p>Thank you for participating!</p>"],"response":0,"trial_type":"html-button-response","trial_index":74,"time_elapsed":122008,"internal_node_id":"0.0-3.0"}]