[{"success":true,"timeout":false,"failed_images":[],"failed_audio":[],"failed_video":[],"trial_type":"preload","trial_index":0,"time_elapsed":3082,"internal_node_id":"0.0-0.0"},{"rt":8264,"stimulus":["<h2>Noisy background image classification</h2><p>In this experiment you will briefly see images on top of colored squares of various sizes.</p><p>Your task is to report what each image is, selecting \"None of the Above\" if none of the given options are correct.</p> <p>The possible options are <strong>Boat</strong>, <strong>Broccoli</strong>, <strong>Car</strong>, <strong>Cat</strong>, <strong>Dog</strong>, <strong>Human</strong>, <strong>Tree</strong>, and <strong>None of the Above</strong>"],"response":0,"trial_type":"html-button-response","trial_index":1,"time_elapsed":11347,"internal_node_id":"0.0-1.0"},{"rt":1883,"stimulus":"images/Car/With_Backgrounds/difficulty2_image9.png","response":2,"category":"Car","background_difficulty":"2","image_path":"images/Car/With_Backgrounds/difficulty2_image9.png","trial_type":"image-button-response","trial_index":2,"time_elapsed":13246,"internal_node_id":"0.0-2.0-0.0"},{"rt":1393,"stimulus":"images/Broccoli/With_Backgrounds/difficulty7_image4.png","response":1,"category":"Broccoli","background_difficulty":"7","image_path":"images/Broccoli/With_Backgrounds/difficulty7_image4.png","trial_type":"image-button-response","trial_index":3,"time_elapsed":14642,"internal_node_id":"0.0-2.0-0.1"},{"rt":1672,"stimulus":"images/Human/With_Backgrounds/difficulty0_image4.png","response":5,"category":"Human","background_difficulty":"0","image_path":"images/Human/With_Backgrounds/difficulty0_image4.png","trial_type":"image-button-response","trial_index":4,"time_elapsed":16317,"internal_node_id":"0.0-2.0-0.2"},{"rt":1707,"stimulus":"images/Boat/With_Backgrounds/difficulty3_image5.png","response":0,"category":"Boat","background_difficulty":"3","image_path":"images/Boat/With_Backgrounds/difficulty3_image5.png","trial_type":"image-button-response","trial_index":5,"time_elapsed":18025,"internal_node_id":"0.0-2.0-0.3"},{"rt":1411,"stimulus":"images/Car/With_Backgrounds/difficulty0_image6.png","response":2,"category":"Car","background_difficulty":"0","image_path":"images/Car/With_Backgrounds/difficulty0_image6.png","trial_type":"image-button-response","trial_index":6,"time_elapsed":19439,"internal_node_id":"0.0-2.0-0.4"},{"rt":981,"stimulus":"images/Car/With_Backgrounds/difficulty7_image4.png","response":2,"category":"Car","background_difficulty":"7","image_path":"images/Car/With_Backgrounds/difficulty7_image4.png","trial_type":"image-button-response","trial_index":7,"time_elapsed":20423,"internal_node_id":"0.0-2.0-0.5"},{"rt":1702,"stimulus":"images/Cat/With_Backgrounds/difficulty8_image8.png","response":3,"category":"Cat","background_difficulty":"8","image_path":"images/Cat/With_Backgrounds/difficulty8_image8.png","trial_type":"image-button-response","trial_index":8,"time_elapsed":22127,"internal_node_id":"0.0-2.0-0.6"},{"rt":1783,"stimulus":"images/Boat/With_Backgrounds/difficulty5_image4.png","response":0,"category":"Boat","background_difficulty":"5","image_path":"images/Boat/With_Backgrounds/difficulty5_image4.png","trial_type":"image-button-response","trial_index":9,"time_elapsed":23912,"internal_node_id":"0.0-2.0-0.7"},{"rt":1323,"stimulus":"images/Dog/With_Backgrounds/difficulty8_image2.png","response":4,"category":"Dog","background_difficulty":"8","image_path":"images/Dog/With_Backgrounds/difficulty8_image2.png","trial_type":"image-button-response","trial_index":10,"time_elapsed":25236,"internal_node_id":"0.0-2.0-0.8"},{"rt":2792,"stimulus":"images/Other/With_Backgrounds/difficulty4_image6.png","response":7,"category":"Other","background_difficulty":"4","image_path":"images/Other/With_Backgrounds/difficulty4_image6.png","trial_type":"image-button-response","trial_index":11,"time_elapsed":28030,"internal_node_id":"0.0-2.0-0.9"},{"rt":1188,"stimulus":"images/Car/With_Backgrounds/difficulty4_image1.png","response":2,"category":"Car","background_difficulty":"4","image_path":"images/Car/With_Backgrounds/difficulty4_image1.png","trial_type":"image-button-response","trial_index":12,"time_elapsed":29220,"internal_node_id":"0.0-2.0-0.10"},{"rt":1795,"stimulus":"images/Other/With_Backgrounds/difficulty3_image8.png","response":7,"category":"Other","background_difficulty":"3","image_path":"images/Other/With_Backgrounds/difficulty3_image8.png","trial_type":"image-button-response","trial_index":13,"time_elapsed":31016,"internal_node_id":"0.0-2.0-0.11"},{"rt":1579,"stimulus":"images/Tree/With_Backgrounds/difficulty2_image8.png","response":6,"category":"Tree","background_difficulty":"2","image_path":"images/Tree/With_Backgrounds/difficulty2_image8.png","trial_type":"image-button-response","trial_index":14,"time_elapsed":32597,"internal_node_id":"0.0-2.0-0.12"},{"rt":1124,"stimulus":"images/Cat/With_Backgrounds/difficulty2_image4.png","response":3,"category":"Cat","background_difficulty":"2","image_path":"images/Cat/With_Backgrounds/difficulty2_image4.png","trial_type":"image-button-response","trial_index":15,"time_elapsed":33723,"internal_node_id":"0.0-2.0-0.13"},{"rt":1490,"stimulus":"images/Other/With_Backgrounds/difficulty8_image4.png","response":7,"category":"Other","background_difficulty":"8","image_path":"images/Other/With_Backgrounds/difficulty8_image4.png","trial_type":"image-button-response","trial_index":16,"time_elapsed":35215,"internal_node_id":"0.0-2.0-0.14"},{"rt":1232,"stimulus":"images/Other/With_Backgrounds/difficulty0_image1.png","response":7,"category":"Other","background_difficulty":"0","image_path":"images/Other/With_Backgrounds/difficulty0_image1.png","trial_type":"image-button-response","trial_index":17,"time_elapsed":36448,"internal_node_id":"0.0-2.0-0.15"},{"rt":1441,"stimulus":"images/Car/With_Backgrounds/difficulty8_image7.png","response":2,"category":"Car","background_difficulty":"8","image_path":"images/Car/With_Backgrounds/difficulty8_image7.png","trial_type":"image-button-response","trial_index":18,"time_elapsed":37891,"internal_node_id":"0.0-2.0-0.16"},{"rt":1065,"stimulus":"images/Cat/With_Backgrounds/difficulty1_image6.png","response":3,"category":"Cat","background_difficulty":"1","image_path":"images/Cat/With_Backgrounds/difficulty1_image6.png","trial_type":"image-button-response","trial_index":19,"time_elapsed":38957,"internal_node_id":"0.0-2.0-0.17"},{"rt":2306,"stimulus":"images/Cat/With_Backgrounds/difficulty7_image3.png","response":3,"category":"Cat","background_difficulty":"7","image_path":"images/Cat/With_Backgrounds/difficulty7_image3.png","trial_type":"image-button-response","trial_index":20,"time_elapsed":41265,"internal_node_id":"0.0-2.0-0.18"},{"rt":1179,"stimulus":"images/Other/With_Backgrounds/difficulty1_image2.png","response":7,"category":"Other","background_difficulty":"1","image_path":"images/Other/With_Backgrounds/difficulty1_image2.png","trial_type":"image-button-response","trial_index":21,"time_elapsed":42446,"internal_node_id":"0.0-2.0-0.19"},{"rt":1352,"stimulus":"images/Boat/With_Backgrounds/difficulty6_image8.png","response":0,"category":"Boat","background_difficulty":"6","image_path":"images/Boat/With_Backgrounds/difficulty6_image8.png","trial_type":"image-button-response","trial_index":22,"time_elapsed":43800,"internal_node_id":"0.0-2.0-0.20"},{"rt":1156,"stimulus":"images/Cat/With_Backgrounds/difficulty3_image9.png","response":3,"category":"Cat","background_difficulty":"3","image_path":"images/Cat/With_Backgrounds/difficulty3_image9.png","trial_type":"image-button-response","trial_index":23,"time_elapsed":44958,"internal_node_id":"0.0-2.0-0.21"},{"rt":1305,"stimulus":"images/Broccoli/With_Backgrounds/difficulty8_image3.png","response":1,"category":"Broccoli","background_difficulty":"8","image_path":"images/Broccoli/With_Backgrounds/difficulty8_image3.png","trial_type":"image-button-response","trial_index":24,"time_elapsed":46265,"internal_node_id":"0.0-2.0-0.22"},{"rt":1272,"stimulus":"images/Boat/With_Backgrounds/difficulty4_image1.png","response":0,"category":"Boat","background_difficulty":"4","image_path":"images/Boat/With_Backgrounds/difficulty4_image1.png","trial_type":"image-button-response","trial_index":25,"time_elapsed":47538,"internal_node_id":"0.0-2.0-0.23"},{"rt":1191,"stimulus":"images/Human/With_Backgrounds/difficulty5_image3.png","response":5,"category":"Human","background_difficulty":"5","image_path":"images/Human/With_Backgrounds/difficulty5_image3.png","trial_type":"image-button-response","trial_index":26,"time_elapsed":48730,"internal_node_id":"0.0-2.0-0.24"},{"rt":2121,"stimulus":"images/Tree/With_Backgrounds/difficulty7_image6.png","response":6,"category":"Tree","background_difficulty":"7","image_path":"images/Tree/With_Backgrounds/difficulty7_image6.png","trial_type":"image-button-response","trial_index":27,"time_elapsed":50853,"internal_node_id":"0.0-2.0-0.25"},{"rt":1072,"stimulus":"images/Cat/With_Backgrounds/difficulty5_image1.png","response":3,"category":"Cat","background_difficulty":"5","image_path":"images/Cat/With_Backgrounds/difficulty5_image1.png","trial_type":"image-button-response","trial_index":28,"time_elapsed":51926,"internal_node_id":"0.0-2.0-0.26"},{"rt":920,"stimulus":"images/Car/With_Backgrounds/difficulty5_image3.png","response":2,"category":"Car","background_difficulty":"5","image_path":"images/Car/With_Backgrounds/difficulty5_image3.png","trial_type":"image-button-response","trial_index":29,"time_elapsed":52848,"internal_node_id":"0.0-2.0-0.27"},{"rt":1166,"stimulus":"images/Broccoli/With_Backgrounds/difficulty6_image0.png","response":1,"category":"Broccoli","background_difficulty":"6","image_path":"images/Broccoli/With_Backgrounds/difficulty6_image0.png","trial_type":"image-button-response","trial_index":30,"time_elapsed":54015,"internal_node_id":"0.0-2.0-0.28"},{"rt":1503,"stimulus":"images/Car/With_Backgrounds/difficulty3_image0.png","response":2,"category":"Car","background_difficulty":"3","image_path":"images/Car/With_Backgrounds/difficulty3_image0.png","trial_type":"image-button-response","trial_index":31,"time_elapsed":55519,"internal_node_id":"0.0-2.0-0.29"},{"rt":1211,"stimulus":"images/Broccoli/With_Backgrounds/difficulty3_image5.png","response":1,"category":"Broccoli","background_difficulty":"3","image_path":"images/Broccoli/With_Backgrounds/difficulty3_image5.png","trial_type":"image-button-response","trial_index":32,"time_elapsed":56731,"internal_node_id":"0.0-2.0-0.30"},{"rt":1039,"stimulus":"images/Dog/With_Backgrounds/difficulty7_image4.png","response":4,"category":"Dog","background_difficulty":"7","image_path":"images/Dog/With_Backgrounds/difficulty7_image4.png","trial_type":"image-button-response","trial_index":33,"time_elapsed":57772,"internal_node_id":"0.0-2.0-0.31"},{"rt":919,"stimulus":"images/Cat/With_Backgrounds/difficulty4_image7.png","response":3,"category":"Cat","background_difficulty":"4","image_path":"images/Cat/With_Backgrounds/difficulty4_image7.png","trial_type":"image-button-response","trial_index":34,"time_elapsed":58692,"internal_node_id":"0.0-2.0-0.32"},{"rt":1035,"stimulus":"images/Car/With_Backgrounds/difficulty6_image5.png","response":2,"category":"Car","background_difficulty":"6","image_path":"images/Car/With_Backgrounds/difficulty6_image5.png","trial_type":"image-button-response","trial_index":35,"time_elapsed":59729,"internal_node_id":"0.0-2.0-0.33"},{"rt":1138,"stimulus":"images/Dog/With_Backgrounds/difficulty3_image3.png","response":4,"category":"Dog","background_difficulty":"3","image_path":"images/Dog/With_Backgrounds/difficulty3_image3.png","trial_type":"image-button-response","trial_index":36,"time_elapsed":60869,"internal_node_id":"0.0-2.0-0.34"},{"rt":884,"stimulus":"images/Human/With_Backgrounds/difficulty4_image8.png","response":5,"category":"Human","background_difficulty":"4","image_path":"images/Human/With_Backgrounds/difficulty4_image8.png","trial_type":"image-button-response","trial_index":37,"time_elapsed":61755,"internal_node_id":"0.0-2.0-0.35"},{"rt":1743,"stimulus":"images/Other/With_Backgrounds/difficulty5_image0.png","response":7,"category":"Other","background_difficulty":"5","image_path":"images/Other/With_Backgrounds/difficulty5_image0.png","trial_type":"image-button-response","trial_index":38,"time_elapsed":63500,"internal_node_id":"0.0-2.0-0.36"},{"rt":989,"stimulus":"images/Other/With_Backgrounds/difficulty6_image7.png","response":7,"category":"Other","background_difficulty":"6","image_path":"images/Other/With_Backgrounds/difficulty6_image7.png","trial_type":"image-button-response","trial_index":39,"time_elapsed":64491,"internal_node_id":"0.0-2.0-0.37"},{"rt":1046,"stimulus":"images/Dog/With_Backgrounds/difficulty6_image6.png","response":4,"category":"Dog","background_difficulty":"6","image_path":"images/Dog/With_Backgrounds/difficulty6_image6.png","trial_type":"image-button-response","trial_index":40,"time_elapsed":65538,"internal_node_id":"0.0-2.0-0.38"},{"rt":1232,"stimulus":"images/Boat/With_Backgrounds/difficulty0_image9.png","response":0,"category":"Boat","background_difficulty":"0","image_path":"images/Boat/With_Backgrounds/difficulty0_image9.png","trial_type":"image-button-response","trial_index":41,"time_elapsed":66772,"internal_node_id":"0.0-2.0-0.39"},{"rt":1170,"stimulus":"images/Broccoli/With_Backgrounds/difficulty4_image8.png","response":1,"category":"Broccoli","background_difficulty":"4","image_path":"images/Broccoli/With_Backgrounds/difficulty4_image8.png","trial_type":"image-button-response","trial_index":42,"time_elapsed":67944,"internal_node_id":"0.0-2.0-0.40"},{"rt":2021,"stimulus":"images/Tree/With_Backgrounds/difficulty8_image3.png","response":6,"category":"Tree","background_difficulty":"8","image_path":"images/Tree/With_Backgrounds/difficulty8_image3.png","trial_type":"image-button-response","trial_index":43,"time_elapsed":69966,"internal_node_id":"0.0-2.0-0.41"},{"rt":1943,"stimulus":"images/Tree/With_Backgrounds/difficulty0_image4.png","response":6,"category":"Tree","background_difficulty":"0","image_path":"images/Tree/With_Backgrounds/difficulty0_image4.png","trial_type":"image-button-response","trial_index":44,"time_elapsed":71911,"internal_node_id":"0.0-2.0-0.42"},{"rt":750,"stimulus":"images/Human/With_Backgrounds/difficulty7_image1.png","response":5,"category":"Human","background_difficulty":"7","image_path":"images/Human/With_Backgrounds/difficulty7_image1.png","trial_type":"image-button-response","trial_index":45,"time_elapsed":72663,"internal_node_id":"0.0-2.0-0.43"},{"rt":947,"stimulus":"images/Tree/With_Backgrounds/difficulty3_image2.png","response":6,"category":"Tree","background_difficulty":"3","image_path":"images/Tree/With_Backgrounds/difficulty3_image2.png","trial_type":"image-button-response","trial_index":46,"time_elapsed":73612,"internal_node_id":"0.0-2.0-0.44"},{"rt":864,"stimulus":"images/Human/With_Backgrounds/difficulty6_image0.png","response":5,"category":"Human","background_difficulty":"6","image_path":"images/Human/With_Backgrounds/difficulty6_image0.png","trial_type":"image-button-response","trial_index":47,"time_elapsed":74478,"internal_node_id":"0.0-2.0-0.45"},{"rt":1457,"stimulus":"images/Dog/With_Backgrounds/difficulty5_image1.png","response":4,"category":"Dog","background_difficulty":"5","image_path":"images/Dog/With_Backgrounds/difficulty5_image1.png","trial_type":"image-button-response","trial_index":48,"time_elapsed":75937,"internal_node_id":"0.0-2.0-0.46"},{"rt":776,"stimulus":"images/Cat/With_Backgrounds/difficulty6_image5.png","response":3,"category":"Cat","background_difficulty":"6","image_path":"images/Cat/With_Backgrounds/difficulty6_image5.png","trial_type":"image-button-response","trial_index":49,"time_elapsed":76715,"internal_node_id":"0.0-2.0-0.47"},{"rt":848,"stimulus":"images/Human/With_Backgrounds/difficulty1_image6.png","response":5,"category":"Human","background_difficulty":"1","image_path":"images/Human/With_Backgrounds/difficulty1_image6.png","trial_type":"image-button-response","trial_index":50,"time_elapsed":77565,"internal_node_id":"0.0-2.0-0.48"},{"rt":1029,"stimulus":"images/Tree/With_Backgrounds/difficulty5_image0.png","response":6,"category":"Tree","background_difficulty":"5","image_path":"images/Tree/With_Backgrounds/difficulty5_image0.png","trial_type":"image-button-response","trial_index":51,"time_elapsed":78595,"internal_node_id":"0.0-2.0-0.49"},{"rt":1207,"stimulus":"images/Boat/With_Backgrounds/difficulty2_image7.png","response":0,"category":"Boat","background_difficulty":"2","image_path":"images/Boat/With_Backgrounds/difficulty2_image7.png","trial_type":"image-button-response","trial_index":52,"time_elapsed":79804,"internal_node_id":"0.0-2.0-0.50"},{"rt":998,"stimulus":"images/Dog/With_Backgrounds/difficulty4_image9.png","response":4,"category":"Dog","background_difficulty":"4","image_path":"images/Dog/With_Backgrounds/difficulty4_image9.png","trial_type":"image-button-response","trial_index":53,"time_elapsed":80804,"internal_node_id":"0.0-2.0-0.51"},{"rt":992,"stimulus":"images/Tree/With_Backgrounds/difficulty6_image5.png","response":6,"category":"Tree","background_difficulty":"6","image_path":"images/Tree/With_Backgrounds/difficulty6_image5.png","trial_type":"image-button-response","trial_index":54,"time_elapsed":81799,"internal_node_id":"0.0-2.0-0.52"},{"rt":2237,"stimulus":"images/Boat/With_Backgrounds/difficulty8_image3.png","response":0,"category":"Boat","background_difficulty":"8","image_path":"images/Boat/With_Backgrounds/difficulty8_image3.png","trial_type":"image-button-response","trial_index":55,"time_elapsed":84037,"internal_node_id":"0.0-2.0-0.53"},{"rt":1125,"stimulus":"images/Other/With_Backgrounds/difficulty7_image5.png","response":7,"category":"Other","background_difficulty":"7","image_path":"images/Other/With_Backgrounds/difficulty7_image5.png","trial_type":"image-button-response","trial_index":56,"time_elapsed":85164,"internal_node_id":"0.0-2.0-0.54"},{"rt":952,"stimulus":"images/Dog/With_Backgrounds/difficulty1_image8.png","response":4,"category":"Dog","background_difficulty":"1","image_path":"images/Dog/With_Backgrounds/difficulty1_image8.png","trial_type":"image-button-response","trial_index":57,"time_elapsed":86118,"internal_node_id":"0.0-2.0-0.55"},{"rt":840,"stimulus":"images/Human/With_Backgrounds/difficulty2_image2.png","response":5,"category":"Human","background_difficulty":"2","image_path":"images/Human/With_Backgrounds/difficulty2_image2.png","trial_type":"image-button-response","trial_index":58,"time_elapsed":86960,"internal_node_id":"0.0-2.0-0.56"},{"rt":1314,"stimulus":"images/Cat/With_Backgrounds/difficulty0_image0.png","response":3,"category":"Cat","background_difficulty":"0","image_path":"images/Cat/With_Backgrounds/difficulty0_image0.png","trial_type":"image-button-response","trial_index":59,"time_elapsed":88276,"internal_node_id":"0.0-2.0-0.57"},{"rt":1086,"stimulus":"images/Broccoli/With_Backgrounds/difficulty1_image1.png","response":1,"category":"Broccoli","background_difficulty":"1","image_path":"images/Broccoli/With_Backgrounds/difficulty1_image1.png","trial_type":"image-button-response","trial_index":60,"time_elapsed":89364,"internal_node_id":"0.0-2.0-0.58"},{"rt":1492,"stimulus":"images/Car/With_Backgrounds/difficulty1_image2.png","response":2,"category":"Car","background_difficulty":"1","image_path":"images/Car/With_Backgrounds/difficulty1_image2.png","trial_type":"image-button-response","trial_index":61,"time_elapsed":90858,"internal_node_id":"0.0-2.0-0.59"},{"rt":1003,"stimulus":"images/Broccoli/With_Backgrounds/difficulty0_image9.png","response":1,"category":"Broccoli","background_difficulty":"0","image_path":"images/Broccoli/With_Backgrounds/difficulty0_image9.png","trial_type":"image-button-response","trial_index":62,"time_elapsed":91863,"internal_node_id":"0.0-2.0-0.60"},{"rt":944,"stimulus":"images/Human/With_Backgrounds/difficulty8_image7.png","response":5,"category":"Human","background_difficulty":"8","image_path":"images/Human/With_Backgrounds/difficulty8_image7.png","trial_type":"image-button-response","trial_index":63,"time_elapsed":92809,"internal_node_id":"0.0-2.0-0.61"},{"rt":1035,"stimulus":"images/Broccoli/With_Backgrounds/difficulty2_image7.png","response":1,"category":"Broccoli","background_difficulty":"2","image_path":"images/Broccoli/With_Backgrounds/difficulty2_image7.png","trial_type":"image-button-response","trial_index":64,"time_elapsed":93846,"internal_node_id":"0.0-2.0-0.62"},{"rt":1150,"stimulus":"images/Dog/With_Backgrounds/difficulty0_image5.png","response":4,"category":"Dog","background_difficulty":"0","image_path":"images/Dog/With_Backgrounds/difficulty0_image5.png","trial_type":"image-button-response","trial_index":65,"time_elapsed":94998,"internal_node_id":"0.0-2.0-0.63"},{"rt":984,"stimulus":"images/Other/With_Backgrounds/difficulty2_image9.png","response":7,"category":"Other","background_difficulty":"2","image_path":"images/Other/With_Backgrounds/difficulty2_image9.png","trial_type":"image-button-response","trial_index":66,"time_elapsed":95984,"internal_node_id":"0.0-2.0-0.64"},{"rt":1161,"stimulus":"images/Boat/With_Backgrounds/difficulty7_image6.png","response":0,"category":"Boat","background_difficulty":"7","image_path":"images/Boat/With_Backgrounds/difficulty7_image6.png","trial_type":"image-button-response","trial_index":67,"time_elapsed":97147,"internal_node_id":"0.0-2.0-0.65"},{"rt":987,"stimulus":"images/Tree/With_Backgrounds/difficulty1_image7.png","response":6,"category":"Tree","background_difficulty":"1","image_path":"images/Tree/With_Backgrounds/difficulty1_image7.png","trial_type":"image-button-response","trial_index":68,"time_elapsed":98135,"internal_node_id":"0.0-2.0-0.66"},{"rt":763,"stimulus":"images/Tree/With_Backgrounds/difficulty4_image1.png","response":6,"category":"Tree","background_difficulty":"4","image_path":"images/Tree/With_Backgrounds/difficulty4_image1.png","trial_type":"image-button-response","trial_index":69,"time_elapsed":98900,"internal_node_id":"0.0-2.0-0.67"},{"rt":1143,"stimulus":"images/Broccoli/With_Backgrounds/difficulty5_image6.png","response":1,"category":"Broccoli","background_difficulty":"5","image_path":"images/Broccoli/With_Backgrounds/difficulty5_image6.png","trial_type":"image-button-response","trial_index":70,"time_elapsed":100045,"internal_node_id":"0.0-2.0-0.68"},{"rt":1043,"stimulus":"images/Boat/With_Backgrounds/difficulty1_image2.png","response":0,"category":"Boat","background_difficulty":"1","image_path":"images/Boat/With_Backgrounds/difficulty1_image2.png","trial_type":"image-button-response","trial_index":71,"time_elapsed":101090,"internal_node_id":"0.0-2.0-0.69"},{"rt":1001,"stimulus":"images/Dog/With_Backgrounds/difficulty2_image7.png","response":4,"category":"Dog","background_difficulty":"2","image_path":"images/Dog/With_Backgrounds/difficulty2_image7.png","trial_type":"image-button-response","trial_index":72,"time_elapsed":102092,"internal_node_id":"0.0-2.0-0.70"},{"rt":780,"stimulus":"images/Human/With_Backgrounds/difficulty3_image9.png","response":5,"category":"Human","background_difficulty":"3","image_path":"images/Human/With_Backgrounds/difficulty3_image9.png","trial_type":"image-button-response","trial_index":73,"time_elapsed":102875,"internal_node_id":"0.0-2.0-0.71"},{"rt":1245,"stimulus":["<h2>Press the button below to end experiment.</h2><p>Thank you for participating!</p>"],"response":0,"trial_type":"html-button-response","trial_index":74,"time_elapsed":104123,"internal_node_id":"0.0-3.0"}]