[{"success":true,"timeout":false,"failed_images":[],"failed_audio":[],"failed_video":[],"trial_type":"preload","trial_index":0,"time_elapsed":2597,"internal_node_id":"0.0-0.0"},{"rt":134107,"stimulus":["<h2>Noisy background image classification</h2><p>In this experiment you will briefly see images on top of colored squares of various sizes.</p><p>Your task is to report what each image is, selecting \"None of the Above\" if none of the given options are correct.</p> <p>The possible options are <strong>Boat</strong>, <strong>Broccoli</strong>, <strong>Car</strong>, <strong>Cat</strong>, <strong>Dog</strong>, <strong>Human</strong>, <strong>Tree</strong>, and <strong>None of the Above</strong>"],"response":0,"trial_type":"html-button-response","trial_index":1,"time_elapsed":136700,"internal_node_id":"0.0-1.0"},{"rt":3928,"stimulus":"images/Boat/With_Backgrounds/difficulty6_image9.png","response":0,"category":"Boat","background_difficulty":"6","image_path":"images/Boat/With_Backgrounds/difficulty6_image9.png","trial_type":"image-button-response","trial_index":2,"time_elapsed":140633,"internal_node_id":"0.0-2.0-0.0"},{"rt":1664,"stimulus":"images/Broccoli/With_Backgrounds/difficulty7_image7.png","response":1,"category":"Broccoli","background_difficulty":"7","image_path":"images/Broccoli/With_Backgrounds/difficulty7_image7.png","trial_type":"image-button-response","trial_index":3,"time_elapsed":142300,"internal_node_id":"0.0-2.0-0.1"},{"rt":1580,"stimulus":"images/Car/With_Backgrounds/difficulty0_image4.png","response":2,"category":"Car","background_difficulty":"0","image_path":"images/Car/With_Backgrounds/difficulty0_image4.png","trial_type":"image-button-response","trial_index":4,"time_elapsed":143882,"internal_node_id":"0.0-2.0-0.2"},{"rt":1247,"stimulus":"images/Car/With_Backgrounds/difficulty7_image2.png","response":2,"category":"Car","background_difficulty":"7","image_path":"images/Car/With_Backgrounds/difficulty7_image2.png","trial_type":"image-button-response","trial_index":5,"time_elapsed":145132,"internal_node_id":"0.0-2.0-0.3"},{"rt":1797,"stimulus":"images/Car/With_Backgrounds/difficulty1_image9.png","response":2,"category":"Car","background_difficulty":"1","image_path":"images/Car/With_Backgrounds/difficulty1_image9.png","trial_type":"image-button-response","trial_index":6,"time_elapsed":146932,"internal_node_id":"0.0-2.0-0.4"},{"rt":4849,"stimulus":"images/Other/With_Backgrounds/difficulty7_image4.png","response":7,"category":"Other","background_difficulty":"7","image_path":"images/Other/With_Backgrounds/difficulty7_image4.png","trial_type":"image-button-response","trial_index":7,"time_elapsed":151783,"internal_node_id":"0.0-2.0-0.5"},{"rt":2047,"stimulus":"images/Car/With_Backgrounds/difficulty4_image3.png","response":2,"category":"Car","background_difficulty":"4","image_path":"images/Car/With_Backgrounds/difficulty4_image3.png","trial_type":"image-button-response","trial_index":8,"time_elapsed":153833,"internal_node_id":"0.0-2.0-0.6"},{"rt":1531,"stimulus":"images/Tree/With_Backgrounds/difficulty2_image6.png","response":6,"category":"Tree","background_difficulty":"2","image_path":"images/Tree/With_Backgrounds/difficulty2_image6.png","trial_type":"image-button-response","trial_index":9,"time_elapsed":155366,"internal_node_id":"0.0-2.0-0.7"},{"rt":1128,"stimulus":"images/Tree/With_Backgrounds/difficulty8_image8.png","response":6,"category":"Tree","background_difficulty":"8","image_path":"images/Tree/With_Backgrounds/difficulty8_image8.png","trial_type":"image-button-response","trial_index":10,"time_elapsed":156497,"internal_node_id":"0.0-2.0-0.8"},{"rt":2182,"stimulus":"images/Boat/With_Backgrounds/difficulty2_image0.png","response":0,"category":"Boat","background_difficulty":"2","image_path":"images/Boat/With_Backgrounds/difficulty2_image0.png","trial_type":"image-button-response","trial_index":11,"time_elapsed":158682,"internal_node_id":"0.0-2.0-0.9"},{"rt":1848,"stimulus":"images/Car/With_Backgrounds/difficulty3_image5.png","response":2,"category":"Car","background_difficulty":"3","image_path":"images/Car/With_Backgrounds/difficulty3_image5.png","trial_type":"image-button-response","trial_index":12,"time_elapsed":160532,"internal_node_id":"0.0-2.0-0.10"},{"rt":1664,"stimulus":"images/Broccoli/With_Backgrounds/difficulty0_image4.png","response":1,"category":"Broccoli","background_difficulty":"0","image_path":"images/Broccoli/With_Backgrounds/difficulty0_image4.png","trial_type":"image-button-response","trial_index":13,"time_elapsed":162198,"internal_node_id":"0.0-2.0-0.11"},{"rt":2314,"stimulus":"images/Boat/With_Backgrounds/difficulty0_image6.png","response":0,"category":"Boat","background_difficulty":"0","image_path":"images/Boat/With_Backgrounds/difficulty0_image6.png","trial_type":"image-button-response","trial_index":14,"time_elapsed":164515,"internal_node_id":"0.0-2.0-0.12"},{"rt":2548,"stimulus":"images/Other/With_Backgrounds/difficulty4_image6.png","response":7,"category":"Other","background_difficulty":"4","image_path":"images/Other/With_Backgrounds/difficulty4_image6.png","trial_type":"image-button-response","trial_index":15,"time_elapsed":167065,"internal_node_id":"0.0-2.0-0.13"},{"rt":1815,"stimulus":"images/Cat/With_Backgrounds/difficulty1_image4.png","response":3,"category":"Cat","background_difficulty":"1","image_path":"images/Cat/With_Backgrounds/difficulty1_image4.png","trial_type":"image-button-response","trial_index":16,"time_elapsed":168882,"internal_node_id":"0.0-2.0-0.14"},{"rt":1714,"stimulus":"images/Boat/With_Backgrounds/difficulty3_image7.png","response":0,"category":"Boat","background_difficulty":"3","image_path":"images/Boat/With_Backgrounds/difficulty3_image7.png","trial_type":"image-button-response","trial_index":17,"time_elapsed":170598,"internal_node_id":"0.0-2.0-0.15"},{"rt":1232,"stimulus":"images/Broccoli/With_Backgrounds/difficulty1_image2.png","response":1,"category":"Broccoli","background_difficulty":"1","image_path":"images/Broccoli/With_Backgrounds/difficulty1_image2.png","trial_type":"image-button-response","trial_index":18,"time_elapsed":171833,"internal_node_id":"0.0-2.0-0.16"},{"rt":1480,"stimulus":"images/Cat/With_Backgrounds/difficulty4_image1.png","response":3,"category":"Cat","background_difficulty":"4","image_path":"images/Cat/With_Backgrounds/difficulty4_image1.png","trial_type":"image-button-response","trial_index":19,"time_elapsed":173315,"internal_node_id":"0.0-2.0-0.17"},{"rt":981,"stimulus":"images/Cat/With_Backgrounds/difficulty6_image5.png","response":3,"category":"Cat","background_difficulty":"6","image_path":"images/Cat/With_Backgrounds/difficulty6_image5.png","trial_type":"image-button-response","trial_index":20,"time_elapsed":174298,"internal_node_id":"0.0-2.0-0.18"},{"rt":1431,"stimulus":"images/Dog/With_Backgrounds/difficulty5_image8.png","response":4,"category":"Dog","background_difficulty":"5","image_path":"images/Dog/With_Backgrounds/difficulty5_image8.png","trial_type":"image-button-response","trial_index":21,"time_elapsed":175732,"internal_node_id":"0.0-2.0-0.19"},{"rt":1148,"stimulus":"images/Human/With_Backgrounds/difficulty2_image3.png","response":5,"category":"Human","background_difficulty":"2","image_path":"images/Human/With_Backgrounds/difficulty2_image3.png","trial_type":"image-button-response","trial_index":22,"time_elapsed":176882,"internal_node_id":"0.0-2.0-0.20"},{"rt":1014,"stimulus":"images/Human/With_Backgrounds/difficulty5_image0.png","response":5,"category":"Human","background_difficulty":"5","image_path":"images/Human/With_Backgrounds/difficulty5_image0.png","trial_type":"image-button-response","trial_index":23,"time_elapsed":177898,"internal_node_id":"0.0-2.0-0.21"},{"rt":1650,"stimulus":"images/Boat/With_Backgrounds/difficulty7_image5.png","response":0,"category":"Boat","background_difficulty":"7","image_path":"images/Boat/With_Backgrounds/difficulty7_image5.png","trial_type":"image-button-response","trial_index":24,"time_elapsed":179549,"internal_node_id":"0.0-2.0-0.22"},{"rt":1713,"stimulus":"images/Tree/With_Backgrounds/difficulty0_image5.png","response":6,"category":"Tree","background_difficulty":"0","image_path":"images/Tree/With_Backgrounds/difficulty0_image5.png","trial_type":"image-button-response","trial_index":25,"time_elapsed":181265,"internal_node_id":"0.0-2.0-0.23"},{"rt":931,"stimulus":"images/Tree/With_Backgrounds/difficulty1_image4.png","response":6,"category":"Tree","background_difficulty":"1","image_path":"images/Tree/With_Backgrounds/difficulty1_image4.png","trial_type":"image-button-response","trial_index":26,"time_elapsed":182198,"internal_node_id":"0.0-2.0-0.24"},{"rt":2214,"stimulus":"images/Car/With_Backgrounds/difficulty5_image1.png","response":2,"category":"Car","background_difficulty":"5","image_path":"images/Car/With_Backgrounds/difficulty5_image1.png","trial_type":"image-button-response","trial_index":27,"time_elapsed":184415,"internal_node_id":"0.0-2.0-0.25"},{"rt":2065,"stimulus":"images/Boat/With_Backgrounds/difficulty5_image3.png","response":0,"category":"Boat","background_difficulty":"5","image_path":"images/Boat/With_Backgrounds/difficulty5_image3.png","trial_type":"image-button-response","trial_index":28,"time_elapsed":186482,"internal_node_id":"0.0-2.0-0.26"},{"rt":1430,"stimulus":"images/Human/With_Backgrounds/difficulty7_image6.png","response":5,"category":"Human","background_difficulty":"7","image_path":"images/Human/With_Backgrounds/difficulty7_image6.png","trial_type":"image-button-response","trial_index":29,"time_elapsed":187915,"internal_node_id":"0.0-2.0-0.27"},{"rt":1148,"stimulus":"images/Tree/With_Backgrounds/difficulty3_image0.png","response":6,"category":"Tree","background_difficulty":"3","image_path":"images/Tree/With_Backgrounds/difficulty3_image0.png","trial_type":"image-button-response","trial_index":30,"time_elapsed":189065,"internal_node_id":"0.0-2.0-0.28"},{"rt":1265,"stimulus":"images/Human/With_Backgrounds/difficulty3_image9.png","response":5,"category":"Human","background_difficulty":"3","image_path":"images/Human/With_Backgrounds/difficulty3_image9.png","trial_type":"image-button-response","trial_index":31,"time_elapsed":190333,"internal_node_id":"0.0-2.0-0.29"},{"rt":1846,"stimulus":"images/Cat/With_Backgrounds/difficulty5_image6.png","response":3,"category":"Cat","background_difficulty":"5","image_path":"images/Cat/With_Backgrounds/difficulty5_image6.png","trial_type":"image-button-response","trial_index":32,"time_elapsed":192182,"internal_node_id":"0.0-2.0-0.30"},{"rt":1881,"stimulus":"images/Other/With_Backgrounds/difficulty0_image7.png","response":7,"category":"Other","background_difficulty":"0","image_path":"images/Other/With_Backgrounds/difficulty0_image7.png","trial_type":"image-button-response","trial_index":33,"time_elapsed":194065,"internal_node_id":"0.0-2.0-0.31"},{"rt":1582,"stimulus":"images/Other/With_Backgrounds/difficulty3_image1.png","response":7,"category":"Other","background_difficulty":"3","image_path":"images/Other/With_Backgrounds/difficulty3_image1.png","trial_type":"image-button-response","trial_index":34,"time_elapsed":195650,"internal_node_id":"0.0-2.0-0.32"},{"rt":1347,"stimulus":"images/Car/With_Backgrounds/difficulty8_image8.png","response":2,"category":"Car","background_difficulty":"8","image_path":"images/Car/With_Backgrounds/difficulty8_image8.png","trial_type":"image-button-response","trial_index":35,"time_elapsed":196999,"internal_node_id":"0.0-2.0-0.33"},{"rt":1330,"stimulus":"images/Human/With_Backgrounds/difficulty6_image4.png","response":5,"category":"Human","background_difficulty":"6","image_path":"images/Human/With_Backgrounds/difficulty6_image4.png","trial_type":"image-button-response","trial_index":36,"time_elapsed":198331,"internal_node_id":"0.0-2.0-0.34"},{"rt":1899,"stimulus":"images/Boat/With_Backgrounds/difficulty8_image8.png","response":0,"category":"Boat","background_difficulty":"8","image_path":"images/Boat/With_Backgrounds/difficulty8_image8.png","trial_type":"image-button-response","trial_index":37,"time_elapsed":200233,"internal_node_id":"0.0-2.0-0.35"},{"rt":1147,"stimulus":"images/Tree/With_Backgrounds/difficulty7_image3.png","response":6,"category":"Tree","background_difficulty":"7","image_path":"images/Tree/With_Backgrounds/difficulty7_image3.png","trial_type":"image-button-response","trial_index":38,"time_elapsed":201383,"internal_node_id":"0.0-2.0-0.36"},{"rt":2097,"stimulus":"images/Other/With_Backgrounds/difficulty6_image2.png","response":7,"category":"Other","background_difficulty":"6","image_path":"images/Other/With_Backgrounds/difficulty6_image2.png","trial_type":"image-button-response","trial_index":39,"time_elapsed":203482,"internal_node_id":"0.0-2.0-0.37"},{"rt":1430,"stimulus":"images/Broccoli/With_Backgrounds/difficulty4_image3.png","response":1,"category":"Broccoli","background_difficulty":"4","image_path":"images/Broccoli/With_Backgrounds/difficulty4_image3.png","trial_type":"image-button-response","trial_index":40,"time_elapsed":204915,"internal_node_id":"0.0-2.0-0.38"},{"rt":1181,"stimulus":"images/Dog/With_Backgrounds/difficulty6_image9.png","response":4,"category":"Dog","background_difficulty":"6","image_path":"images/Dog/With_Backgrounds/difficulty6_image9.png","trial_type":"image-button-response","trial_index":41,"time_elapsed":206098,"internal_node_id":"0.0-2.0-0.39"},{"rt":2116,"stimulus":"images/Cat/With_Backgrounds/difficulty7_image3.png","response":3,"category":"Cat","background_difficulty":"7","image_path":"images/Cat/With_Backgrounds/difficulty7_image3.png","trial_type":"image-button-response","trial_index":42,"time_elapsed":208216,"internal_node_id":"0.0-2.0-0.40"},{"rt":1030,"stimulus":"images/Cat/With_Backgrounds/difficulty8_image7.png","response":3,"category":"Cat","background_difficulty":"8","image_path":"images/Cat/With_Backgrounds/difficulty8_image7.png","trial_type":"image-button-response","trial_index":43,"time_elapsed":209248,"internal_node_id":"0.0-2.0-0.41"},{"rt":1464,"stimulus":"images/Tree/With_Backgrounds/difficulty4_image1.png","response":6,"category":"Tree","background_difficulty":"4","image_path":"images/Tree/With_Backgrounds/difficulty4_image1.png","trial_type":"image-button-response","trial_index":44,"time_elapsed":210715,"internal_node_id":"0.0-2.0-0.42"},{"rt":2115,"stimulus":"images/Dog/With_Backgrounds/difficulty8_image5.png","response":4,"category":"Dog","background_difficulty":"8","image_path":"images/Dog/With_Backgrounds/difficulty8_image5.png","trial_type":"image-button-response","trial_index":45,"time_elapsed":212832,"internal_node_id":"0.0-2.0-0.43"},{"rt":1531,"stimulus":"images/Human/With_Backgrounds/difficulty4_image8.png","response":5,"category":"Human","background_difficulty":"4","image_path":"images/Human/With_Backgrounds/difficulty4_image8.png","trial_type":"image-button-response","trial_index":46,"time_elapsed":214365,"internal_node_id":"0.0-2.0-0.44"},{"rt":1631,"stimulus":"images/Boat/With_Backgrounds/difficulty1_image1.png","response":0,"category":"Boat","background_difficulty":"1","image_path":"images/Boat/With_Backgrounds/difficulty1_image1.png","trial_type":"image-button-response","trial_index":47,"time_elapsed":215998,"internal_node_id":"0.0-2.0-0.45"},{"rt":1382,"stimulus":"images/Cat/With_Backgrounds/difficulty2_image2.png","response":2,"category":"Cat","background_difficulty":"2","image_path":"images/Cat/With_Backgrounds/difficulty2_image2.png","trial_type":"image-button-response","trial_index":48,"time_elapsed":217383,"internal_node_id":"0.0-2.0-0.46"},{"rt":1130,"stimulus":"images/Broccoli/With_Backgrounds/difficulty6_image8.png","response":1,"category":"Broccoli","background_difficulty":"6","image_path":"images/Broccoli/With_Backgrounds/difficulty6_image8.png","trial_type":"image-button-response","trial_index":49,"time_elapsed":218515,"internal_node_id":"0.0-2.0-0.47"},{"rt":1864,"stimulus":"images/Dog/With_Backgrounds/difficulty1_image1.png","response":4,"category":"Dog","background_difficulty":"1","image_path":"images/Dog/With_Backgrounds/difficulty1_image1.png","trial_type":"image-button-response","trial_index":50,"time_elapsed":220382,"internal_node_id":"0.0-2.0-0.48"},{"rt":1231,"stimulus":"images/Broccoli/With_Backgrounds/difficulty5_image5.png","response":1,"category":"Broccoli","background_difficulty":"5","image_path":"images/Broccoli/With_Backgrounds/difficulty5_image5.png","trial_type":"image-button-response","trial_index":51,"time_elapsed":221615,"internal_node_id":"0.0-2.0-0.49"},{"rt":1997,"stimulus":"images/Dog/With_Backgrounds/difficulty7_image7.png","response":4,"category":"Dog","background_difficulty":"7","image_path":"images/Dog/With_Backgrounds/difficulty7_image7.png","trial_type":"image-button-response","trial_index":52,"time_elapsed":223615,"internal_node_id":"0.0-2.0-0.50"},{"rt":1413,"stimulus":"images/Other/With_Backgrounds/difficulty1_image9.png","response":7,"category":"Other","background_difficulty":"1","image_path":"images/Other/With_Backgrounds/difficulty1_image9.png","trial_type":"image-button-response","trial_index":53,"time_elapsed":225032,"internal_node_id":"0.0-2.0-0.51"},{"rt":1163,"stimulus":"images/Car/With_Backgrounds/difficulty2_image6.png","response":2,"category":"Car","background_difficulty":"2","image_path":"images/Car/With_Backgrounds/difficulty2_image6.png","trial_type":"image-button-response","trial_index":54,"time_elapsed":226198,"internal_node_id":"0.0-2.0-0.52"},{"rt":1865,"stimulus":"images/Human/With_Backgrounds/difficulty1_image2.png","response":5,"category":"Human","background_difficulty":"1","image_path":"images/Human/With_Backgrounds/difficulty1_image2.png","trial_type":"image-button-response","trial_index":55,"time_elapsed":228066,"internal_node_id":"0.0-2.0-0.53"},{"rt":1797,"stimulus":"images/Cat/With_Backgrounds/difficulty3_image9.png","response":3,"category":"Cat","background_difficulty":"3","image_path":"images/Cat/With_Backgrounds/difficulty3_image9.png","trial_type":"image-button-response","trial_index":56,"time_elapsed":229866,"internal_node_id":"0.0-2.0-0.54"},{"rt":2295,"stimulus":"images/Dog/With_Backgrounds/difficulty2_image4.png","response":4,"category":"Dog","background_difficulty":"2","image_path":"images/Dog/With_Backgrounds/difficulty2_image4.png","trial_type":"image-button-response","trial_index":57,"time_elapsed":232163,"internal_node_id":"0.0-2.0-0.55"},{"rt":1218,"stimulus":"images/Broccoli/With_Backgrounds/difficulty2_image1.png","response":1,"category":"Broccoli","background_difficulty":"2","image_path":"images/Broccoli/With_Backgrounds/difficulty2_image1.png","trial_type":"image-button-response","trial_index":58,"time_elapsed":233382,"internal_node_id":"0.0-2.0-0.56"},{"rt":1498,"stimulus":"images/Tree/With_Backgrounds/difficulty6_image9.png","response":6,"category":"Tree","background_difficulty":"6","image_path":"images/Tree/With_Backgrounds/difficulty6_image9.png","trial_type":"image-button-response","trial_index":59,"time_elapsed":234883,"internal_node_id":"0.0-2.0-0.57"},{"rt":1130,"stimulus":"images/Broccoli/With_Backgrounds/difficulty8_image6.png","response":1,"category":"Broccoli","background_difficulty":"8","image_path":"images/Broccoli/With_Backgrounds/difficulty8_image6.png","trial_type":"image-button-response","trial_index":60,"time_elapsed":236015,"internal_node_id":"0.0-2.0-0.58"},{"rt":2147,"stimulus":"images/Boat/With_Backgrounds/difficulty4_image4.png","response":0,"category":"Boat","background_difficulty":"4","image_path":"images/Boat/With_Backgrounds/difficulty4_image4.png","trial_type":"image-button-response","trial_index":61,"time_elapsed":238164,"internal_node_id":"0.0-2.0-0.59"},{"rt":1498,"stimulus":"images/Cat/With_Backgrounds/difficulty0_image8.png","response":3,"category":"Cat","background_difficulty":"0","image_path":"images/Cat/With_Backgrounds/difficulty0_image8.png","trial_type":"image-button-response","trial_index":62,"time_elapsed":239665,"internal_node_id":"0.0-2.0-0.60"},{"rt":1965,"stimulus":"images/Other/With_Backgrounds/difficulty8_image3.png","response":7,"category":"Other","background_difficulty":"8","image_path":"images/Other/With_Backgrounds/difficulty8_image3.png","trial_type":"image-button-response","trial_index":63,"time_elapsed":241632,"internal_node_id":"0.0-2.0-0.61"},{"rt":1614,"stimulus":"images/Dog/With_Backgrounds/difficulty4_image3.png","response":4,"category":"Dog","background_difficulty":"4","image_path":"images/Dog/With_Backgrounds/difficulty4_image3.png","trial_type":"image-button-response","trial_index":64,"time_elapsed":243248,"internal_node_id":"0.0-2.0-0.62"},{"rt":2182,"stimulus":"images/Car/With_Backgrounds/difficulty6_image0.png","response":2,"category":"Car","background_difficulty":"6","image_path":"images/Car/With_Backgrounds/difficulty6_image0.png","trial_type":"image-button-response","trial_index":65,"time_elapsed":245432,"internal_node_id":"0.0-2.0-0.63"},{"rt":1097,"stimulus":"images/Dog/With_Backgrounds/difficulty3_image6.png","response":4,"category":"Dog","background_difficulty":"3","image_path":"images/Dog/With_Backgrounds/difficulty3_image6.png","trial_type":"image-button-response","trial_index":66,"time_elapsed":246532,"internal_node_id":"0.0-2.0-0.64"},{"rt":1413,"stimulus":"images/Human/With_Backgrounds/difficulty8_image1.png","response":5,"category":"Human","background_difficulty":"8","image_path":"images/Human/With_Backgrounds/difficulty8_image1.png","trial_type":"image-button-response","trial_index":67,"time_elapsed":247948,"internal_node_id":"0.0-2.0-0.65"},{"rt":1381,"stimulus":"images/Dog/With_Backgrounds/difficulty0_image2.png","response":4,"category":"Dog","background_difficulty":"0","image_path":"images/Dog/With_Backgrounds/difficulty0_image2.png","trial_type":"image-button-response","trial_index":68,"time_elapsed":249332,"internal_node_id":"0.0-2.0-0.66"},{"rt":1798,"stimulus":"images/Other/With_Backgrounds/difficulty5_image0.png","response":7,"category":"Other","background_difficulty":"5","image_path":"images/Other/With_Backgrounds/difficulty5_image0.png","trial_type":"image-button-response","trial_index":69,"time_elapsed":251132,"internal_node_id":"0.0-2.0-0.67"},{"rt":1380,"stimulus":"images/Other/With_Backgrounds/difficulty2_image8.png","response":7,"category":"Other","background_difficulty":"2","image_path":"images/Other/With_Backgrounds/difficulty2_image8.png","trial_type":"image-button-response","trial_index":70,"time_elapsed":252515,"internal_node_id":"0.0-2.0-0.68"},{"rt":1131,"stimulus":"images/Tree/With_Backgrounds/difficulty5_image7.png","response":6,"category":"Tree","background_difficulty":"5","image_path":"images/Tree/With_Backgrounds/difficulty5_image7.png","trial_type":"image-button-response","trial_index":71,"time_elapsed":253648,"internal_node_id":"0.0-2.0-0.69"},{"rt":998,"stimulus":"images/Human/With_Backgrounds/difficulty0_image7.png","response":5,"category":"Human","background_difficulty":"0","image_path":"images/Human/With_Backgrounds/difficulty0_image7.png","trial_type":"image-button-response","trial_index":72,"time_elapsed":254648,"internal_node_id":"0.0-2.0-0.70"},{"rt":1462,"stimulus":"images/Broccoli/With_Backgrounds/difficulty3_image0.png","response":1,"category":"Broccoli","background_difficulty":"3","image_path":"images/Broccoli/With_Backgrounds/difficulty3_image0.png","trial_type":"image-button-response","trial_index":73,"time_elapsed":256113,"internal_node_id":"0.0-2.0-0.71"},{"rt":1802,"stimulus":["<h2>Press the button below to end experiment.</h2><p>Thank you for participating!</p>"],"response":0,"trial_type":"html-button-response","trial_index":74,"time_elapsed":257915,"internal_node_id":"0.0-3.0"}]