[{"success":true,"timeout":false,"failed_images":[],"failed_audio":[],"failed_video":[],"trial_type":"preload","trial_index":0,"time_elapsed":1843,"internal_node_id":"0.0-0.0"},{"rt":1317,"stimulus":["<h2>Noisy background image classification</h2><p>In this experiment you will briefly see images on top of colored squares of various sizes.</p><p>Your task is to report what each image is, selecting \"None of the Above\" if none of the given options are correct.</p> <p>The possible options are <strong>Boat</strong>, <strong>Broccoli</strong>, <strong>Car</strong>, <strong>Cat</strong>, <strong>Dog</strong>, <strong>Human</strong>, <strong>Tree</strong>, and <strong>None of the Above</strong>"],"response":0,"trial_type":"html-button-response","trial_index":1,"time_elapsed":3160,"internal_node_id":"0.0-1.0"},{"rt":3681,"stimulus":"images/Cat/With_Backgrounds/difficulty4_image2.png","response":3,"category":"Cat","background_difficulty":"4","image_path":"images/Cat/With_Backgrounds/difficulty4_image2.png","trial_type":"image-button-response","trial_index":2,"time_elapsed":6844,"internal_node_id":"0.0-2.0-0.0"},{"rt":14922,"stimulus":"images/Other/With_Backgrounds/difficulty2_image2.png","response":7,"category":"Other","background_difficulty":"2","image_path":"images/Other/With_Backgrounds/difficulty2_image2.png","trial_type":"image-button-response","trial_index":3,"time_elapsed":21768,"internal_node_id":"0.0-2.0-0.1"},{"rt":1754,"stimulus":"images/Cat/With_Backgrounds/difficulty8_image5.png","response":3,"category":"Cat","background_difficulty":"8","image_path":"images/Cat/With_Backgrounds/difficulty8_image5.png","trial_type":"image-button-response","trial_index":4,"time_elapsed":23524,"internal_node_id":"0.0-2.0-0.2"},{"rt":1245,"stimulus":"images/Dog/With_Backgrounds/difficulty5_image5.png","response":4,"category":"Dog","background_difficulty":"5","image_path":"images/Dog/With_Backgrounds/difficulty5_image5.png","trial_type":"image-button-response","trial_index":5,"time_elapsed":24770,"internal_node_id":"0.0-2.0-0.3"},{"rt":1239,"stimulus":"images/Cat/With_Backgrounds/difficulty7_image3.png","response":3,"category":"Cat","background_difficulty":"7","image_path":"images/Cat/With_Backgrounds/difficulty7_image3.png","trial_type":"image-button-response","trial_index":6,"time_elapsed":26010,"internal_node_id":"0.0-2.0-0.4"},{"rt":1257,"stimulus":"images/Human/With_Backgrounds/difficulty5_image6.png","response":5,"category":"Human","background_difficulty":"5","image_path":"images/Human/With_Backgrounds/difficulty5_image6.png","trial_type":"image-button-response","trial_index":7,"time_elapsed":27268,"internal_node_id":"0.0-2.0-0.5"},{"rt":1605,"stimulus":"images/Broccoli/With_Backgrounds/difficulty8_image8.png","response":1,"category":"Broccoli","background_difficulty":"8","image_path":"images/Broccoli/With_Backgrounds/difficulty8_image8.png","trial_type":"image-button-response","trial_index":8,"time_elapsed":28874,"internal_node_id":"0.0-2.0-0.6"},{"rt":1061,"stimulus":"images/Dog/With_Backgrounds/difficulty3_image0.png","response":4,"category":"Dog","background_difficulty":"3","image_path":"images/Dog/With_Backgrounds/difficulty3_image0.png","trial_type":"image-button-response","trial_index":9,"time_elapsed":29936,"internal_node_id":"0.0-2.0-0.7"},{"rt":2007,"stimulus":"images/Tree/With_Backgrounds/difficulty5_image3.png","response":6,"category":"Tree","background_difficulty":"5","image_path":"images/Tree/With_Backgrounds/difficulty5_image3.png","trial_type":"image-button-response","trial_index":10,"time_elapsed":31944,"internal_node_id":"0.0-2.0-0.8"},{"rt":1479,"stimulus":"images/Car/With_Backgrounds/difficulty4_image3.png","response":2,"category":"Car","background_difficulty":"4","image_path":"images/Car/With_Backgrounds/difficulty4_image3.png","trial_type":"image-button-response","trial_index":11,"time_elapsed":33424,"internal_node_id":"0.0-2.0-0.9"},{"rt":1825,"stimulus":"images/Other/With_Backgrounds/difficulty1_image7.png","response":7,"category":"Other","background_difficulty":"1","image_path":"images/Other/With_Backgrounds/difficulty1_image7.png","trial_type":"image-button-response","trial_index":12,"time_elapsed":35251,"internal_node_id":"0.0-2.0-0.10"},{"rt":1794,"stimulus":"images/Broccoli/With_Backgrounds/difficulty4_image3.png","response":1,"category":"Broccoli","background_difficulty":"4","image_path":"images/Broccoli/With_Backgrounds/difficulty4_image3.png","trial_type":"image-button-response","trial_index":13,"time_elapsed":37046,"internal_node_id":"0.0-2.0-0.11"},{"rt":965,"stimulus":"images/Cat/With_Backgrounds/difficulty6_image7.png","response":3,"category":"Cat","background_difficulty":"6","image_path":"images/Cat/With_Backgrounds/difficulty6_image7.png","trial_type":"image-button-response","trial_index":14,"time_elapsed":38012,"internal_node_id":"0.0-2.0-0.12"},{"rt":1093,"stimulus":"images/Dog/With_Backgrounds/difficulty0_image9.png","response":4,"category":"Dog","background_difficulty":"0","image_path":"images/Dog/With_Backgrounds/difficulty0_image9.png","trial_type":"image-button-response","trial_index":15,"time_elapsed":39106,"internal_node_id":"0.0-2.0-0.13"},{"rt":849,"stimulus":"images/Human/With_Backgrounds/difficulty8_image0.png","response":5,"category":"Human","background_difficulty":"8","image_path":"images/Human/With_Backgrounds/difficulty8_image0.png","trial_type":"image-button-response","trial_index":16,"time_elapsed":39956,"internal_node_id":"0.0-2.0-0.14"},{"rt":913,"stimulus":"images/Dog/With_Backgrounds/difficulty1_image8.png","response":4,"category":"Dog","background_difficulty":"1","image_path":"images/Dog/With_Backgrounds/difficulty1_image8.png","trial_type":"image-button-response","trial_index":17,"time_elapsed":40870,"internal_node_id":"0.0-2.0-0.15"},{"rt":2223,"stimulus":"images/Boat/With_Backgrounds/difficulty7_image7.png","response":0,"category":"Boat","background_difficulty":"7","image_path":"images/Boat/With_Backgrounds/difficulty7_image7.png","trial_type":"image-button-response","trial_index":18,"time_elapsed":43094,"internal_node_id":"0.0-2.0-0.16"},{"rt":2059,"stimulus":"images/Human/With_Backgrounds/difficulty0_image9.png","response":5,"category":"Human","background_difficulty":"0","image_path":"images/Human/With_Backgrounds/difficulty0_image9.png","trial_type":"image-button-response","trial_index":19,"time_elapsed":45155,"internal_node_id":"0.0-2.0-0.17"},{"rt":2886,"stimulus":"images/Dog/With_Backgrounds/difficulty8_image6.png","response":4,"category":"Dog","background_difficulty":"8","image_path":"images/Dog/With_Backgrounds/difficulty8_image6.png","trial_type":"image-button-response","trial_index":20,"time_elapsed":48042,"internal_node_id":"0.0-2.0-0.18"},{"rt":1052,"stimulus":"images/Human/With_Backgrounds/difficulty2_image1.png","response":5,"category":"Human","background_difficulty":"2","image_path":"images/Human/With_Backgrounds/difficulty2_image1.png","trial_type":"image-button-response","trial_index":21,"time_elapsed":49095,"internal_node_id":"0.0-2.0-0.19"},{"rt":1154,"stimulus":"images/Boat/With_Backgrounds/difficulty2_image5.png","response":0,"category":"Boat","background_difficulty":"2","image_path":"images/Boat/With_Backgrounds/difficulty2_image5.png","trial_type":"image-button-response","trial_index":22,"time_elapsed":50250,"internal_node_id":"0.0-2.0-0.20"},{"rt":1209,"stimulus":"images/Tree/With_Backgrounds/difficulty6_image7.png","response":6,"category":"Tree","background_difficulty":"6","image_path":"images/Tree/With_Backgrounds/difficulty6_image7.png","trial_type":"image-button-response","trial_index":23,"time_elapsed":51460,"internal_node_id":"0.0-2.0-0.21"},{"rt":1538,"stimulus":"images/Car/With_Backgrounds/difficulty8_image9.png","response":2,"category":"Car","background_difficulty":"8","image_path":"images/Car/With_Backgrounds/difficulty8_image9.png","trial_type":"image-button-response","trial_index":24,"time_elapsed":52999,"internal_node_id":"0.0-2.0-0.22"},{"rt":1440,"stimulus":"images/Dog/With_Backgrounds/difficulty7_image1.png","response":4,"category":"Dog","background_difficulty":"7","image_path":"images/Dog/With_Backgrounds/difficulty7_image1.png","trial_type":"image-button-response","trial_index":25,"time_elapsed":54440,"internal_node_id":"0.0-2.0-0.23"},{"rt":1513,"stimulus":"images/Broccoli/With_Backgrounds/difficulty7_image6.png","response":1,"category":"Broccoli","background_difficulty":"7","image_path":"images/Broccoli/With_Backgrounds/difficulty7_image6.png","trial_type":"image-button-response","trial_index":26,"time_elapsed":55954,"internal_node_id":"0.0-2.0-0.24"},{"rt":1320,"stimulus":"images/Tree/With_Backgrounds/difficulty3_image8.png","response":6,"category":"Tree","background_difficulty":"3","image_path":"images/Tree/With_Backgrounds/difficulty3_image8.png","trial_type":"image-button-response","trial_index":27,"time_elapsed":57275,"internal_node_id":"0.0-2.0-0.25"},{"rt":1222,"stimulus":"images/Tree/With_Backgrounds/difficulty2_image2.png","response":6,"category":"Tree","background_difficulty":"2","image_path":"images/Tree/With_Backgrounds/difficulty2_image2.png","trial_type":"image-button-response","trial_index":28,"time_elapsed":58498,"internal_node_id":"0.0-2.0-0.26"},{"rt":1302,"stimulus":"images/Broccoli/With_Backgrounds/difficulty1_image0.png","response":1,"category":"Broccoli","background_difficulty":"1","image_path":"images/Broccoli/With_Backgrounds/difficulty1_image0.png","trial_type":"image-button-response","trial_index":29,"time_elapsed":59802,"internal_node_id":"0.0-2.0-0.27"},{"rt":1395,"stimulus":"images/Tree/With_Backgrounds/difficulty8_image6.png","response":6,"category":"Tree","background_difficulty":"8","image_path":"images/Tree/With_Backgrounds/difficulty8_image6.png","trial_type":"image-button-response","trial_index":30,"time_elapsed":61198,"internal_node_id":"0.0-2.0-0.28"},{"rt":1093,"stimulus":"images/Tree/With_Backgrounds/difficulty7_image5.png","response":6,"category":"Tree","background_difficulty":"7","image_path":"images/Tree/With_Backgrounds/difficulty7_image5.png","trial_type":"image-button-response","trial_index":31,"time_elapsed":62292,"internal_node_id":"0.0-2.0-0.29"},{"rt":1301,"stimulus":"images/Car/With_Backgrounds/difficulty7_image0.png","response":2,"category":"Car","background_difficulty":"7","image_path":"images/Car/With_Backgrounds/difficulty7_image0.png","trial_type":"image-button-response","trial_index":32,"time_elapsed":63594,"internal_node_id":"0.0-2.0-0.30"},{"rt":811,"stimulus":"images/Tree/With_Backgrounds/difficulty0_image4.png","response":6,"category":"Tree","background_difficulty":"0","image_path":"images/Tree/With_Backgrounds/difficulty0_image4.png","trial_type":"image-button-response","trial_index":33,"time_elapsed":64406,"internal_node_id":"0.0-2.0-0.31"},{"rt":1444,"stimulus":"images/Car/With_Backgrounds/difficulty2_image6.png","response":2,"category":"Car","background_difficulty":"2","image_path":"images/Car/With_Backgrounds/difficulty2_image6.png","trial_type":"image-button-response","trial_index":34,"time_elapsed":65851,"internal_node_id":"0.0-2.0-0.32"},{"rt":910,"stimulus":"images/Human/With_Backgrounds/difficulty1_image8.png","response":5,"category":"Human","background_difficulty":"1","image_path":"images/Human/With_Backgrounds/difficulty1_image8.png","trial_type":"image-button-response","trial_index":35,"time_elapsed":66762,"internal_node_id":"0.0-2.0-0.33"},{"rt":967,"stimulus":"images/Dog/With_Backgrounds/difficulty2_image4.png","response":4,"category":"Dog","background_difficulty":"2","image_path":"images/Dog/With_Backgrounds/difficulty2_image4.png","trial_type":"image-button-response","trial_index":36,"time_elapsed":67730,"internal_node_id":"0.0-2.0-0.34"},{"rt":1545,"stimulus":"images/Boat/With_Backgrounds/difficulty5_image9.png","response":0,"category":"Boat","background_difficulty":"5","image_path":"images/Boat/With_Backgrounds/difficulty5_image9.png","trial_type":"image-button-response","trial_index":37,"time_elapsed":69276,"internal_node_id":"0.0-2.0-0.35"},{"rt":2301,"stimulus":"images/Other/With_Backgrounds/difficulty3_image4.png","response":7,"category":"Other","background_difficulty":"3","image_path":"images/Other/With_Backgrounds/difficulty3_image4.png","trial_type":"image-button-response","trial_index":38,"time_elapsed":71578,"internal_node_id":"0.0-2.0-0.36"},{"rt":1247,"stimulus":"images/Broccoli/With_Backgrounds/difficulty3_image9.png","response":1,"category":"Broccoli","background_difficulty":"3","image_path":"images/Broccoli/With_Backgrounds/difficulty3_image9.png","trial_type":"image-button-response","trial_index":39,"time_elapsed":72826,"internal_node_id":"0.0-2.0-0.37"},{"rt":1390,"stimulus":"images/Cat/With_Backgrounds/difficulty5_image8.png","response":3,"category":"Cat","background_difficulty":"5","image_path":"images/Cat/With_Backgrounds/difficulty5_image8.png","trial_type":"image-button-response","trial_index":40,"time_elapsed":74217,"internal_node_id":"0.0-2.0-0.38"},{"rt":872,"stimulus":"images/Broccoli/With_Backgrounds/difficulty0_image4.png","response":1,"category":"Broccoli","background_difficulty":"0","image_path":"images/Broccoli/With_Backgrounds/difficulty0_image4.png","trial_type":"image-button-response","trial_index":41,"time_elapsed":75090,"internal_node_id":"0.0-2.0-0.39"},{"rt":956,"stimulus":"images/Car/With_Backgrounds/difficulty6_image5.png","response":2,"category":"Car","background_difficulty":"6","image_path":"images/Car/With_Backgrounds/difficulty6_image5.png","trial_type":"image-button-response","trial_index":42,"time_elapsed":76048,"internal_node_id":"0.0-2.0-0.40"},{"rt":945,"stimulus":"images/Dog/With_Backgrounds/difficulty4_image7.png","response":4,"category":"Dog","background_difficulty":"4","image_path":"images/Dog/With_Backgrounds/difficulty4_image7.png","trial_type":"image-button-response","trial_index":43,"time_elapsed":76994,"internal_node_id":"0.0-2.0-0.41"},{"rt":960,"stimulus":"images/Car/With_Backgrounds/difficulty5_image4.png","response":2,"category":"Car","background_difficulty":"5","image_path":"images/Car/With_Backgrounds/difficulty5_image4.png","trial_type":"image-button-response","trial_index":44,"time_elapsed":77955,"internal_node_id":"0.0-2.0-0.42"},{"rt":1119,"stimulus":"images/Boat/With_Backgrounds/difficulty3_image1.png","response":0,"category":"Boat","background_difficulty":"3","image_path":"images/Boat/With_Backgrounds/difficulty3_image1.png","trial_type":"image-button-response","trial_index":45,"time_elapsed":79076,"internal_node_id":"0.0-2.0-0.43"},{"rt":1459,"stimulus":"images/Other/With_Backgrounds/difficulty4_image0.png","response":7,"category":"Other","background_difficulty":"4","image_path":"images/Other/With_Backgrounds/difficulty4_image0.png","trial_type":"image-button-response","trial_index":46,"time_elapsed":80536,"internal_node_id":"0.0-2.0-0.44"},{"rt":1637,"stimulus":"images/Car/With_Backgrounds/difficulty3_image2.png","response":2,"category":"Car","background_difficulty":"3","image_path":"images/Car/With_Backgrounds/difficulty3_image2.png","trial_type":"image-button-response","trial_index":47,"time_elapsed":82174,"internal_node_id":"0.0-2.0-0.45"},{"rt":943,"stimulus":"images/Boat/With_Backgrounds/difficulty4_image6.png","response":0,"category":"Boat","background_difficulty":"4","image_path":"images/Boat/With_Backgrounds/difficulty4_image6.png","trial_type":"image-button-response","trial_index":48,"time_elapsed":83118,"internal_node_id":"0.0-2.0-0.46"},{"rt":1482,"stimulus":"images/Other/With_Backgrounds/difficulty8_image8.png","response":7,"category":"Other","background_difficulty":"8","image_path":"images/Other/With_Backgrounds/difficulty8_image8.png","trial_type":"image-button-response","trial_index":49,"time_elapsed":84602,"internal_node_id":"0.0-2.0-0.47"},{"rt":951,"stimulus":"images/Cat/With_Backgrounds/difficulty3_image6.png","response":3,"category":"Cat","background_difficulty":"3","image_path":"images/Cat/With_Backgrounds/difficulty3_image6.png","trial_type":"image-button-response","trial_index":50,"time_elapsed":85554,"internal_node_id":"0.0-2.0-0.48"},{"rt":1045,"stimulus":"images/Human/With_Backgrounds/difficulty6_image3.png","response":5,"category":"Human","background_difficulty":"6","image_path":"images/Human/With_Backgrounds/difficulty6_image3.png","trial_type":"image-button-response","trial_index":51,"time_elapsed":86600,"internal_node_id":"0.0-2.0-0.49"},{"rt":1435,"stimulus":"images/Human/With_Backgrounds/difficulty4_image2.png","response":5,"category":"Human","background_difficulty":"4","image_path":"images/Human/With_Backgrounds/difficulty4_image2.png","trial_type":"image-button-response","trial_index":52,"time_elapsed":88036,"internal_node_id":"0.0-2.0-0.50"},{"rt":1933,"stimulus":"images/Cat/With_Backgrounds/difficulty0_image4.png","response":3,"category":"Cat","background_difficulty":"0","image_path":"images/Cat/With_Backgrounds/difficulty0_image4.png","trial_type":"image-button-response","trial_index":53,"time_elapsed":89970,"internal_node_id":"0.0-2.0-0.51"},{"rt":1388,"stimulus":"images/Cat/With_Backgrounds/difficulty1_image1.png","response":3,"category":"Cat","background_difficulty":"1","image_path":"images/Cat/With_Backgrounds/difficulty1_image1.png","trial_type":"image-button-response","trial_index":54,"time_elapsed":91360,"internal_node_id":"0.0-2.0-0.52"},{"rt":1965,"stimulus":"images/Broccoli/With_Backgrounds/difficulty6_image5.png","response":1,"category":"Broccoli","background_difficulty":"6","image_path":"images/Broccoli/With_Backgrounds/difficulty6_image5.png","trial_type":"image-button-response","trial_index":55,"time_elapsed":93326,"internal_node_id":"0.0-2.0-0.53"},{"rt":3581,"stimulus":"images/Broccoli/With_Backgrounds/difficulty2_image2.png","response":1,"category":"Broccoli","background_difficulty":"2","image_path":"images/Broccoli/With_Backgrounds/difficulty2_image2.png","trial_type":"image-button-response","trial_index":56,"time_elapsed":96908,"internal_node_id":"0.0-2.0-0.54"},{"rt":1279,"stimulus":"images/Boat/With_Backgrounds/difficulty1_image3.png","response":0,"category":"Boat","background_difficulty":"1","image_path":"images/Boat/With_Backgrounds/difficulty1_image3.png","trial_type":"image-button-response","trial_index":57,"time_elapsed":98188,"internal_node_id":"0.0-2.0-0.55"},{"rt":1645,"stimulus":"images/Other/With_Backgrounds/difficulty7_image5.png","response":7,"category":"Other","background_difficulty":"7","image_path":"images/Other/With_Backgrounds/difficulty7_image5.png","trial_type":"image-button-response","trial_index":58,"time_elapsed":99834,"internal_node_id":"0.0-2.0-0.56"},{"rt":3941,"stimulus":"images/Car/With_Backgrounds/difficulty0_image8.png","response":7,"category":"Car","background_difficulty":"0","image_path":"images/Car/With_Backgrounds/difficulty0_image8.png","trial_type":"image-button-response","trial_index":59,"time_elapsed":103776,"internal_node_id":"0.0-2.0-0.57"},{"rt":1427,"stimulus":"images/Other/With_Backgrounds/difficulty5_image1.png","response":7,"category":"Other","background_difficulty":"5","image_path":"images/Other/With_Backgrounds/difficulty5_image1.png","trial_type":"image-button-response","trial_index":60,"time_elapsed":105204,"internal_node_id":"0.0-2.0-0.58"},{"rt":1153,"stimulus":"images/Boat/With_Backgrounds/difficulty6_image4.png","response":0,"category":"Boat","background_difficulty":"6","image_path":"images/Boat/With_Backgrounds/difficulty6_image4.png","trial_type":"image-button-response","trial_index":61,"time_elapsed":106358,"internal_node_id":"0.0-2.0-0.59"},{"rt":1007,"stimulus":"images/Human/With_Backgrounds/difficulty7_image4.png","response":5,"category":"Human","background_difficulty":"7","image_path":"images/Human/With_Backgrounds/difficulty7_image4.png","trial_type":"image-button-response","trial_index":62,"time_elapsed":107366,"internal_node_id":"0.0-2.0-0.60"},{"rt":1357,"stimulus":"images/Cat/With_Backgrounds/difficulty2_image9.png","response":3,"category":"Cat","background_difficulty":"2","image_path":"images/Cat/With_Backgrounds/difficulty2_image9.png","trial_type":"image-button-response","trial_index":63,"time_elapsed":108724,"internal_node_id":"0.0-2.0-0.61"},{"rt":2035,"stimulus":"images/Other/With_Backgrounds/difficulty0_image6.png","response":7,"category":"Other","background_difficulty":"0","image_path":"images/Other/With_Backgrounds/difficulty0_image6.png","trial_type":"image-button-response","trial_index":64,"time_elapsed":110760,"internal_node_id":"0.0-2.0-0.62"},{"rt":1224,"stimulus":"images/Other/With_Backgrounds/difficulty6_image3.png","response":7,"category":"Other","background_difficulty":"6","image_path":"images/Other/With_Backgrounds/difficulty6_image3.png","trial_type":"image-button-response","trial_index":65,"time_elapsed":111985,"internal_node_id":"0.0-2.0-0.63"},{"rt":1466,"stimulus":"images/Broccoli/With_Backgrounds/difficulty5_image1.png","response":1,"category":"Broccoli","background_difficulty":"5","image_path":"images/Broccoli/With_Backgrounds/difficulty5_image1.png","trial_type":"image-button-response","trial_index":66,"time_elapsed":113452,"internal_node_id":"0.0-2.0-0.64"},{"rt":991,"stimulus":"images/Tree/With_Backgrounds/difficulty1_image9.png","response":6,"category":"Tree","background_difficulty":"1","image_path":"images/Tree/With_Backgrounds/difficulty1_image9.png","trial_type":"image-button-response","trial_index":67,"time_elapsed":114444,"internal_node_id":"0.0-2.0-0.65"},{"rt":1535,"stimulus":"images/Dog/With_Backgrounds/difficulty6_image3.png","response":4,"category":"Dog","background_difficulty":"6","image_path":"images/Dog/With_Backgrounds/difficulty6_image3.png","trial_type":"image-button-response","trial_index":68,"time_elapsed":115980,"internal_node_id":"0.0-2.0-0.66"},{"rt":1786,"stimulus":"images/Boat/With_Backgrounds/difficulty8_image0.png","response":0,"category":"Boat","background_difficulty":"8","image_path":"images/Boat/With_Backgrounds/difficulty8_image0.png","trial_type":"image-button-response","trial_index":69,"time_elapsed":117767,"internal_node_id":"0.0-2.0-0.67"},{"rt":1043,"stimulus":"images/Car/With_Backgrounds/difficulty1_image1.png","response":2,"category":"Car","background_difficulty":"1","image_path":"images/Car/With_Backgrounds/difficulty1_image1.png","trial_type":"image-button-response","trial_index":70,"time_elapsed":118812,"internal_node_id":"0.0-2.0-0.68"},{"rt":1193,"stimulus":"images/Tree/With_Backgrounds/difficulty4_image0.png","response":6,"category":"Tree","background_difficulty":"4","image_path":"images/Tree/With_Backgrounds/difficulty4_image0.png","trial_type":"image-button-response","trial_index":71,"time_elapsed":120005,"internal_node_id":"0.0-2.0-0.69"},{"rt":929,"stimulus":"images/Human/With_Backgrounds/difficulty3_image5.png","response":5,"category":"Human","background_difficulty":"3","image_path":"images/Human/With_Backgrounds/difficulty3_image5.png","trial_type":"image-button-response","trial_index":72,"time_elapsed":120935,"internal_node_id":"0.0-2.0-0.70"},{"rt":981,"stimulus":"images/Boat/With_Backgrounds/difficulty0_image8.png","response":0,"category":"Boat","background_difficulty":"0","image_path":"images/Boat/With_Backgrounds/difficulty0_image8.png","trial_type":"image-button-response","trial_index":73,"time_elapsed":121917,"internal_node_id":"0.0-2.0-0.71"},{"rt":1015,"stimulus":["<h2>Press the button below to end experiment.</h2><p>Thank you for participating!</p>"],"response":0,"trial_type":"html-button-response","trial_index":74,"time_elapsed":122934,"internal_node_id":"0.0-3.0"}]