[{"success":true,"timeout":false,"failed_images":[],"failed_audio":[],"failed_video":[],"trial_type":"preload","trial_index":0,"time_elapsed":3364,"internal_node_id":"0.0-0.0"},{"rt":3358,"stimulus":["<h2>Noisy background image classification</h2><p>In this experiment you will briefly see images on top of colored squares of various sizes.</p><p>Your task is to report what each image is, selecting \"None of the Above\" if none of the given options are correct.</p> <p>The possible options are <strong>Boat</strong>, <strong>Broccoli</strong>, <strong>Car</strong>, <strong>Cat</strong>, <strong>Dog</strong>, <strong>Human</strong>, <strong>Tree</strong>, and <strong>None of the Above</strong>"],"response":0,"trial_type":"html-button-response","trial_index":1,"time_elapsed":6725,"internal_node_id":"0.0-1.0"},{"rt":1707,"stimulus":"images/Broccoli/With_Backgrounds/difficulty5_image2.png","response":1,"category":"Broccoli","background_difficulty":"5","image_path":"images/Broccoli/With_Backgrounds/difficulty5_image2.png","trial_type":"image-button-response","trial_index":2,"time_elapsed":8437,"internal_node_id":"0.0-2.0-0.0"},{"rt":1719,"stimulus":"images/Boat/With_Backgrounds/difficulty8_image5.png","response":0,"category":"Boat","background_difficulty":"8","image_path":"images/Boat/With_Backgrounds/difficulty8_image5.png","trial_type":"image-button-response","trial_index":3,"time_elapsed":10159,"internal_node_id":"0.0-2.0-0.1"},{"rt":1725,"stimulus":"images/Tree/With_Backgrounds/difficulty8_image1.png","response":6,"category":"Tree","background_difficulty":"8","image_path":"images/Tree/With_Backgrounds/difficulty8_image1.png","trial_type":"image-button-response","trial_index":4,"time_elapsed":11887,"internal_node_id":"0.0-2.0-0.2"},{"rt":1736,"stimulus":"images/Tree/With_Backgrounds/difficulty6_image3.png","response":6,"category":"Tree","background_difficulty":"6","image_path":"images/Tree/With_Backgrounds/difficulty6_image3.png","trial_type":"image-button-response","trial_index":5,"time_elapsed":13625,"internal_node_id":"0.0-2.0-0.3"},{"rt":2267,"stimulus":"images/Other/With_Backgrounds/difficulty7_image0.png","response":7,"category":"Other","background_difficulty":"7","image_path":"images/Other/With_Backgrounds/difficulty7_image0.png","trial_type":"image-button-response","trial_index":6,"time_elapsed":15894,"internal_node_id":"0.0-2.0-0.4"},{"rt":1549,"stimulus":"images/Broccoli/With_Backgrounds/difficulty2_image1.png","response":1,"category":"Broccoli","background_difficulty":"2","image_path":"images/Broccoli/With_Backgrounds/difficulty2_image1.png","trial_type":"image-button-response","trial_index":7,"time_elapsed":17446,"internal_node_id":"0.0-2.0-0.5"},{"rt":1549,"stimulus":"images/Tree/With_Backgrounds/difficulty3_image8.png","response":6,"category":"Tree","background_difficulty":"3","image_path":"images/Tree/With_Backgrounds/difficulty3_image8.png","trial_type":"image-button-response","trial_index":8,"time_elapsed":18998,"internal_node_id":"0.0-2.0-0.6"},{"rt":1450,"stimulus":"images/Dog/With_Backgrounds/difficulty2_image3.png","response":4,"category":"Dog","background_difficulty":"2","image_path":"images/Dog/With_Backgrounds/difficulty2_image3.png","trial_type":"image-button-response","trial_index":9,"time_elapsed":20450,"internal_node_id":"0.0-2.0-0.7"},{"rt":1332,"stimulus":"images/Tree/With_Backgrounds/difficulty0_image4.png","response":6,"category":"Tree","background_difficulty":"0","image_path":"images/Tree/With_Backgrounds/difficulty0_image4.png","trial_type":"image-button-response","trial_index":10,"time_elapsed":21784,"internal_node_id":"0.0-2.0-0.8"},{"rt":1315,"stimulus":"images/Broccoli/With_Backgrounds/difficulty6_image3.png","response":1,"category":"Broccoli","background_difficulty":"6","image_path":"images/Broccoli/With_Backgrounds/difficulty6_image3.png","trial_type":"image-button-response","trial_index":11,"time_elapsed":23101,"internal_node_id":"0.0-2.0-0.9"},{"rt":1549,"stimulus":"images/Boat/With_Backgrounds/difficulty1_image3.png","response":0,"category":"Boat","background_difficulty":"1","image_path":"images/Boat/With_Backgrounds/difficulty1_image3.png","trial_type":"image-button-response","trial_index":12,"time_elapsed":24653,"internal_node_id":"0.0-2.0-0.10"},{"rt":1353,"stimulus":"images/Tree/With_Backgrounds/difficulty4_image2.png","response":6,"category":"Tree","background_difficulty":"4","image_path":"images/Tree/With_Backgrounds/difficulty4_image2.png","trial_type":"image-button-response","trial_index":13,"time_elapsed":26008,"internal_node_id":"0.0-2.0-0.11"},{"rt":1404,"stimulus":"images/Car/With_Backgrounds/difficulty8_image3.png","response":2,"category":"Car","background_difficulty":"8","image_path":"images/Car/With_Backgrounds/difficulty8_image3.png","trial_type":"image-button-response","trial_index":14,"time_elapsed":27414,"internal_node_id":"0.0-2.0-0.12"},{"rt":1277,"stimulus":"images/Cat/With_Backgrounds/difficulty5_image3.png","response":3,"category":"Cat","background_difficulty":"5","image_path":"images/Cat/With_Backgrounds/difficulty5_image3.png","trial_type":"image-button-response","trial_index":15,"time_elapsed":28694,"internal_node_id":"0.0-2.0-0.13"},{"rt":1429,"stimulus":"images/Car/With_Backgrounds/difficulty5_image9.png","response":2,"category":"Car","background_difficulty":"5","image_path":"images/Car/With_Backgrounds/difficulty5_image9.png","trial_type":"image-button-response","trial_index":16,"time_elapsed":30125,"internal_node_id":"0.0-2.0-0.14"},{"rt":1408,"stimulus":"images/Dog/With_Backgrounds/difficulty5_image4.png","response":4,"category":"Dog","background_difficulty":"5","image_path":"images/Dog/With_Backgrounds/difficulty5_image4.png","trial_type":"image-button-response","trial_index":17,"time_elapsed":31535,"internal_node_id":"0.0-2.0-0.15"},{"rt":1197,"stimulus":"images/Cat/With_Backgrounds/difficulty1_image2.png","response":3,"category":"Cat","background_difficulty":"1","image_path":"images/Cat/With_Backgrounds/difficulty1_image2.png","trial_type":"image-button-response","trial_index":18,"time_elapsed":32735,"internal_node_id":"0.0-2.0-0.16"},{"rt":1334,"stimulus":"images/Car/With_Backgrounds/difficulty4_image0.png","response":2,"category":"Car","background_difficulty":"4","image_path":"images/Car/With_Backgrounds/difficulty4_image0.png","trial_type":"image-button-response","trial_index":19,"time_elapsed":34072,"internal_node_id":"0.0-2.0-0.17"},{"rt":1304,"stimulus":"images/Cat/With_Backgrounds/difficulty0_image4.png","response":3,"category":"Cat","background_difficulty":"0","image_path":"images/Cat/With_Backgrounds/difficulty0_image4.png","trial_type":"image-button-response","trial_index":20,"time_elapsed":35377,"internal_node_id":"0.0-2.0-0.18"},{"rt":1354,"stimulus":"images/Broccoli/With_Backgrounds/difficulty1_image0.png","response":1,"category":"Broccoli","background_difficulty":"1","image_path":"images/Broccoli/With_Backgrounds/difficulty1_image0.png","trial_type":"image-button-response","trial_index":21,"time_elapsed":36734,"internal_node_id":"0.0-2.0-0.19"},{"rt":1518,"stimulus":"images/Tree/With_Backgrounds/difficulty7_image9.png","response":6,"category":"Tree","background_difficulty":"7","image_path":"images/Tree/With_Backgrounds/difficulty7_image9.png","trial_type":"image-button-response","trial_index":22,"time_elapsed":38254,"internal_node_id":"0.0-2.0-0.20"},{"rt":1718,"stimulus":"images/Human/With_Backgrounds/difficulty3_image2.png","response":5,"category":"Human","background_difficulty":"3","image_path":"images/Human/With_Backgrounds/difficulty3_image2.png","trial_type":"image-button-response","trial_index":23,"time_elapsed":39975,"internal_node_id":"0.0-2.0-0.21"},{"rt":1316,"stimulus":"images/Human/With_Backgrounds/difficulty6_image7.png","response":5,"category":"Human","background_difficulty":"6","image_path":"images/Human/With_Backgrounds/difficulty6_image7.png","trial_type":"image-button-response","trial_index":24,"time_elapsed":41293,"internal_node_id":"0.0-2.0-0.22"},{"rt":1085,"stimulus":"images/Human/With_Backgrounds/difficulty7_image5.png","response":5,"category":"Human","background_difficulty":"7","image_path":"images/Human/With_Backgrounds/difficulty7_image5.png","trial_type":"image-button-response","trial_index":25,"time_elapsed":42381,"internal_node_id":"0.0-2.0-0.23"},{"rt":1649,"stimulus":"images/Car/With_Backgrounds/difficulty0_image2.png","response":2,"category":"Car","background_difficulty":"0","image_path":"images/Car/With_Backgrounds/difficulty0_image2.png","trial_type":"image-button-response","trial_index":26,"time_elapsed":44032,"internal_node_id":"0.0-2.0-0.24"},{"rt":1303,"stimulus":"images/Human/With_Backgrounds/difficulty4_image0.png","response":5,"category":"Human","background_difficulty":"4","image_path":"images/Human/With_Backgrounds/difficulty4_image0.png","trial_type":"image-button-response","trial_index":27,"time_elapsed":45337,"internal_node_id":"0.0-2.0-0.25"},{"rt":1218,"stimulus":"images/Dog/With_Backgrounds/difficulty3_image1.png","response":4,"category":"Dog","background_difficulty":"3","image_path":"images/Dog/With_Backgrounds/difficulty3_image1.png","trial_type":"image-button-response","trial_index":28,"time_elapsed":46557,"internal_node_id":"0.0-2.0-0.26"},{"rt":1232,"stimulus":"images/Dog/With_Backgrounds/difficulty4_image7.png","response":4,"category":"Dog","background_difficulty":"4","image_path":"images/Dog/With_Backgrounds/difficulty4_image7.png","trial_type":"image-button-response","trial_index":29,"time_elapsed":47791,"internal_node_id":"0.0-2.0-0.27"},{"rt":1943,"stimulus":"images/Other/With_Backgrounds/difficulty8_image8.png","response":7,"category":"Other","background_difficulty":"8","image_path":"images/Other/With_Backgrounds/difficulty8_image8.png","trial_type":"image-button-response","trial_index":30,"time_elapsed":49736,"internal_node_id":"0.0-2.0-0.28"},{"rt":1885,"stimulus":"images/Other/With_Backgrounds/difficulty2_image3.png","response":7,"category":"Other","background_difficulty":"2","image_path":"images/Other/With_Backgrounds/difficulty2_image3.png","trial_type":"image-button-response","trial_index":31,"time_elapsed":51623,"internal_node_id":"0.0-2.0-0.29"},{"rt":1365,"stimulus":"images/Cat/With_Backgrounds/difficulty3_image8.png","response":3,"category":"Cat","background_difficulty":"3","image_path":"images/Cat/With_Backgrounds/difficulty3_image8.png","trial_type":"image-button-response","trial_index":32,"time_elapsed":52990,"internal_node_id":"0.0-2.0-0.30"},{"rt":1195,"stimulus":"images/Broccoli/With_Backgrounds/difficulty4_image7.png","response":1,"category":"Broccoli","background_difficulty":"4","image_path":"images/Broccoli/With_Backgrounds/difficulty4_image7.png","trial_type":"image-button-response","trial_index":33,"time_elapsed":54186,"internal_node_id":"0.0-2.0-0.31"},{"rt":1305,"stimulus":"images/Car/With_Backgrounds/difficulty6_image6.png","response":2,"category":"Car","background_difficulty":"6","image_path":"images/Car/With_Backgrounds/difficulty6_image6.png","trial_type":"image-button-response","trial_index":34,"time_elapsed":55494,"internal_node_id":"0.0-2.0-0.32"},{"rt":1271,"stimulus":"images/Dog/With_Backgrounds/difficulty6_image2.png","response":4,"category":"Dog","background_difficulty":"6","image_path":"images/Dog/With_Backgrounds/difficulty6_image2.png","trial_type":"image-button-response","trial_index":35,"time_elapsed":56767,"internal_node_id":"0.0-2.0-0.33"},{"rt":1258,"stimulus":"images/Human/With_Backgrounds/difficulty1_image3.png","response":5,"category":"Human","background_difficulty":"1","image_path":"images/Human/With_Backgrounds/difficulty1_image3.png","trial_type":"image-button-response","trial_index":36,"time_elapsed":58028,"internal_node_id":"0.0-2.0-0.34"},{"rt":1798,"stimulus":"images/Other/With_Backgrounds/difficulty0_image6.png","response":7,"category":"Other","background_difficulty":"0","image_path":"images/Other/With_Backgrounds/difficulty0_image6.png","trial_type":"image-button-response","trial_index":37,"time_elapsed":59829,"internal_node_id":"0.0-2.0-0.35"},{"rt":1118,"stimulus":"images/Human/With_Backgrounds/difficulty0_image9.png","response":5,"category":"Human","background_difficulty":"0","image_path":"images/Human/With_Backgrounds/difficulty0_image9.png","trial_type":"image-button-response","trial_index":38,"time_elapsed":60950,"internal_node_id":"0.0-2.0-0.36"},{"rt":1298,"stimulus":"images/Broccoli/With_Backgrounds/difficulty3_image4.png","response":1,"category":"Broccoli","background_difficulty":"3","image_path":"images/Broccoli/With_Backgrounds/difficulty3_image4.png","trial_type":"image-button-response","trial_index":39,"time_elapsed":62250,"internal_node_id":"0.0-2.0-0.37"},{"rt":3861,"stimulus":"images/Boat/With_Backgrounds/difficulty6_image6.png","response":0,"category":"Boat","background_difficulty":"6","image_path":"images/Boat/With_Backgrounds/difficulty6_image6.png","trial_type":"image-button-response","trial_index":40,"time_elapsed":66114,"internal_node_id":"0.0-2.0-0.38"},{"rt":1543,"stimulus":"images/Human/With_Backgrounds/difficulty5_image1.png","response":5,"category":"Human","background_difficulty":"5","image_path":"images/Human/With_Backgrounds/difficulty5_image1.png","trial_type":"image-button-response","trial_index":41,"time_elapsed":67659,"internal_node_id":"0.0-2.0-0.39"},{"rt":1425,"stimulus":"images/Boat/With_Backgrounds/difficulty5_image4.png","response":0,"category":"Boat","background_difficulty":"5","image_path":"images/Boat/With_Backgrounds/difficulty5_image4.png","trial_type":"image-button-response","trial_index":42,"time_elapsed":69086,"internal_node_id":"0.0-2.0-0.40"},{"rt":1170,"stimulus":"images/Dog/With_Backgrounds/difficulty0_image0.png","response":4,"category":"Dog","background_difficulty":"0","image_path":"images/Dog/With_Backgrounds/difficulty0_image0.png","trial_type":"image-button-response","trial_index":43,"time_elapsed":70259,"internal_node_id":"0.0-2.0-0.41"},{"rt":1428,"stimulus":"images/Human/With_Backgrounds/difficulty8_image8.png","response":5,"category":"Human","background_difficulty":"8","image_path":"images/Human/With_Backgrounds/difficulty8_image8.png","trial_type":"image-button-response","trial_index":44,"time_elapsed":71688,"internal_node_id":"0.0-2.0-0.42"},{"rt":1444,"stimulus":"images/Boat/With_Backgrounds/difficulty0_image1.png","response":0,"category":"Boat","background_difficulty":"0","image_path":"images/Boat/With_Backgrounds/difficulty0_image1.png","trial_type":"image-button-response","trial_index":45,"time_elapsed":73133,"internal_node_id":"0.0-2.0-0.43"},{"rt":1375,"stimulus":"images/Cat/With_Backgrounds/difficulty6_image0.png","response":3,"category":"Cat","background_difficulty":"6","image_path":"images/Cat/With_Backgrounds/difficulty6_image0.png","trial_type":"image-button-response","trial_index":46,"time_elapsed":74510,"internal_node_id":"0.0-2.0-0.44"},{"rt":1407,"stimulus":"images/Boat/With_Backgrounds/difficulty3_image8.png","response":0,"category":"Boat","background_difficulty":"3","image_path":"images/Boat/With_Backgrounds/difficulty3_image8.png","trial_type":"image-button-response","trial_index":47,"time_elapsed":75918,"internal_node_id":"0.0-2.0-0.45"},{"rt":1412,"stimulus":"images/Broccoli/With_Backgrounds/difficulty7_image6.png","response":1,"category":"Broccoli","background_difficulty":"7","image_path":"images/Broccoli/With_Backgrounds/difficulty7_image6.png","trial_type":"image-button-response","trial_index":48,"time_elapsed":77332,"internal_node_id":"0.0-2.0-0.46"},{"rt":1202,"stimulus":"images/Car/With_Backgrounds/difficulty3_image4.png","response":2,"category":"Car","background_difficulty":"3","image_path":"images/Car/With_Backgrounds/difficulty3_image4.png","trial_type":"image-button-response","trial_index":49,"time_elapsed":78536,"internal_node_id":"0.0-2.0-0.47"},{"rt":1342,"stimulus":"images/Other/With_Backgrounds/difficulty6_image9.png","response":7,"category":"Other","background_difficulty":"6","image_path":"images/Other/With_Backgrounds/difficulty6_image9.png","trial_type":"image-button-response","trial_index":50,"time_elapsed":79880,"internal_node_id":"0.0-2.0-0.48"},{"rt":1510,"stimulus":"images/Cat/With_Backgrounds/difficulty7_image6.png","response":3,"category":"Cat","background_difficulty":"7","image_path":"images/Cat/With_Backgrounds/difficulty7_image6.png","trial_type":"image-button-response","trial_index":51,"time_elapsed":81392,"internal_node_id":"0.0-2.0-0.49"},{"rt":1159,"stimulus":"images/Human/With_Backgrounds/difficulty2_image4.png","response":5,"category":"Human","background_difficulty":"2","image_path":"images/Human/With_Backgrounds/difficulty2_image4.png","trial_type":"image-button-response","trial_index":52,"time_elapsed":82552,"internal_node_id":"0.0-2.0-0.50"},{"rt":2155,"stimulus":"images/Broccoli/With_Backgrounds/difficulty8_image8.png","response":1,"category":"Broccoli","background_difficulty":"8","image_path":"images/Broccoli/With_Backgrounds/difficulty8_image8.png","trial_type":"image-button-response","trial_index":53,"time_elapsed":84709,"internal_node_id":"0.0-2.0-0.51"},{"rt":1309,"stimulus":"images/Dog/With_Backgrounds/difficulty1_image5.png","response":4,"category":"Dog","background_difficulty":"1","image_path":"images/Dog/With_Backgrounds/difficulty1_image5.png","trial_type":"image-button-response","trial_index":54,"time_elapsed":86021,"internal_node_id":"0.0-2.0-0.52"},{"rt":1300,"stimulus":"images/Tree/With_Backgrounds/difficulty2_image5.png","response":6,"category":"Tree","background_difficulty":"2","image_path":"images/Tree/With_Backgrounds/difficulty2_image5.png","trial_type":"image-button-response","trial_index":55,"time_elapsed":87323,"internal_node_id":"0.0-2.0-0.53"},{"rt":1275,"stimulus":"images/Car/With_Backgrounds/difficulty1_image8.png","response":2,"category":"Car","background_difficulty":"1","image_path":"images/Car/With_Backgrounds/difficulty1_image8.png","trial_type":"image-button-response","trial_index":56,"time_elapsed":88600,"internal_node_id":"0.0-2.0-0.54"},{"rt":2116,"stimulus":"images/Boat/With_Backgrounds/difficulty7_image7.png","response":7,"category":"Boat","background_difficulty":"7","image_path":"images/Boat/With_Backgrounds/difficulty7_image7.png","trial_type":"image-button-response","trial_index":57,"time_elapsed":90719,"internal_node_id":"0.0-2.0-0.55"},{"rt":1419,"stimulus":"images/Boat/With_Backgrounds/difficulty4_image9.png","response":0,"category":"Boat","background_difficulty":"4","image_path":"images/Boat/With_Backgrounds/difficulty4_image9.png","trial_type":"image-button-response","trial_index":58,"time_elapsed":92139,"internal_node_id":"0.0-2.0-0.56"},{"rt":1547,"stimulus":"images/Broccoli/With_Backgrounds/difficulty0_image9.png","response":1,"category":"Broccoli","background_difficulty":"0","image_path":"images/Broccoli/With_Backgrounds/difficulty0_image9.png","trial_type":"image-button-response","trial_index":59,"time_elapsed":93687,"internal_node_id":"0.0-2.0-0.57"},{"rt":1211,"stimulus":"images/Boat/With_Backgrounds/difficulty2_image2.png","response":0,"category":"Boat","background_difficulty":"2","image_path":"images/Boat/With_Backgrounds/difficulty2_image2.png","trial_type":"image-button-response","trial_index":60,"time_elapsed":94901,"internal_node_id":"0.0-2.0-0.58"},{"rt":1338,"stimulus":"images/Dog/With_Backgrounds/difficulty7_image8.png","response":4,"category":"Dog","background_difficulty":"7","image_path":"images/Dog/With_Backgrounds/difficulty7_image8.png","trial_type":"image-button-response","trial_index":61,"time_elapsed":96241,"internal_node_id":"0.0-2.0-0.59"},{"rt":1326,"stimulus":"images/Other/With_Backgrounds/difficulty5_image5.png","response":7,"category":"Other","background_difficulty":"5","image_path":"images/Other/With_Backgrounds/difficulty5_image5.png","trial_type":"image-button-response","trial_index":62,"time_elapsed":97569,"internal_node_id":"0.0-2.0-0.60"},{"rt":1279,"stimulus":"images/Tree/With_Backgrounds/difficulty5_image6.png","response":6,"category":"Tree","background_difficulty":"5","image_path":"images/Tree/With_Backgrounds/difficulty5_image6.png","trial_type":"image-button-response","trial_index":63,"time_elapsed":98849,"internal_node_id":"0.0-2.0-0.61"},{"rt":1495,"stimulus":"images/Other/With_Backgrounds/difficulty4_image1.png","response":7,"category":"Other","background_difficulty":"4","image_path":"images/Other/With_Backgrounds/difficulty4_image1.png","trial_type":"image-button-response","trial_index":64,"time_elapsed":100347,"internal_node_id":"0.0-2.0-0.62"},{"rt":1224,"stimulus":"images/Tree/With_Backgrounds/difficulty1_image0.png","response":6,"category":"Tree","background_difficulty":"1","image_path":"images/Tree/With_Backgrounds/difficulty1_image0.png","trial_type":"image-button-response","trial_index":65,"time_elapsed":101574,"internal_node_id":"0.0-2.0-0.63"},{"rt":1434,"stimulus":"images/Cat/With_Backgrounds/difficulty4_image1.png","response":3,"category":"Cat","background_difficulty":"4","image_path":"images/Cat/With_Backgrounds/difficulty4_image1.png","trial_type":"image-button-response","trial_index":66,"time_elapsed":103010,"internal_node_id":"0.0-2.0-0.64"},{"rt":1208,"stimulus":"images/Car/With_Backgrounds/difficulty2_image1.png","response":2,"category":"Car","background_difficulty":"2","image_path":"images/Car/With_Backgrounds/difficulty2_image1.png","trial_type":"image-button-response","trial_index":67,"time_elapsed":104221,"internal_node_id":"0.0-2.0-0.65"},{"rt":1399,"stimulus":"images/Cat/With_Backgrounds/difficulty8_image9.png","response":3,"category":"Cat","background_difficulty":"8","image_path":"images/Cat/With_Backgrounds/difficulty8_image9.png","trial_type":"image-button-response","trial_index":68,"time_elapsed":105622,"internal_node_id":"0.0-2.0-0.66"},{"rt":1232,"stimulus":"images/Cat/With_Backgrounds/difficulty2_image5.png","response":3,"category":"Cat","background_difficulty":"2","image_path":"images/Cat/With_Backgrounds/difficulty2_image5.png","trial_type":"image-button-response","trial_index":69,"time_elapsed":106856,"internal_node_id":"0.0-2.0-0.67"},{"rt":1658,"stimulus":"images/Other/With_Backgrounds/difficulty3_image4.png","response":7,"category":"Other","background_difficulty":"3","image_path":"images/Other/With_Backgrounds/difficulty3_image4.png","trial_type":"image-button-response","trial_index":70,"time_elapsed":108516,"internal_node_id":"0.0-2.0-0.68"},{"rt":2502,"stimulus":"images/Car/With_Backgrounds/difficulty7_image7.png","response":7,"category":"Car","background_difficulty":"7","image_path":"images/Car/With_Backgrounds/difficulty7_image7.png","trial_type":"image-button-response","trial_index":71,"time_elapsed":111021,"internal_node_id":"0.0-2.0-0.69"},{"rt":1617,"stimulus":"images/Other/With_Backgrounds/difficulty1_image7.png","response":7,"category":"Other","background_difficulty":"1","image_path":"images/Other/With_Backgrounds/difficulty1_image7.png","trial_type":"image-button-response","trial_index":72,"time_elapsed":112641,"internal_node_id":"0.0-2.0-0.70"},{"rt":1397,"stimulus":"images/Dog/With_Backgrounds/difficulty8_image6.png","response":4,"category":"Dog","background_difficulty":"8","image_path":"images/Dog/With_Backgrounds/difficulty8_image6.png","trial_type":"image-button-response","trial_index":73,"time_elapsed":114041,"internal_node_id":"0.0-2.0-0.71"},{"rt":1216,"stimulus":["<h2>Press the button below to end experiment.</h2><p>Thank you for participating!</p>"],"response":0,"trial_type":"html-button-response","trial_index":74,"time_elapsed":115259,"internal_node_id":"0.0-3.0"}]