[{"success":true,"timeout":false,"failed_images":[],"failed_audio":[],"failed_video":[],"trial_type":"preload","trial_index":0,"time_elapsed":1175,"internal_node_id":"0.0-0.0"},{"rt":5504,"stimulus":["<h2>Noisy background image classification</h2><p>In this experiment you will briefly see images on top of colored squares of various sizes.</p><p>Your task is to report what each image is, selecting \"None of the Above\" if none of the given options are correct.</p> <p>The possible options are <strong>Boat</strong>, <strong>Broccoli</strong>, <strong>Car</strong>, <strong>Cat</strong>, <strong>Dog</strong>, <strong>Human</strong>, <strong>Tree</strong>, and <strong>None of the Above</strong>"],"response":0,"trial_type":"html-button-response","trial_index":1,"time_elapsed":6681,"internal_node_id":"0.0-1.0"},{"rt":2969,"stimulus":"images/Other/With_Backgrounds/difficulty2_image5.png","response":7,"category":"Other","background_difficulty":"2","image_path":"images/Other/With_Backgrounds/difficulty2_image5.png","trial_type":"image-button-response","trial_index":2,"time_elapsed":9663,"internal_node_id":"0.0-2.0-0.0"},{"rt":1846,"stimulus":"images/Car/With_Backgrounds/difficulty7_image5.png","response":2,"category":"Car","background_difficulty":"7","image_path":"images/Car/With_Backgrounds/difficulty7_image5.png","trial_type":"image-button-response","trial_index":3,"time_elapsed":11511,"internal_node_id":"0.0-2.0-0.1"},{"rt":1582,"stimulus":"images/Human/With_Backgrounds/difficulty1_image6.png","response":5,"category":"Human","background_difficulty":"1","image_path":"images/Human/With_Backgrounds/difficulty1_image6.png","trial_type":"image-button-response","trial_index":4,"time_elapsed":13095,"internal_node_id":"0.0-2.0-0.2"},{"rt":1466,"stimulus":"images/Tree/With_Backgrounds/difficulty6_image3.png","response":6,"category":"Tree","background_difficulty":"6","image_path":"images/Tree/With_Backgrounds/difficulty6_image3.png","trial_type":"image-button-response","trial_index":5,"time_elapsed":14563,"internal_node_id":"0.0-2.0-0.3"},{"rt":2113,"stimulus":"images/Other/With_Backgrounds/difficulty3_image6.png","response":7,"category":"Other","background_difficulty":"3","image_path":"images/Other/With_Backgrounds/difficulty3_image6.png","trial_type":"image-button-response","trial_index":6,"time_elapsed":16679,"internal_node_id":"0.0-2.0-0.4"},{"rt":1296,"stimulus":"images/Dog/With_Backgrounds/difficulty3_image9.png","response":4,"category":"Dog","background_difficulty":"3","image_path":"images/Dog/With_Backgrounds/difficulty3_image9.png","trial_type":"image-button-response","trial_index":7,"time_elapsed":17978,"internal_node_id":"0.0-2.0-0.5"},{"rt":997,"stimulus":"images/Cat/With_Backgrounds/difficulty3_image2.png","response":3,"category":"Cat","background_difficulty":"3","image_path":"images/Cat/With_Backgrounds/difficulty3_image2.png","trial_type":"image-button-response","trial_index":8,"time_elapsed":18978,"internal_node_id":"0.0-2.0-0.6"},{"rt":1481,"stimulus":"images/Boat/With_Backgrounds/difficulty8_image5.png","response":0,"category":"Boat","background_difficulty":"8","image_path":"images/Boat/With_Backgrounds/difficulty8_image5.png","trial_type":"image-button-response","trial_index":9,"time_elapsed":20463,"internal_node_id":"0.0-2.0-0.7"},{"rt":1597,"stimulus":"images/Car/With_Backgrounds/difficulty4_image4.png","response":2,"category":"Car","background_difficulty":"4","image_path":"images/Car/With_Backgrounds/difficulty4_image4.png","trial_type":"image-button-response","trial_index":10,"time_elapsed":22062,"internal_node_id":"0.0-2.0-0.8"},{"rt":1515,"stimulus":"images/Boat/With_Backgrounds/difficulty3_image6.png","response":0,"category":"Boat","background_difficulty":"3","image_path":"images/Boat/With_Backgrounds/difficulty3_image6.png","trial_type":"image-button-response","trial_index":11,"time_elapsed":23579,"internal_node_id":"0.0-2.0-0.9"},{"rt":1464,"stimulus":"images/Other/With_Backgrounds/difficulty1_image7.png","response":7,"category":"Other","background_difficulty":"1","image_path":"images/Other/With_Backgrounds/difficulty1_image7.png","trial_type":"image-button-response","trial_index":12,"time_elapsed":25045,"internal_node_id":"0.0-2.0-0.10"},{"rt":1097,"stimulus":"images/Broccoli/With_Backgrounds/difficulty0_image9.png","response":1,"category":"Broccoli","background_difficulty":"0","image_path":"images/Broccoli/With_Backgrounds/difficulty0_image9.png","trial_type":"image-button-response","trial_index":13,"time_elapsed":26145,"internal_node_id":"0.0-2.0-0.11"},{"rt":1280,"stimulus":"images/Dog/With_Backgrounds/difficulty7_image1.png","response":4,"category":"Dog","background_difficulty":"7","image_path":"images/Dog/With_Backgrounds/difficulty7_image1.png","trial_type":"image-button-response","trial_index":14,"time_elapsed":27427,"internal_node_id":"0.0-2.0-0.12"},{"rt":1466,"stimulus":"images/Car/With_Backgrounds/difficulty6_image7.png","response":2,"category":"Car","background_difficulty":"6","image_path":"images/Car/With_Backgrounds/difficulty6_image7.png","trial_type":"image-button-response","trial_index":15,"time_elapsed":28895,"internal_node_id":"0.0-2.0-0.13"},{"rt":1164,"stimulus":"images/Cat/With_Backgrounds/difficulty7_image3.png","response":3,"category":"Cat","background_difficulty":"7","image_path":"images/Cat/With_Backgrounds/difficulty7_image3.png","trial_type":"image-button-response","trial_index":16,"time_elapsed":30062,"internal_node_id":"0.0-2.0-0.14"},{"rt":1647,"stimulus":"images/Tree/With_Backgrounds/difficulty2_image8.png","response":6,"category":"Tree","background_difficulty":"2","image_path":"images/Tree/With_Backgrounds/difficulty2_image8.png","trial_type":"image-button-response","trial_index":17,"time_elapsed":31711,"internal_node_id":"0.0-2.0-0.15"},{"rt":966,"stimulus":"images/Tree/With_Backgrounds/difficulty4_image1.png","response":6,"category":"Tree","background_difficulty":"4","image_path":"images/Tree/With_Backgrounds/difficulty4_image1.png","trial_type":"image-button-response","trial_index":18,"time_elapsed":32678,"internal_node_id":"0.0-2.0-0.16"},{"rt":1681,"stimulus":"images/Cat/With_Backgrounds/difficulty5_image9.png","response":3,"category":"Cat","background_difficulty":"5","image_path":"images/Cat/With_Backgrounds/difficulty5_image9.png","trial_type":"image-button-response","trial_index":19,"time_elapsed":34362,"internal_node_id":"0.0-2.0-0.17"},{"rt":1014,"stimulus":"images/Dog/With_Backgrounds/difficulty8_image6.png","response":4,"category":"Dog","background_difficulty":"8","image_path":"images/Dog/With_Backgrounds/difficulty8_image6.png","trial_type":"image-button-response","trial_index":20,"time_elapsed":35378,"internal_node_id":"0.0-2.0-0.18"},{"rt":997,"stimulus":"images/Dog/With_Backgrounds/difficulty0_image8.png","response":4,"category":"Dog","background_difficulty":"0","image_path":"images/Dog/With_Backgrounds/difficulty0_image8.png","trial_type":"image-button-response","trial_index":21,"time_elapsed":36378,"internal_node_id":"0.0-2.0-0.19"},{"rt":1081,"stimulus":"images/Human/With_Backgrounds/difficulty2_image0.png","response":5,"category":"Human","background_difficulty":"2","image_path":"images/Human/With_Backgrounds/difficulty2_image0.png","trial_type":"image-button-response","trial_index":22,"time_elapsed":37461,"internal_node_id":"0.0-2.0-0.20"},{"rt":1215,"stimulus":"images/Boat/With_Backgrounds/difficulty6_image3.png","response":0,"category":"Boat","background_difficulty":"6","image_path":"images/Boat/With_Backgrounds/difficulty6_image3.png","trial_type":"image-button-response","trial_index":23,"time_elapsed":38679,"internal_node_id":"0.0-2.0-0.21"},{"rt":1231,"stimulus":"images/Cat/With_Backgrounds/difficulty4_image1.png","response":3,"category":"Cat","background_difficulty":"4","image_path":"images/Cat/With_Backgrounds/difficulty4_image1.png","trial_type":"image-button-response","trial_index":24,"time_elapsed":39912,"internal_node_id":"0.0-2.0-0.22"},{"rt":1180,"stimulus":"images/Tree/With_Backgrounds/difficulty0_image6.png","response":6,"category":"Tree","background_difficulty":"0","image_path":"images/Tree/With_Backgrounds/difficulty0_image6.png","trial_type":"image-button-response","trial_index":25,"time_elapsed":41095,"internal_node_id":"0.0-2.0-0.23"},{"rt":1564,"stimulus":"images/Other/With_Backgrounds/difficulty7_image2.png","response":7,"category":"Other","background_difficulty":"7","image_path":"images/Other/With_Backgrounds/difficulty7_image2.png","trial_type":"image-button-response","trial_index":26,"time_elapsed":42661,"internal_node_id":"0.0-2.0-0.24"},{"rt":1347,"stimulus":"images/Broccoli/With_Backgrounds/difficulty3_image8.png","response":1,"category":"Broccoli","background_difficulty":"3","image_path":"images/Broccoli/With_Backgrounds/difficulty3_image8.png","trial_type":"image-button-response","trial_index":27,"time_elapsed":44010,"internal_node_id":"0.0-2.0-0.25"},{"rt":1300,"stimulus":"images/Tree/With_Backgrounds/difficulty5_image4.png","response":6,"category":"Tree","background_difficulty":"5","image_path":"images/Tree/With_Backgrounds/difficulty5_image4.png","trial_type":"image-button-response","trial_index":28,"time_elapsed":45311,"internal_node_id":"0.0-2.0-0.26"},{"rt":1232,"stimulus":"images/Car/With_Backgrounds/difficulty3_image2.png","response":2,"category":"Car","background_difficulty":"3","image_path":"images/Car/With_Backgrounds/difficulty3_image2.png","trial_type":"image-button-response","trial_index":29,"time_elapsed":46545,"internal_node_id":"0.0-2.0-0.27"},{"rt":1631,"stimulus":"images/Boat/With_Backgrounds/difficulty0_image4.png","response":0,"category":"Boat","background_difficulty":"0","image_path":"images/Boat/With_Backgrounds/difficulty0_image4.png","trial_type":"image-button-response","trial_index":30,"time_elapsed":48178,"internal_node_id":"0.0-2.0-0.28"},{"rt":1097,"stimulus":"images/Broccoli/With_Backgrounds/difficulty1_image2.png","response":1,"category":"Broccoli","background_difficulty":"1","image_path":"images/Broccoli/With_Backgrounds/difficulty1_image2.png","trial_type":"image-button-response","trial_index":31,"time_elapsed":49277,"internal_node_id":"0.0-2.0-0.29"},{"rt":1866,"stimulus":"images/Car/With_Backgrounds/difficulty2_image3.png","response":2,"category":"Car","background_difficulty":"2","image_path":"images/Car/With_Backgrounds/difficulty2_image3.png","trial_type":"image-button-response","trial_index":32,"time_elapsed":51144,"internal_node_id":"0.0-2.0-0.30"},{"rt":1398,"stimulus":"images/Tree/With_Backgrounds/difficulty7_image7.png","response":6,"category":"Tree","background_difficulty":"7","image_path":"images/Tree/With_Backgrounds/difficulty7_image7.png","trial_type":"image-button-response","trial_index":33,"time_elapsed":52545,"internal_node_id":"0.0-2.0-0.31"},{"rt":1031,"stimulus":"images/Human/With_Backgrounds/difficulty0_image7.png","response":5,"category":"Human","background_difficulty":"0","image_path":"images/Human/With_Backgrounds/difficulty0_image7.png","trial_type":"image-button-response","trial_index":34,"time_elapsed":53578,"internal_node_id":"0.0-2.0-0.32"},{"rt":1197,"stimulus":"images/Cat/With_Backgrounds/difficulty0_image4.png","response":3,"category":"Cat","background_difficulty":"0","image_path":"images/Cat/With_Backgrounds/difficulty0_image4.png","trial_type":"image-button-response","trial_index":35,"time_elapsed":54778,"internal_node_id":"0.0-2.0-0.33"},{"rt":997,"stimulus":"images/Cat/With_Backgrounds/difficulty8_image0.png","response":3,"category":"Cat","background_difficulty":"8","image_path":"images/Cat/With_Backgrounds/difficulty8_image0.png","trial_type":"image-button-response","trial_index":36,"time_elapsed":55778,"internal_node_id":"0.0-2.0-0.34"},{"rt":997,"stimulus":"images/Human/With_Backgrounds/difficulty4_image1.png","response":5,"category":"Human","background_difficulty":"4","image_path":"images/Human/With_Backgrounds/difficulty4_image1.png","trial_type":"image-button-response","trial_index":37,"time_elapsed":56778,"internal_node_id":"0.0-2.0-0.35"},{"rt":1115,"stimulus":"images/Broccoli/With_Backgrounds/difficulty6_image3.png","response":1,"category":"Broccoli","background_difficulty":"6","image_path":"images/Broccoli/With_Backgrounds/difficulty6_image3.png","trial_type":"image-button-response","trial_index":38,"time_elapsed":57895,"internal_node_id":"0.0-2.0-0.36"},{"rt":1198,"stimulus":"images/Car/With_Backgrounds/difficulty1_image8.png","response":2,"category":"Car","background_difficulty":"1","image_path":"images/Car/With_Backgrounds/difficulty1_image8.png","trial_type":"image-button-response","trial_index":39,"time_elapsed":59094,"internal_node_id":"0.0-2.0-0.37"},{"rt":1130,"stimulus":"images/Car/With_Backgrounds/difficulty0_image1.png","response":2,"category":"Car","background_difficulty":"0","image_path":"images/Car/With_Backgrounds/difficulty0_image1.png","trial_type":"image-button-response","trial_index":40,"time_elapsed":60227,"internal_node_id":"0.0-2.0-0.38"},{"rt":1149,"stimulus":"images/Boat/With_Backgrounds/difficulty2_image1.png","response":0,"category":"Boat","background_difficulty":"2","image_path":"images/Boat/With_Backgrounds/difficulty2_image1.png","trial_type":"image-button-response","trial_index":41,"time_elapsed":61378,"internal_node_id":"0.0-2.0-0.39"},{"rt":1163,"stimulus":"images/Human/With_Backgrounds/difficulty6_image5.png","response":5,"category":"Human","background_difficulty":"6","image_path":"images/Human/With_Backgrounds/difficulty6_image5.png","trial_type":"image-button-response","trial_index":42,"time_elapsed":62544,"internal_node_id":"0.0-2.0-0.40"},{"rt":1232,"stimulus":"images/Other/With_Backgrounds/difficulty5_image3.png","response":7,"category":"Other","background_difficulty":"5","image_path":"images/Other/With_Backgrounds/difficulty5_image3.png","trial_type":"image-button-response","trial_index":43,"time_elapsed":63778,"internal_node_id":"0.0-2.0-0.41"},{"rt":1197,"stimulus":"images/Car/With_Backgrounds/difficulty8_image0.png","response":2,"category":"Car","background_difficulty":"8","image_path":"images/Car/With_Backgrounds/difficulty8_image0.png","trial_type":"image-button-response","trial_index":44,"time_elapsed":64978,"internal_node_id":"0.0-2.0-0.42"},{"rt":1314,"stimulus":"images/Boat/With_Backgrounds/difficulty1_image9.png","response":0,"category":"Boat","background_difficulty":"1","image_path":"images/Boat/With_Backgrounds/difficulty1_image9.png","trial_type":"image-button-response","trial_index":45,"time_elapsed":66294,"internal_node_id":"0.0-2.0-0.43"},{"rt":1299,"stimulus":"images/Other/With_Backgrounds/difficulty4_image0.png","response":7,"category":"Other","background_difficulty":"4","image_path":"images/Other/With_Backgrounds/difficulty4_image0.png","trial_type":"image-button-response","trial_index":46,"time_elapsed":67595,"internal_node_id":"0.0-2.0-0.44"},{"rt":896,"stimulus":"images/Human/With_Backgrounds/difficulty8_image3.png","response":5,"category":"Human","background_difficulty":"8","image_path":"images/Human/With_Backgrounds/difficulty8_image3.png","trial_type":"image-button-response","trial_index":47,"time_elapsed":68494,"internal_node_id":"0.0-2.0-0.45"},{"rt":1231,"stimulus":"images/Broccoli/With_Backgrounds/difficulty4_image1.png","response":1,"category":"Broccoli","background_difficulty":"4","image_path":"images/Broccoli/With_Backgrounds/difficulty4_image1.png","trial_type":"image-button-response","trial_index":48,"time_elapsed":69727,"internal_node_id":"0.0-2.0-0.46"},{"rt":1531,"stimulus":"images/Cat/With_Backgrounds/difficulty6_image8.png","response":3,"category":"Cat","background_difficulty":"6","image_path":"images/Cat/With_Backgrounds/difficulty6_image8.png","trial_type":"image-button-response","trial_index":49,"time_elapsed":71261,"internal_node_id":"0.0-2.0-0.47"},{"rt":1381,"stimulus":"images/Tree/With_Backgrounds/difficulty3_image9.png","response":6,"category":"Tree","background_difficulty":"3","image_path":"images/Tree/With_Backgrounds/difficulty3_image9.png","trial_type":"image-button-response","trial_index":50,"time_elapsed":72644,"internal_node_id":"0.0-2.0-0.48"},{"rt":1047,"stimulus":"images/Dog/With_Backgrounds/difficulty1_image3.png","response":4,"category":"Dog","background_difficulty":"1","image_path":"images/Dog/With_Backgrounds/difficulty1_image3.png","trial_type":"image-button-response","trial_index":51,"time_elapsed":73695,"internal_node_id":"0.0-2.0-0.49"},{"rt":1147,"stimulus":"images/Broccoli/With_Backgrounds/difficulty2_image7.png","response":1,"category":"Broccoli","background_difficulty":"2","image_path":"images/Broccoli/With_Backgrounds/difficulty2_image7.png","trial_type":"image-button-response","trial_index":52,"time_elapsed":74844,"internal_node_id":"0.0-2.0-0.50"},{"rt":1747,"stimulus":"images/Other/With_Backgrounds/difficulty8_image9.png","response":7,"category":"Other","background_difficulty":"8","image_path":"images/Other/With_Backgrounds/difficulty8_image9.png","trial_type":"image-button-response","trial_index":53,"time_elapsed":76594,"internal_node_id":"0.0-2.0-0.51"},{"rt":1214,"stimulus":"images/Dog/With_Backgrounds/difficulty6_image2.png","response":4,"category":"Dog","background_difficulty":"6","image_path":"images/Dog/With_Backgrounds/difficulty6_image2.png","trial_type":"image-button-response","trial_index":54,"time_elapsed":77811,"internal_node_id":"0.0-2.0-0.52"},{"rt":1348,"stimulus":"images/Tree/With_Backgrounds/difficulty1_image5.png","response":6,"category":"Tree","background_difficulty":"1","image_path":"images/Tree/With_Backgrounds/difficulty1_image5.png","trial_type":"image-button-response","trial_index":55,"time_elapsed":79161,"internal_node_id":"0.0-2.0-0.53"},{"rt":897,"stimulus":"images/Human/With_Backgrounds/difficulty7_image2.png","response":5,"category":"Human","background_difficulty":"7","image_path":"images/Human/With_Backgrounds/difficulty7_image2.png","trial_type":"image-button-response","trial_index":56,"time_elapsed":80061,"internal_node_id":"0.0-2.0-0.54"},{"rt":1331,"stimulus":"images/Other/With_Backgrounds/difficulty0_image8.png","response":7,"category":"Other","background_difficulty":"0","image_path":"images/Other/With_Backgrounds/difficulty0_image8.png","trial_type":"image-button-response","trial_index":57,"time_elapsed":81394,"internal_node_id":"0.0-2.0-0.55"},{"rt":1147,"stimulus":"images/Tree/With_Backgrounds/difficulty8_image2.png","response":6,"category":"Tree","background_difficulty":"8","image_path":"images/Tree/With_Backgrounds/difficulty8_image2.png","trial_type":"image-button-response","trial_index":58,"time_elapsed":82544,"internal_node_id":"0.0-2.0-0.56"},{"rt":1314,"stimulus":"images/Boat/With_Backgrounds/difficulty4_image2.png","response":0,"category":"Boat","background_difficulty":"4","image_path":"images/Boat/With_Backgrounds/difficulty4_image2.png","trial_type":"image-button-response","trial_index":59,"time_elapsed":83860,"internal_node_id":"0.0-2.0-0.57"},{"rt":932,"stimulus":"images/Boat/With_Backgrounds/difficulty7_image8.png","response":0,"category":"Boat","background_difficulty":"7","image_path":"images/Boat/With_Backgrounds/difficulty7_image8.png","trial_type":"image-button-response","trial_index":60,"time_elapsed":84795,"internal_node_id":"0.0-2.0-0.58"},{"rt":1296,"stimulus":"images/Car/With_Backgrounds/difficulty5_image9.png","response":2,"category":"Car","background_difficulty":"5","image_path":"images/Car/With_Backgrounds/difficulty5_image9.png","trial_type":"image-button-response","trial_index":61,"time_elapsed":86094,"internal_node_id":"0.0-2.0-0.59"},{"rt":1148,"stimulus":"images/Dog/With_Backgrounds/difficulty5_image5.png","response":4,"category":"Dog","background_difficulty":"5","image_path":"images/Dog/With_Backgrounds/difficulty5_image5.png","trial_type":"image-button-response","trial_index":62,"time_elapsed":87244,"internal_node_id":"0.0-2.0-0.60"},{"rt":1114,"stimulus":"images/Broccoli/With_Backgrounds/difficulty8_image5.png","response":1,"category":"Broccoli","background_difficulty":"8","image_path":"images/Broccoli/With_Backgrounds/difficulty8_image5.png","trial_type":"image-button-response","trial_index":63,"time_elapsed":88360,"internal_node_id":"0.0-2.0-0.61"},{"rt":1097,"stimulus":"images/Dog/With_Backgrounds/difficulty2_image4.png","response":4,"category":"Dog","background_difficulty":"2","image_path":"images/Dog/With_Backgrounds/difficulty2_image4.png","trial_type":"image-button-response","trial_index":64,"time_elapsed":89460,"internal_node_id":"0.0-2.0-0.62"},{"rt":1000,"stimulus":"images/Human/With_Backgrounds/difficulty5_image8.png","response":5,"category":"Human","background_difficulty":"5","image_path":"images/Human/With_Backgrounds/difficulty5_image8.png","trial_type":"image-button-response","trial_index":65,"time_elapsed":90461,"internal_node_id":"0.0-2.0-0.63"},{"rt":1663,"stimulus":"images/Broccoli/With_Backgrounds/difficulty5_image0.png","response":1,"category":"Broccoli","background_difficulty":"5","image_path":"images/Broccoli/With_Backgrounds/difficulty5_image0.png","trial_type":"image-button-response","trial_index":66,"time_elapsed":92127,"internal_node_id":"0.0-2.0-0.64"},{"rt":1299,"stimulus":"images/Human/With_Backgrounds/difficulty3_image9.png","response":5,"category":"Human","background_difficulty":"3","image_path":"images/Human/With_Backgrounds/difficulty3_image9.png","trial_type":"image-button-response","trial_index":67,"time_elapsed":93427,"internal_node_id":"0.0-2.0-0.65"},{"rt":1114,"stimulus":"images/Boat/With_Backgrounds/difficulty5_image0.png","response":0,"category":"Boat","background_difficulty":"5","image_path":"images/Boat/With_Backgrounds/difficulty5_image0.png","trial_type":"image-button-response","trial_index":68,"time_elapsed":94544,"internal_node_id":"0.0-2.0-0.66"},{"rt":1014,"stimulus":"images/Broccoli/With_Backgrounds/difficulty7_image4.png","response":1,"category":"Broccoli","background_difficulty":"7","image_path":"images/Broccoli/With_Backgrounds/difficulty7_image4.png","trial_type":"image-button-response","trial_index":69,"time_elapsed":95560,"internal_node_id":"0.0-2.0-0.67"},{"rt":1314,"stimulus":"images/Dog/With_Backgrounds/difficulty4_image0.png","response":4,"category":"Dog","background_difficulty":"4","image_path":"images/Dog/With_Backgrounds/difficulty4_image0.png","trial_type":"image-button-response","trial_index":70,"time_elapsed":96877,"internal_node_id":"0.0-2.0-0.68"},{"rt":1465,"stimulus":"images/Other/With_Backgrounds/difficulty6_image1.png","response":7,"category":"Other","background_difficulty":"6","image_path":"images/Other/With_Backgrounds/difficulty6_image1.png","trial_type":"image-button-response","trial_index":71,"time_elapsed":98344,"internal_node_id":"0.0-2.0-0.69"},{"rt":1163,"stimulus":"images/Cat/With_Backgrounds/difficulty2_image7.png","response":3,"category":"Cat","background_difficulty":"2","image_path":"images/Cat/With_Backgrounds/difficulty2_image7.png","trial_type":"image-button-response","trial_index":72,"time_elapsed":99510,"internal_node_id":"0.0-2.0-0.70"},{"rt":848,"stimulus":"images/Cat/With_Backgrounds/difficulty1_image6.png","response":3,"category":"Cat","background_difficulty":"1","image_path":"images/Cat/With_Backgrounds/difficulty1_image6.png","trial_type":"image-button-response","trial_index":73,"time_elapsed":100360,"internal_node_id":"0.0-2.0-0.71"},{"rt":1315,"stimulus":["<h2>Press the button below to end experiment.</h2><p>Thank you for participating!</p>"],"response":0,"trial_type":"html-button-response","trial_index":74,"time_elapsed":101678,"internal_node_id":"0.0-3.0"}]