[{"success":true,"timeout":false,"failed_images":[],"failed_audio":[],"failed_video":[],"trial_type":"preload","trial_index":0,"time_elapsed":784,"internal_node_id":"0.0-0.0"},{"rt":1734,"stimulus":["<h2>Noisy background image classification</h2><p>In this experiment you will briefly see images on top of colored squares of various sizes.</p><p>Your task is to report what each image is, selecting \"None of the Above\" if none of the given options are correct.</p> <p>The possible options are <strong>Boat</strong>, <strong>Broccoli</strong>, <strong>Car</strong>, <strong>Cat</strong>, <strong>Dog</strong>, <strong>Human</strong>, <strong>Tree</strong>, and <strong>None of the Above</strong>"],"response":0,"trial_type":"html-button-response","trial_index":1,"time_elapsed":2519,"internal_node_id":"0.0-1.0"},{"rt":4530,"stimulus":"images/Other/With_Backgrounds/difficulty0_image4.png","response":7,"category":"Other","background_difficulty":"0","image_path":"images/Other/With_Backgrounds/difficulty0_image4.png","trial_type":"image-button-response","trial_index":2,"time_elapsed":7056,"internal_node_id":"0.0-2.0-0.0"},{"rt":1565,"stimulus":"images/Broccoli/With_Backgrounds/difficulty8_image7.png","response":1,"category":"Broccoli","background_difficulty":"8","image_path":"images/Broccoli/With_Backgrounds/difficulty8_image7.png","trial_type":"image-button-response","trial_index":3,"time_elapsed":8623,"internal_node_id":"0.0-2.0-0.1"},{"rt":2908,"stimulus":"images/Human/With_Backgrounds/difficulty4_image9.png","response":5,"category":"Human","background_difficulty":"4","image_path":"images/Human/With_Backgrounds/difficulty4_image9.png","trial_type":"image-button-response","trial_index":4,"time_elapsed":11533,"internal_node_id":"0.0-2.0-0.2"},{"rt":1296,"stimulus":"images/Broccoli/With_Backgrounds/difficulty4_image9.png","response":1,"category":"Broccoli","background_difficulty":"4","image_path":"images/Broccoli/With_Backgrounds/difficulty4_image9.png","trial_type":"image-button-response","trial_index":5,"time_elapsed":12831,"internal_node_id":"0.0-2.0-0.3"},{"rt":861,"stimulus":"images/Broccoli/With_Backgrounds/difficulty6_image4.png","response":1,"category":"Broccoli","background_difficulty":"6","image_path":"images/Broccoli/With_Backgrounds/difficulty6_image4.png","trial_type":"image-button-response","trial_index":6,"time_elapsed":13693,"internal_node_id":"0.0-2.0-0.4"},{"rt":1692,"stimulus":"images/Boat/With_Backgrounds/difficulty8_image1.png","response":0,"category":"Boat","background_difficulty":"8","image_path":"images/Boat/With_Backgrounds/difficulty8_image1.png","trial_type":"image-button-response","trial_index":7,"time_elapsed":15387,"internal_node_id":"0.0-2.0-0.5"},{"rt":1111,"stimulus":"images/Human/With_Backgrounds/difficulty3_image3.png","response":5,"category":"Human","background_difficulty":"3","image_path":"images/Human/With_Backgrounds/difficulty3_image3.png","trial_type":"image-button-response","trial_index":8,"time_elapsed":16499,"internal_node_id":"0.0-2.0-0.6"},{"rt":1251,"stimulus":"images/Cat/With_Backgrounds/difficulty3_image6.png","response":3,"category":"Cat","background_difficulty":"3","image_path":"images/Cat/With_Backgrounds/difficulty3_image6.png","trial_type":"image-button-response","trial_index":9,"time_elapsed":17751,"internal_node_id":"0.0-2.0-0.7"},{"rt":973,"stimulus":"images/Tree/With_Backgrounds/difficulty4_image9.png","response":6,"category":"Tree","background_difficulty":"4","image_path":"images/Tree/With_Backgrounds/difficulty4_image9.png","trial_type":"image-button-response","trial_index":10,"time_elapsed":18726,"internal_node_id":"0.0-2.0-0.8"},{"rt":914,"stimulus":"images/Dog/With_Backgrounds/difficulty6_image4.png","response":4,"category":"Dog","background_difficulty":"6","image_path":"images/Dog/With_Backgrounds/difficulty6_image4.png","trial_type":"image-button-response","trial_index":11,"time_elapsed":19641,"internal_node_id":"0.0-2.0-0.9"},{"rt":981,"stimulus":"images/Cat/With_Backgrounds/difficulty8_image5.png","response":3,"category":"Cat","background_difficulty":"8","image_path":"images/Cat/With_Backgrounds/difficulty8_image5.png","trial_type":"image-button-response","trial_index":12,"time_elapsed":20623,"internal_node_id":"0.0-2.0-0.10"},{"rt":1536,"stimulus":"images/Boat/With_Backgrounds/difficulty3_image5.png","response":0,"category":"Boat","background_difficulty":"3","image_path":"images/Boat/With_Backgrounds/difficulty3_image5.png","trial_type":"image-button-response","trial_index":13,"time_elapsed":22161,"internal_node_id":"0.0-2.0-0.11"},{"rt":2646,"stimulus":"images/Other/With_Backgrounds/difficulty8_image3.png","response":7,"category":"Other","background_difficulty":"8","image_path":"images/Other/With_Backgrounds/difficulty8_image3.png","trial_type":"image-button-response","trial_index":14,"time_elapsed":24808,"internal_node_id":"0.0-2.0-0.12"},{"rt":1039,"stimulus":"images/Boat/With_Backgrounds/difficulty6_image4.png","response":0,"category":"Boat","background_difficulty":"6","image_path":"images/Boat/With_Backgrounds/difficulty6_image4.png","trial_type":"image-button-response","trial_index":15,"time_elapsed":25849,"internal_node_id":"0.0-2.0-0.13"},{"rt":1381,"stimulus":"images/Car/With_Backgrounds/difficulty1_image2.png","response":1,"category":"Car","background_difficulty":"1","image_path":"images/Car/With_Backgrounds/difficulty1_image2.png","trial_type":"image-button-response","trial_index":16,"time_elapsed":27231,"internal_node_id":"0.0-2.0-0.14"},{"rt":1056,"stimulus":"images/Car/With_Backgrounds/difficulty3_image3.png","response":2,"category":"Car","background_difficulty":"3","image_path":"images/Car/With_Backgrounds/difficulty3_image3.png","trial_type":"image-button-response","trial_index":17,"time_elapsed":28288,"internal_node_id":"0.0-2.0-0.15"},{"rt":1139,"stimulus":"images/Cat/With_Backgrounds/difficulty7_image7.png","response":3,"category":"Cat","background_difficulty":"7","image_path":"images/Cat/With_Backgrounds/difficulty7_image7.png","trial_type":"image-button-response","trial_index":18,"time_elapsed":29428,"internal_node_id":"0.0-2.0-0.16"},{"rt":1026,"stimulus":"images/Human/With_Backgrounds/difficulty5_image2.png","response":5,"category":"Human","background_difficulty":"5","image_path":"images/Human/With_Backgrounds/difficulty5_image2.png","trial_type":"image-button-response","trial_index":19,"time_elapsed":30456,"internal_node_id":"0.0-2.0-0.17"},{"rt":1251,"stimulus":"images/Broccoli/With_Backgrounds/difficulty5_image1.png","response":2,"category":"Broccoli","background_difficulty":"5","image_path":"images/Broccoli/With_Backgrounds/difficulty5_image1.png","trial_type":"image-button-response","trial_index":20,"time_elapsed":31708,"internal_node_id":"0.0-2.0-0.18"},{"rt":2204,"stimulus":"images/Boat/With_Backgrounds/difficulty1_image3.png","response":0,"category":"Boat","background_difficulty":"1","image_path":"images/Boat/With_Backgrounds/difficulty1_image3.png","trial_type":"image-button-response","trial_index":21,"time_elapsed":33913,"internal_node_id":"0.0-2.0-0.19"},{"rt":1461,"stimulus":"images/Other/With_Backgrounds/difficulty5_image2.png","response":7,"category":"Other","background_difficulty":"5","image_path":"images/Other/With_Backgrounds/difficulty5_image2.png","trial_type":"image-button-response","trial_index":22,"time_elapsed":35376,"internal_node_id":"0.0-2.0-0.20"},{"rt":987,"stimulus":"images/Cat/With_Backgrounds/difficulty5_image1.png","response":3,"category":"Cat","background_difficulty":"5","image_path":"images/Cat/With_Backgrounds/difficulty5_image1.png","trial_type":"image-button-response","trial_index":23,"time_elapsed":36364,"internal_node_id":"0.0-2.0-0.21"},{"rt":1021,"stimulus":"images/Tree/With_Backgrounds/difficulty6_image0.png","response":6,"category":"Tree","background_difficulty":"6","image_path":"images/Tree/With_Backgrounds/difficulty6_image0.png","trial_type":"image-button-response","trial_index":24,"time_elapsed":37386,"internal_node_id":"0.0-2.0-0.22"},{"rt":1086,"stimulus":"images/Car/With_Backgrounds/difficulty0_image1.png","response":2,"category":"Car","background_difficulty":"0","image_path":"images/Car/With_Backgrounds/difficulty0_image1.png","trial_type":"image-button-response","trial_index":25,"time_elapsed":38473,"internal_node_id":"0.0-2.0-0.23"},{"rt":1116,"stimulus":"images/Human/With_Backgrounds/difficulty0_image7.png","response":5,"category":"Human","background_difficulty":"0","image_path":"images/Human/With_Backgrounds/difficulty0_image7.png","trial_type":"image-button-response","trial_index":26,"time_elapsed":39591,"internal_node_id":"0.0-2.0-0.24"},{"rt":1274,"stimulus":"images/Car/With_Backgrounds/difficulty4_image6.png","response":2,"category":"Car","background_difficulty":"4","image_path":"images/Car/With_Backgrounds/difficulty4_image6.png","trial_type":"image-button-response","trial_index":27,"time_elapsed":40866,"internal_node_id":"0.0-2.0-0.25"},{"rt":1506,"stimulus":"images/Other/With_Backgrounds/difficulty2_image9.png","response":7,"category":"Other","background_difficulty":"2","image_path":"images/Other/With_Backgrounds/difficulty2_image9.png","trial_type":"image-button-response","trial_index":28,"time_elapsed":42373,"internal_node_id":"0.0-2.0-0.26"},{"rt":1063,"stimulus":"images/Other/With_Backgrounds/difficulty4_image8.png","response":7,"category":"Other","background_difficulty":"4","image_path":"images/Other/With_Backgrounds/difficulty4_image8.png","trial_type":"image-button-response","trial_index":29,"time_elapsed":43438,"internal_node_id":"0.0-2.0-0.27"},{"rt":1432,"stimulus":"images/Cat/With_Backgrounds/difficulty1_image8.png","response":3,"category":"Cat","background_difficulty":"1","image_path":"images/Cat/With_Backgrounds/difficulty1_image8.png","trial_type":"image-button-response","trial_index":30,"time_elapsed":44871,"internal_node_id":"0.0-2.0-0.28"},{"rt":1251,"stimulus":"images/Broccoli/With_Backgrounds/difficulty3_image2.png","response":6,"category":"Broccoli","background_difficulty":"3","image_path":"images/Broccoli/With_Backgrounds/difficulty3_image2.png","trial_type":"image-button-response","trial_index":31,"time_elapsed":46123,"internal_node_id":"0.0-2.0-0.29"},{"rt":1837,"stimulus":"images/Human/With_Backgrounds/difficulty1_image1.png","response":5,"category":"Human","background_difficulty":"1","image_path":"images/Human/With_Backgrounds/difficulty1_image1.png","trial_type":"image-button-response","trial_index":32,"time_elapsed":47961,"internal_node_id":"0.0-2.0-0.30"},{"rt":1528,"stimulus":"images/Dog/With_Backgrounds/difficulty0_image0.png","response":4,"category":"Dog","background_difficulty":"0","image_path":"images/Dog/With_Backgrounds/difficulty0_image0.png","trial_type":"image-button-response","trial_index":33,"time_elapsed":49491,"internal_node_id":"0.0-2.0-0.31"},{"rt":1221,"stimulus":"images/Tree/With_Backgrounds/difficulty5_image2.png","response":6,"category":"Tree","background_difficulty":"5","image_path":"images/Tree/With_Backgrounds/difficulty5_image2.png","trial_type":"image-button-response","trial_index":34,"time_elapsed":50713,"internal_node_id":"0.0-2.0-0.32"},{"rt":1011,"stimulus":"images/Dog/With_Backgrounds/difficulty1_image5.png","response":4,"category":"Dog","background_difficulty":"1","image_path":"images/Dog/With_Backgrounds/difficulty1_image5.png","trial_type":"image-button-response","trial_index":35,"time_elapsed":51726,"internal_node_id":"0.0-2.0-0.33"},{"rt":1251,"stimulus":"images/Car/With_Backgrounds/difficulty5_image4.png","response":2,"category":"Car","background_difficulty":"5","image_path":"images/Car/With_Backgrounds/difficulty5_image4.png","trial_type":"image-button-response","trial_index":36,"time_elapsed":52978,"internal_node_id":"0.0-2.0-0.34"},{"rt":1379,"stimulus":"images/Dog/With_Backgrounds/difficulty5_image7.png","response":4,"category":"Dog","background_difficulty":"5","image_path":"images/Dog/With_Backgrounds/difficulty5_image7.png","trial_type":"image-button-response","trial_index":37,"time_elapsed":54358,"internal_node_id":"0.0-2.0-0.35"},{"rt":1199,"stimulus":"images/Boat/With_Backgrounds/difficulty0_image8.png","response":0,"category":"Boat","background_difficulty":"0","image_path":"images/Boat/With_Backgrounds/difficulty0_image8.png","trial_type":"image-button-response","trial_index":38,"time_elapsed":55558,"internal_node_id":"0.0-2.0-0.36"},{"rt":1048,"stimulus":"images/Tree/With_Backgrounds/difficulty1_image7.png","response":6,"category":"Tree","background_difficulty":"1","image_path":"images/Tree/With_Backgrounds/difficulty1_image7.png","trial_type":"image-button-response","trial_index":39,"time_elapsed":56608,"internal_node_id":"0.0-2.0-0.37"},{"rt":1287,"stimulus":"images/Car/With_Backgrounds/difficulty8_image5.png","response":2,"category":"Car","background_difficulty":"8","image_path":"images/Car/With_Backgrounds/difficulty8_image5.png","trial_type":"image-button-response","trial_index":40,"time_elapsed":57897,"internal_node_id":"0.0-2.0-0.38"},{"rt":645,"stimulus":"images/Car/With_Backgrounds/difficulty6_image8.png","response":2,"category":"Car","background_difficulty":"6","image_path":"images/Car/With_Backgrounds/difficulty6_image8.png","trial_type":"image-button-response","trial_index":41,"time_elapsed":58542,"internal_node_id":"0.0-2.0-0.39"},{"rt":928,"stimulus":"images/Dog/With_Backgrounds/difficulty7_image6.png","response":4,"category":"Dog","background_difficulty":"7","image_path":"images/Dog/With_Backgrounds/difficulty7_image6.png","trial_type":"image-button-response","trial_index":42,"time_elapsed":59471,"internal_node_id":"0.0-2.0-0.40"},{"rt":1237,"stimulus":"images/Boat/With_Backgrounds/difficulty5_image6.png","response":0,"category":"Boat","background_difficulty":"5","image_path":"images/Boat/With_Backgrounds/difficulty5_image6.png","trial_type":"image-button-response","trial_index":43,"time_elapsed":60710,"internal_node_id":"0.0-2.0-0.41"},{"rt":1566,"stimulus":"images/Car/With_Backgrounds/difficulty2_image7.png","response":2,"category":"Car","background_difficulty":"2","image_path":"images/Car/With_Backgrounds/difficulty2_image7.png","trial_type":"image-button-response","trial_index":44,"time_elapsed":62276,"internal_node_id":"0.0-2.0-0.42"},{"rt":854,"stimulus":"images/Human/With_Backgrounds/difficulty7_image5.png","response":5,"category":"Human","background_difficulty":"7","image_path":"images/Human/With_Backgrounds/difficulty7_image5.png","trial_type":"image-button-response","trial_index":45,"time_elapsed":63131,"internal_node_id":"0.0-2.0-0.43"},{"rt":1515,"stimulus":"images/Broccoli/With_Backgrounds/difficulty2_image0.png","response":1,"category":"Broccoli","background_difficulty":"2","image_path":"images/Broccoli/With_Backgrounds/difficulty2_image0.png","trial_type":"image-button-response","trial_index":46,"time_elapsed":64647,"internal_node_id":"0.0-2.0-0.44"},{"rt":1371,"stimulus":"images/Tree/With_Backgrounds/difficulty3_image6.png","response":6,"category":"Tree","background_difficulty":"3","image_path":"images/Tree/With_Backgrounds/difficulty3_image6.png","trial_type":"image-button-response","trial_index":47,"time_elapsed":66020,"internal_node_id":"0.0-2.0-0.45"},{"rt":688,"stimulus":"images/Tree/With_Backgrounds/difficulty8_image1.png","response":6,"category":"Tree","background_difficulty":"8","image_path":"images/Tree/With_Backgrounds/difficulty8_image1.png","trial_type":"image-button-response","trial_index":48,"time_elapsed":66709,"internal_node_id":"0.0-2.0-0.46"},{"rt":1169,"stimulus":"images/Other/With_Backgrounds/difficulty1_image0.png","response":7,"category":"Other","background_difficulty":"1","image_path":"images/Other/With_Backgrounds/difficulty1_image0.png","trial_type":"image-button-response","trial_index":49,"time_elapsed":67879,"internal_node_id":"0.0-2.0-0.47"},{"rt":1500,"stimulus":"images/Other/With_Backgrounds/difficulty7_image1.png","response":7,"category":"Other","background_difficulty":"7","image_path":"images/Other/With_Backgrounds/difficulty7_image1.png","trial_type":"image-button-response","trial_index":50,"time_elapsed":69380,"internal_node_id":"0.0-2.0-0.48"},{"rt":959,"stimulus":"images/Human/With_Backgrounds/difficulty2_image4.png","response":5,"category":"Human","background_difficulty":"2","image_path":"images/Human/With_Backgrounds/difficulty2_image4.png","trial_type":"image-button-response","trial_index":51,"time_elapsed":70340,"internal_node_id":"0.0-2.0-0.49"},{"rt":771,"stimulus":"images/Dog/With_Backgrounds/difficulty8_image3.png","response":4,"category":"Dog","background_difficulty":"8","image_path":"images/Dog/With_Backgrounds/difficulty8_image3.png","trial_type":"image-button-response","trial_index":52,"time_elapsed":71112,"internal_node_id":"0.0-2.0-0.50"},{"rt":1649,"stimulus":"images/Boat/With_Backgrounds/difficulty2_image7.png","response":0,"category":"Boat","background_difficulty":"2","image_path":"images/Boat/With_Backgrounds/difficulty2_image7.png","trial_type":"image-button-response","trial_index":53,"time_elapsed":72762,"internal_node_id":"0.0-2.0-0.51"},{"rt":1034,"stimulus":"images/Tree/With_Backgrounds/difficulty0_image5.png","response":6,"category":"Tree","background_difficulty":"0","image_path":"images/Tree/With_Backgrounds/difficulty0_image5.png","trial_type":"image-button-response","trial_index":54,"time_elapsed":73797,"internal_node_id":"0.0-2.0-0.52"},{"rt":1101,"stimulus":"images/Human/With_Backgrounds/difficulty6_image0.png","response":5,"category":"Human","background_difficulty":"6","image_path":"images/Human/With_Backgrounds/difficulty6_image0.png","trial_type":"image-button-response","trial_index":55,"time_elapsed":74900,"internal_node_id":"0.0-2.0-0.53"},{"rt":1589,"stimulus":"images/Broccoli/With_Backgrounds/difficulty7_image6.png","response":1,"category":"Broccoli","background_difficulty":"7","image_path":"images/Broccoli/With_Backgrounds/difficulty7_image6.png","trial_type":"image-button-response","trial_index":56,"time_elapsed":76490,"internal_node_id":"0.0-2.0-0.54"},{"rt":989,"stimulus":"images/Human/With_Backgrounds/difficulty8_image6.png","response":5,"category":"Human","background_difficulty":"8","image_path":"images/Human/With_Backgrounds/difficulty8_image6.png","trial_type":"image-button-response","trial_index":57,"time_elapsed":77481,"internal_node_id":"0.0-2.0-0.55"},{"rt":1040,"stimulus":"images/Boat/With_Backgrounds/difficulty4_image2.png","response":0,"category":"Boat","background_difficulty":"4","image_path":"images/Boat/With_Backgrounds/difficulty4_image2.png","trial_type":"image-button-response","trial_index":58,"time_elapsed":78522,"internal_node_id":"0.0-2.0-0.56"},{"rt":1463,"stimulus":"images/Car/With_Backgrounds/difficulty7_image9.png","response":2,"category":"Car","background_difficulty":"7","image_path":"images/Car/With_Backgrounds/difficulty7_image9.png","trial_type":"image-button-response","trial_index":59,"time_elapsed":79986,"internal_node_id":"0.0-2.0-0.57"},{"rt":1003,"stimulus":"images/Tree/With_Backgrounds/difficulty2_image8.png","response":6,"category":"Tree","background_difficulty":"2","image_path":"images/Tree/With_Backgrounds/difficulty2_image8.png","trial_type":"image-button-response","trial_index":60,"time_elapsed":80990,"internal_node_id":"0.0-2.0-0.58"},{"rt":1634,"stimulus":"images/Boat/With_Backgrounds/difficulty7_image9.png","response":0,"category":"Boat","background_difficulty":"7","image_path":"images/Boat/With_Backgrounds/difficulty7_image9.png","trial_type":"image-button-response","trial_index":61,"time_elapsed":82625,"internal_node_id":"0.0-2.0-0.59"},{"rt":1304,"stimulus":"images/Broccoli/With_Backgrounds/difficulty1_image5.png","response":1,"category":"Broccoli","background_difficulty":"1","image_path":"images/Broccoli/With_Backgrounds/difficulty1_image5.png","trial_type":"image-button-response","trial_index":62,"time_elapsed":83931,"internal_node_id":"0.0-2.0-0.60"},{"rt":951,"stimulus":"images/Cat/With_Backgrounds/difficulty2_image0.png","response":3,"category":"Cat","background_difficulty":"2","image_path":"images/Cat/With_Backgrounds/difficulty2_image0.png","trial_type":"image-button-response","trial_index":63,"time_elapsed":84883,"internal_node_id":"0.0-2.0-0.61"},{"rt":666,"stimulus":"images/Cat/With_Backgrounds/difficulty4_image3.png","response":3,"category":"Cat","background_difficulty":"4","image_path":"images/Cat/With_Backgrounds/difficulty4_image3.png","trial_type":"image-button-response","trial_index":64,"time_elapsed":85550,"internal_node_id":"0.0-2.0-0.62"},{"rt":1694,"stimulus":"images/Other/With_Backgrounds/difficulty3_image5.png","response":7,"category":"Other","background_difficulty":"3","image_path":"images/Other/With_Backgrounds/difficulty3_image5.png","trial_type":"image-button-response","trial_index":65,"time_elapsed":87246,"internal_node_id":"0.0-2.0-0.63"},{"rt":1124,"stimulus":"images/Dog/With_Backgrounds/difficulty3_image2.png","response":4,"category":"Dog","background_difficulty":"3","image_path":"images/Dog/With_Backgrounds/difficulty3_image2.png","trial_type":"image-button-response","trial_index":66,"time_elapsed":88371,"internal_node_id":"0.0-2.0-0.64"},{"rt":1056,"stimulus":"images/Tree/With_Backgrounds/difficulty7_image4.png","response":6,"category":"Tree","background_difficulty":"7","image_path":"images/Tree/With_Backgrounds/difficulty7_image4.png","trial_type":"image-button-response","trial_index":67,"time_elapsed":89428,"internal_node_id":"0.0-2.0-0.65"},{"rt":936,"stimulus":"images/Dog/With_Backgrounds/difficulty4_image9.png","response":4,"category":"Dog","background_difficulty":"4","image_path":"images/Dog/With_Backgrounds/difficulty4_image9.png","trial_type":"image-button-response","trial_index":68,"time_elapsed":90366,"internal_node_id":"0.0-2.0-0.66"},{"rt":891,"stimulus":"images/Cat/With_Backgrounds/difficulty6_image2.png","response":3,"category":"Cat","background_difficulty":"6","image_path":"images/Cat/With_Backgrounds/difficulty6_image2.png","trial_type":"image-button-response","trial_index":69,"time_elapsed":91258,"internal_node_id":"0.0-2.0-0.67"},{"rt":1724,"stimulus":"images/Broccoli/With_Backgrounds/difficulty0_image8.png","response":1,"category":"Broccoli","background_difficulty":"0","image_path":"images/Broccoli/With_Backgrounds/difficulty0_image8.png","trial_type":"image-button-response","trial_index":70,"time_elapsed":92983,"internal_node_id":"0.0-2.0-0.68"},{"rt":1124,"stimulus":"images/Other/With_Backgrounds/difficulty6_image6.png","response":7,"category":"Other","background_difficulty":"6","image_path":"images/Other/With_Backgrounds/difficulty6_image6.png","trial_type":"image-button-response","trial_index":71,"time_elapsed":94108,"internal_node_id":"0.0-2.0-0.69"},{"rt":1094,"stimulus":"images/Dog/With_Backgrounds/difficulty2_image8.png","response":4,"category":"Dog","background_difficulty":"2","image_path":"images/Dog/With_Backgrounds/difficulty2_image8.png","trial_type":"image-button-response","trial_index":72,"time_elapsed":95203,"internal_node_id":"0.0-2.0-0.70"},{"rt":921,"stimulus":"images/Cat/With_Backgrounds/difficulty0_image4.png","response":3,"category":"Cat","background_difficulty":"0","image_path":"images/Cat/With_Backgrounds/difficulty0_image4.png","trial_type":"image-button-response","trial_index":73,"time_elapsed":96126,"internal_node_id":"0.0-2.0-0.71"},{"rt":898,"stimulus":["<h2>Press the button below to end experiment.</h2><p>Thank you for participating!</p>"],"response":0,"trial_type":"html-button-response","trial_index":74,"time_elapsed":97026,"internal_node_id":"0.0-3.0"}]