[{"success":true,"timeout":false,"failed_images":[],"failed_audio":[],"failed_video":[],"trial_type":"preload","trial_index":0,"time_elapsed":1201,"internal_node_id":"0.0-0.0"},{"rt":14439,"stimulus":["<h2>Noisy background image classification</h2><p>In this experiment you will briefly see images on top of colored squares of various sizes.</p><p>Your task is to report what each image is, selecting \"None of the Above\" if none of the given options are correct.</p> <p>The possible options are <strong>Boat</strong>, <strong>Broccoli</strong>, <strong>Car</strong>, <strong>Cat</strong>, <strong>Dog</strong>, <strong>Human</strong>, <strong>Tree</strong>, and <strong>None of the Above</strong>"],"response":0,"trial_type":"html-button-response","trial_index":1,"time_elapsed":15644,"internal_node_id":"0.0-1.0"},{"rt":2036,"stimulus":"images/Cat/With_Backgrounds/difficulty4_image3.png","response":3,"category":"Cat","background_difficulty":"4","image_path":"images/Cat/With_Backgrounds/difficulty4_image3.png","trial_type":"image-button-response","trial_index":2,"time_elapsed":17716,"internal_node_id":"0.0-2.0-0.0"},{"rt":1420,"stimulus":"images/Human/With_Backgrounds/difficulty1_image3.png","response":5,"category":"Human","background_difficulty":"1","image_path":"images/Human/With_Backgrounds/difficulty1_image3.png","trial_type":"image-button-response","trial_index":3,"time_elapsed":19139,"internal_node_id":"0.0-2.0-0.1"},{"rt":1091,"stimulus":"images/Cat/With_Backgrounds/difficulty5_image1.png","response":3,"category":"Cat","background_difficulty":"5","image_path":"images/Cat/With_Backgrounds/difficulty5_image1.png","trial_type":"image-button-response","trial_index":4,"time_elapsed":20232,"internal_node_id":"0.0-2.0-0.2"},{"rt":3138,"stimulus":"images/Other/With_Backgrounds/difficulty8_image4.png","response":7,"category":"Other","background_difficulty":"8","image_path":"images/Other/With_Backgrounds/difficulty8_image4.png","trial_type":"image-button-response","trial_index":5,"time_elapsed":23371,"internal_node_id":"0.0-2.0-0.3"},{"rt":1085,"stimulus":"images/Dog/With_Backgrounds/difficulty1_image6.png","response":4,"category":"Dog","background_difficulty":"1","image_path":"images/Dog/With_Backgrounds/difficulty1_image6.png","trial_type":"image-button-response","trial_index":6,"time_elapsed":24458,"internal_node_id":"0.0-2.0-0.4"},{"rt":1124,"stimulus":"images/Dog/With_Backgrounds/difficulty5_image2.png","response":4,"category":"Dog","background_difficulty":"5","image_path":"images/Dog/With_Backgrounds/difficulty5_image2.png","trial_type":"image-button-response","trial_index":7,"time_elapsed":25585,"internal_node_id":"0.0-2.0-0.5"},{"rt":1275,"stimulus":"images/Broccoli/With_Backgrounds/difficulty4_image5.png","response":1,"category":"Broccoli","background_difficulty":"4","image_path":"images/Broccoli/With_Backgrounds/difficulty4_image5.png","trial_type":"image-button-response","trial_index":8,"time_elapsed":26863,"internal_node_id":"0.0-2.0-0.6"},{"rt":1697,"stimulus":"images/Tree/With_Backgrounds/difficulty0_image8.png","response":6,"category":"Tree","background_difficulty":"0","image_path":"images/Tree/With_Backgrounds/difficulty0_image8.png","trial_type":"image-button-response","trial_index":9,"time_elapsed":28563,"internal_node_id":"0.0-2.0-0.7"},{"rt":1492,"stimulus":"images/Car/With_Backgrounds/difficulty4_image3.png","response":2,"category":"Car","background_difficulty":"4","image_path":"images/Car/With_Backgrounds/difficulty4_image3.png","trial_type":"image-button-response","trial_index":10,"time_elapsed":30057,"internal_node_id":"0.0-2.0-0.8"},{"rt":1052,"stimulus":"images/Car/With_Backgrounds/difficulty8_image0.png","response":2,"category":"Car","background_difficulty":"8","image_path":"images/Car/With_Backgrounds/difficulty8_image0.png","trial_type":"image-button-response","trial_index":11,"time_elapsed":31112,"internal_node_id":"0.0-2.0-0.9"},{"rt":1886,"stimulus":"images/Other/With_Backgrounds/difficulty5_image5.png","response":7,"category":"Other","background_difficulty":"5","image_path":"images/Other/With_Backgrounds/difficulty5_image5.png","trial_type":"image-button-response","trial_index":12,"time_elapsed":33001,"internal_node_id":"0.0-2.0-0.10"},{"rt":1119,"stimulus":"images/Car/With_Backgrounds/difficulty1_image6.png","response":2,"category":"Car","background_difficulty":"1","image_path":"images/Car/With_Backgrounds/difficulty1_image6.png","trial_type":"image-button-response","trial_index":13,"time_elapsed":34122,"internal_node_id":"0.0-2.0-0.11"},{"rt":1193,"stimulus":"images/Human/With_Backgrounds/difficulty3_image4.png","response":5,"category":"Human","background_difficulty":"3","image_path":"images/Human/With_Backgrounds/difficulty3_image4.png","trial_type":"image-button-response","trial_index":14,"time_elapsed":35318,"internal_node_id":"0.0-2.0-0.12"},{"rt":939,"stimulus":"images/Human/With_Backgrounds/difficulty0_image8.png","response":5,"category":"Human","background_difficulty":"0","image_path":"images/Human/With_Backgrounds/difficulty0_image8.png","trial_type":"image-button-response","trial_index":15,"time_elapsed":36259,"internal_node_id":"0.0-2.0-0.13"},{"rt":2019,"stimulus":"images/Other/With_Backgrounds/difficulty3_image2.png","response":7,"category":"Other","background_difficulty":"3","image_path":"images/Other/With_Backgrounds/difficulty3_image2.png","trial_type":"image-button-response","trial_index":16,"time_elapsed":38280,"internal_node_id":"0.0-2.0-0.14"},{"rt":1232,"stimulus":"images/Broccoli/With_Backgrounds/difficulty3_image6.png","response":1,"category":"Broccoli","background_difficulty":"3","image_path":"images/Broccoli/With_Backgrounds/difficulty3_image6.png","trial_type":"image-button-response","trial_index":17,"time_elapsed":39514,"internal_node_id":"0.0-2.0-0.15"},{"rt":1090,"stimulus":"images/Human/With_Backgrounds/difficulty8_image9.png","response":5,"category":"Human","background_difficulty":"8","image_path":"images/Human/With_Backgrounds/difficulty8_image9.png","trial_type":"image-button-response","trial_index":18,"time_elapsed":40607,"internal_node_id":"0.0-2.0-0.16"},{"rt":955,"stimulus":"images/Human/With_Backgrounds/difficulty5_image6.png","response":5,"category":"Human","background_difficulty":"5","image_path":"images/Human/With_Backgrounds/difficulty5_image6.png","trial_type":"image-button-response","trial_index":19,"time_elapsed":41566,"internal_node_id":"0.0-2.0-0.17"},{"rt":1546,"stimulus":"images/Boat/With_Backgrounds/difficulty1_image2.png","response":0,"category":"Boat","background_difficulty":"1","image_path":"images/Boat/With_Backgrounds/difficulty1_image2.png","trial_type":"image-button-response","trial_index":20,"time_elapsed":43114,"internal_node_id":"0.0-2.0-0.18"},{"rt":1180,"stimulus":"images/Other/With_Backgrounds/difficulty2_image6.png","response":7,"category":"Other","background_difficulty":"2","image_path":"images/Other/With_Backgrounds/difficulty2_image6.png","trial_type":"image-button-response","trial_index":21,"time_elapsed":44296,"internal_node_id":"0.0-2.0-0.19"},{"rt":979,"stimulus":"images/Tree/With_Backgrounds/difficulty2_image1.png","response":6,"category":"Tree","background_difficulty":"2","image_path":"images/Tree/With_Backgrounds/difficulty2_image1.png","trial_type":"image-button-response","trial_index":22,"time_elapsed":45278,"internal_node_id":"0.0-2.0-0.20"},{"rt":1322,"stimulus":"images/Broccoli/With_Backgrounds/difficulty8_image1.png","response":1,"category":"Broccoli","background_difficulty":"8","image_path":"images/Broccoli/With_Backgrounds/difficulty8_image1.png","trial_type":"image-button-response","trial_index":23,"time_elapsed":46604,"internal_node_id":"0.0-2.0-0.21"},{"rt":1154,"stimulus":"images/Car/With_Backgrounds/difficulty2_image1.png","response":2,"category":"Car","background_difficulty":"2","image_path":"images/Car/With_Backgrounds/difficulty2_image1.png","trial_type":"image-button-response","trial_index":24,"time_elapsed":47762,"internal_node_id":"0.0-2.0-0.22"},{"rt":1028,"stimulus":"images/Dog/With_Backgrounds/difficulty3_image4.png","response":4,"category":"Dog","background_difficulty":"3","image_path":"images/Dog/With_Backgrounds/difficulty3_image4.png","trial_type":"image-button-response","trial_index":25,"time_elapsed":48792,"internal_node_id":"0.0-2.0-0.23"},{"rt":882,"stimulus":"images/Cat/With_Backgrounds/difficulty6_image0.png","response":3,"category":"Cat","background_difficulty":"6","image_path":"images/Cat/With_Backgrounds/difficulty6_image0.png","trial_type":"image-button-response","trial_index":26,"time_elapsed":49678,"internal_node_id":"0.0-2.0-0.24"},{"rt":1140,"stimulus":"images/Tree/With_Backgrounds/difficulty5_image9.png","response":6,"category":"Tree","background_difficulty":"5","image_path":"images/Tree/With_Backgrounds/difficulty5_image9.png","trial_type":"image-button-response","trial_index":27,"time_elapsed":50821,"internal_node_id":"0.0-2.0-0.25"},{"rt":1012,"stimulus":"images/Tree/With_Backgrounds/difficulty3_image5.png","response":6,"category":"Tree","background_difficulty":"3","image_path":"images/Tree/With_Backgrounds/difficulty3_image5.png","trial_type":"image-button-response","trial_index":28,"time_elapsed":51835,"internal_node_id":"0.0-2.0-0.26"},{"rt":1578,"stimulus":"images/Car/With_Backgrounds/difficulty5_image9.png","response":2,"category":"Car","background_difficulty":"5","image_path":"images/Car/With_Backgrounds/difficulty5_image9.png","trial_type":"image-button-response","trial_index":29,"time_elapsed":53415,"internal_node_id":"0.0-2.0-0.27"},{"rt":1524,"stimulus":"images/Boat/With_Backgrounds/difficulty7_image9.png","response":0,"category":"Boat","background_difficulty":"7","image_path":"images/Boat/With_Backgrounds/difficulty7_image9.png","trial_type":"image-button-response","trial_index":30,"time_elapsed":54942,"internal_node_id":"0.0-2.0-0.28"},{"rt":1202,"stimulus":"images/Broccoli/With_Backgrounds/difficulty1_image4.png","response":1,"category":"Broccoli","background_difficulty":"1","image_path":"images/Broccoli/With_Backgrounds/difficulty1_image4.png","trial_type":"image-button-response","trial_index":31,"time_elapsed":56147,"internal_node_id":"0.0-2.0-0.29"},{"rt":1555,"stimulus":"images/Car/With_Backgrounds/difficulty7_image8.png","response":2,"category":"Car","background_difficulty":"7","image_path":"images/Car/With_Backgrounds/difficulty7_image8.png","trial_type":"image-button-response","trial_index":32,"time_elapsed":57704,"internal_node_id":"0.0-2.0-0.30"},{"rt":996,"stimulus":"images/Cat/With_Backgrounds/difficulty1_image8.png","response":3,"category":"Cat","background_difficulty":"1","image_path":"images/Cat/With_Backgrounds/difficulty1_image8.png","trial_type":"image-button-response","trial_index":33,"time_elapsed":58702,"internal_node_id":"0.0-2.0-0.31"},{"rt":964,"stimulus":"images/Dog/With_Backgrounds/difficulty8_image3.png","response":4,"category":"Dog","background_difficulty":"8","image_path":"images/Dog/With_Backgrounds/difficulty8_image3.png","trial_type":"image-button-response","trial_index":34,"time_elapsed":59668,"internal_node_id":"0.0-2.0-0.32"},{"rt":917,"stimulus":"images/Dog/With_Backgrounds/difficulty4_image8.png","response":4,"category":"Dog","background_difficulty":"4","image_path":"images/Dog/With_Backgrounds/difficulty4_image8.png","trial_type":"image-button-response","trial_index":35,"time_elapsed":60587,"internal_node_id":"0.0-2.0-0.33"},{"rt":1283,"stimulus":"images/Boat/With_Backgrounds/difficulty3_image1.png","response":0,"category":"Boat","background_difficulty":"3","image_path":"images/Boat/With_Backgrounds/difficulty3_image1.png","trial_type":"image-button-response","trial_index":36,"time_elapsed":61873,"internal_node_id":"0.0-2.0-0.34"},{"rt":1124,"stimulus":"images/Human/With_Backgrounds/difficulty6_image1.png","response":5,"category":"Human","background_difficulty":"6","image_path":"images/Human/With_Backgrounds/difficulty6_image1.png","trial_type":"image-button-response","trial_index":37,"time_elapsed":62999,"internal_node_id":"0.0-2.0-0.35"},{"rt":1077,"stimulus":"images/Tree/With_Backgrounds/difficulty7_image0.png","response":6,"category":"Tree","background_difficulty":"7","image_path":"images/Tree/With_Backgrounds/difficulty7_image0.png","trial_type":"image-button-response","trial_index":38,"time_elapsed":64078,"internal_node_id":"0.0-2.0-0.36"},{"rt":883,"stimulus":"images/Tree/With_Backgrounds/difficulty8_image6.png","response":6,"category":"Tree","background_difficulty":"8","image_path":"images/Tree/With_Backgrounds/difficulty8_image6.png","trial_type":"image-button-response","trial_index":39,"time_elapsed":64964,"internal_node_id":"0.0-2.0-0.37"},{"rt":1104,"stimulus":"images/Dog/With_Backgrounds/difficulty2_image5.png","response":4,"category":"Dog","background_difficulty":"2","image_path":"images/Dog/With_Backgrounds/difficulty2_image5.png","trial_type":"image-button-response","trial_index":40,"time_elapsed":66070,"internal_node_id":"0.0-2.0-0.38"},{"rt":1527,"stimulus":"images/Tree/With_Backgrounds/difficulty1_image7.png","response":6,"category":"Tree","background_difficulty":"1","image_path":"images/Tree/With_Backgrounds/difficulty1_image7.png","trial_type":"image-button-response","trial_index":41,"time_elapsed":67599,"internal_node_id":"0.0-2.0-0.39"},{"rt":1252,"stimulus":"images/Broccoli/With_Backgrounds/difficulty7_image2.png","response":1,"category":"Broccoli","background_difficulty":"7","image_path":"images/Broccoli/With_Backgrounds/difficulty7_image2.png","trial_type":"image-button-response","trial_index":42,"time_elapsed":68854,"internal_node_id":"0.0-2.0-0.40"},{"rt":1051,"stimulus":"images/Other/With_Backgrounds/difficulty6_image7.png","response":7,"category":"Other","background_difficulty":"6","image_path":"images/Other/With_Backgrounds/difficulty6_image7.png","trial_type":"image-button-response","trial_index":43,"time_elapsed":69908,"internal_node_id":"0.0-2.0-0.41"},{"rt":1635,"stimulus":"images/Broccoli/With_Backgrounds/difficulty6_image8.png","response":1,"category":"Broccoli","background_difficulty":"6","image_path":"images/Broccoli/With_Backgrounds/difficulty6_image8.png","trial_type":"image-button-response","trial_index":44,"time_elapsed":71545,"internal_node_id":"0.0-2.0-0.42"},{"rt":1475,"stimulus":"images/Boat/With_Backgrounds/difficulty6_image7.png","response":0,"category":"Boat","background_difficulty":"6","image_path":"images/Boat/With_Backgrounds/difficulty6_image7.png","trial_type":"image-button-response","trial_index":45,"time_elapsed":73022,"internal_node_id":"0.0-2.0-0.43"},{"rt":891,"stimulus":"images/Boat/With_Backgrounds/difficulty5_image3.png","response":0,"category":"Boat","background_difficulty":"5","image_path":"images/Boat/With_Backgrounds/difficulty5_image3.png","trial_type":"image-button-response","trial_index":46,"time_elapsed":73916,"internal_node_id":"0.0-2.0-0.44"},{"rt":956,"stimulus":"images/Boat/With_Backgrounds/difficulty0_image0.png","response":0,"category":"Boat","background_difficulty":"0","image_path":"images/Boat/With_Backgrounds/difficulty0_image0.png","trial_type":"image-button-response","trial_index":47,"time_elapsed":74874,"internal_node_id":"0.0-2.0-0.45"},{"rt":1456,"stimulus":"images/Car/With_Backgrounds/difficulty6_image5.png","response":2,"category":"Car","background_difficulty":"6","image_path":"images/Car/With_Backgrounds/difficulty6_image5.png","trial_type":"image-button-response","trial_index":48,"time_elapsed":76333,"internal_node_id":"0.0-2.0-0.46"},{"rt":1079,"stimulus":"images/Car/With_Backgrounds/difficulty0_image7.png","response":2,"category":"Car","background_difficulty":"0","image_path":"images/Car/With_Backgrounds/difficulty0_image7.png","trial_type":"image-button-response","trial_index":49,"time_elapsed":77415,"internal_node_id":"0.0-2.0-0.47"},{"rt":1808,"stimulus":"images/Other/With_Backgrounds/difficulty0_image9.png","response":7,"category":"Other","background_difficulty":"0","image_path":"images/Other/With_Backgrounds/difficulty0_image9.png","trial_type":"image-button-response","trial_index":50,"time_elapsed":79225,"internal_node_id":"0.0-2.0-0.48"},{"rt":1291,"stimulus":"images/Cat/With_Backgrounds/difficulty8_image7.png","response":3,"category":"Cat","background_difficulty":"8","image_path":"images/Cat/With_Backgrounds/difficulty8_image7.png","trial_type":"image-button-response","trial_index":51,"time_elapsed":80519,"internal_node_id":"0.0-2.0-0.49"},{"rt":1564,"stimulus":"images/Other/With_Backgrounds/difficulty1_image1.png","response":7,"category":"Other","background_difficulty":"1","image_path":"images/Other/With_Backgrounds/difficulty1_image1.png","trial_type":"image-button-response","trial_index":52,"time_elapsed":82085,"internal_node_id":"0.0-2.0-0.50"},{"rt":1547,"stimulus":"images/Tree/With_Backgrounds/difficulty6_image4.png","response":6,"category":"Tree","background_difficulty":"6","image_path":"images/Tree/With_Backgrounds/difficulty6_image4.png","trial_type":"image-button-response","trial_index":53,"time_elapsed":83635,"internal_node_id":"0.0-2.0-0.51"},{"rt":1204,"stimulus":"images/Cat/With_Backgrounds/difficulty7_image6.png","response":3,"category":"Cat","background_difficulty":"7","image_path":"images/Cat/With_Backgrounds/difficulty7_image6.png","trial_type":"image-button-response","trial_index":54,"time_elapsed":84842,"internal_node_id":"0.0-2.0-0.52"},{"rt":1050,"stimulus":"images/Boat/With_Backgrounds/difficulty8_image8.png","response":0,"category":"Boat","background_difficulty":"8","image_path":"images/Boat/With_Backgrounds/difficulty8_image8.png","trial_type":"image-button-response","trial_index":55,"time_elapsed":85894,"internal_node_id":"0.0-2.0-0.53"},{"rt":1221,"stimulus":"images/Tree/With_Backgrounds/difficulty4_image3.png","response":6,"category":"Tree","background_difficulty":"4","image_path":"images/Tree/With_Backgrounds/difficulty4_image3.png","trial_type":"image-button-response","trial_index":56,"time_elapsed":87117,"internal_node_id":"0.0-2.0-0.54"},{"rt":1000,"stimulus":"images/Cat/With_Backgrounds/difficulty2_image5.png","response":3,"category":"Cat","background_difficulty":"2","image_path":"images/Cat/With_Backgrounds/difficulty2_image5.png","trial_type":"image-button-response","trial_index":57,"time_elapsed":88120,"internal_node_id":"0.0-2.0-0.55"},{"rt":1024,"stimulus":"images/Human/With_Backgrounds/difficulty7_image2.png","response":5,"category":"Human","background_difficulty":"7","image_path":"images/Human/With_Backgrounds/difficulty7_image2.png","trial_type":"image-button-response","trial_index":58,"time_elapsed":89146,"internal_node_id":"0.0-2.0-0.56"},{"rt":900,"stimulus":"images/Human/With_Backgrounds/difficulty4_image5.png","response":5,"category":"Human","background_difficulty":"4","image_path":"images/Human/With_Backgrounds/difficulty4_image5.png","trial_type":"image-button-response","trial_index":59,"time_elapsed":90048,"internal_node_id":"0.0-2.0-0.57"},{"rt":1475,"stimulus":"images/Other/With_Backgrounds/difficulty7_image3.png","response":7,"category":"Other","background_difficulty":"7","image_path":"images/Other/With_Backgrounds/difficulty7_image3.png","trial_type":"image-button-response","trial_index":60,"time_elapsed":91525,"internal_node_id":"0.0-2.0-0.58"},{"rt":1267,"stimulus":"images/Boat/With_Backgrounds/difficulty2_image6.png","response":0,"category":"Boat","background_difficulty":"2","image_path":"images/Boat/With_Backgrounds/difficulty2_image6.png","trial_type":"image-button-response","trial_index":61,"time_elapsed":92795,"internal_node_id":"0.0-2.0-0.59"},{"rt":1043,"stimulus":"images/Dog/With_Backgrounds/difficulty6_image7.png","response":4,"category":"Dog","background_difficulty":"6","image_path":"images/Dog/With_Backgrounds/difficulty6_image7.png","trial_type":"image-button-response","trial_index":62,"time_elapsed":93841,"internal_node_id":"0.0-2.0-0.60"},{"rt":996,"stimulus":"images/Human/With_Backgrounds/difficulty2_image7.png","response":5,"category":"Human","background_difficulty":"2","image_path":"images/Human/With_Backgrounds/difficulty2_image7.png","trial_type":"image-button-response","trial_index":63,"time_elapsed":94839,"internal_node_id":"0.0-2.0-0.61"},{"rt":1132,"stimulus":"images/Broccoli/With_Backgrounds/difficulty0_image7.png","response":1,"category":"Broccoli","background_difficulty":"0","image_path":"images/Broccoli/With_Backgrounds/difficulty0_image7.png","trial_type":"image-button-response","trial_index":64,"time_elapsed":95974,"internal_node_id":"0.0-2.0-0.62"},{"rt":954,"stimulus":"images/Broccoli/With_Backgrounds/difficulty5_image9.png","response":1,"category":"Broccoli","background_difficulty":"5","image_path":"images/Broccoli/With_Backgrounds/difficulty5_image9.png","trial_type":"image-button-response","trial_index":65,"time_elapsed":96931,"internal_node_id":"0.0-2.0-0.63"},{"rt":1452,"stimulus":"images/Car/With_Backgrounds/difficulty3_image2.png","response":2,"category":"Car","background_difficulty":"3","image_path":"images/Car/With_Backgrounds/difficulty3_image2.png","trial_type":"image-button-response","trial_index":66,"time_elapsed":98385,"internal_node_id":"0.0-2.0-0.64"},{"rt":1328,"stimulus":"images/Other/With_Backgrounds/difficulty4_image0.png","response":7,"category":"Other","background_difficulty":"4","image_path":"images/Other/With_Backgrounds/difficulty4_image0.png","trial_type":"image-button-response","trial_index":67,"time_elapsed":99716,"internal_node_id":"0.0-2.0-0.65"},{"rt":1056,"stimulus":"images/Cat/With_Backgrounds/difficulty0_image9.png","response":3,"category":"Cat","background_difficulty":"0","image_path":"images/Cat/With_Backgrounds/difficulty0_image9.png","trial_type":"image-button-response","trial_index":68,"time_elapsed":100773,"internal_node_id":"0.0-2.0-0.66"},{"rt":1060,"stimulus":"images/Dog/With_Backgrounds/difficulty7_image1.png","response":4,"category":"Dog","background_difficulty":"7","image_path":"images/Dog/With_Backgrounds/difficulty7_image1.png","trial_type":"image-button-response","trial_index":69,"time_elapsed":101835,"internal_node_id":"0.0-2.0-0.67"},{"rt":1282,"stimulus":"images/Boat/With_Backgrounds/difficulty4_image5.png","response":0,"category":"Boat","background_difficulty":"4","image_path":"images/Boat/With_Backgrounds/difficulty4_image5.png","trial_type":"image-button-response","trial_index":70,"time_elapsed":103121,"internal_node_id":"0.0-2.0-0.68"},{"rt":1155,"stimulus":"images/Broccoli/With_Backgrounds/difficulty2_image3.png","response":1,"category":"Broccoli","background_difficulty":"2","image_path":"images/Broccoli/With_Backgrounds/difficulty2_image3.png","trial_type":"image-button-response","trial_index":71,"time_elapsed":104279,"internal_node_id":"0.0-2.0-0.69"},{"rt":1260,"stimulus":"images/Dog/With_Backgrounds/difficulty0_image9.png","response":4,"category":"Dog","background_difficulty":"0","image_path":"images/Dog/With_Backgrounds/difficulty0_image9.png","trial_type":"image-button-response","trial_index":72,"time_elapsed":105542,"internal_node_id":"0.0-2.0-0.70"},{"rt":963,"stimulus":"images/Cat/With_Backgrounds/difficulty3_image2.png","response":3,"category":"Cat","background_difficulty":"3","image_path":"images/Cat/With_Backgrounds/difficulty3_image2.png","trial_type":"image-button-response","trial_index":73,"time_elapsed":106507,"internal_node_id":"0.0-2.0-0.71"},{"rt":949,"stimulus":["<h2>Press the button below to end experiment.</h2><p>Thank you for participating!</p>"],"response":0,"trial_type":"html-button-response","trial_index":74,"time_elapsed":107458,"internal_node_id":"0.0-3.0"}]