[{"success":true,"timeout":false,"failed_images":[],"failed_audio":[],"failed_video":[],"trial_type":"preload","trial_index":0,"time_elapsed":2430,"internal_node_id":"0.0-0.0"},{"rt":15304,"stimulus":["<h2>Noisy background image classification</h2><p>In this experiment you will briefly see images on top of colored squares of various sizes.</p><p>Your task is to report what each image is, selecting \"None of the Above\" if none of the given options are correct.</p> <p>The possible options are <strong>Boat</strong>, <strong>Broccoli</strong>, <strong>Car</strong>, <strong>Cat</strong>, <strong>Dog</strong>, <strong>Human</strong>, <strong>Tree</strong>, and <strong>None of the Above</strong>"],"response":0,"trial_type":"html-button-response","trial_index":1,"time_elapsed":17736,"internal_node_id":"0.0-1.0"},{"rt":2739,"stimulus":"images/Cat/With_Backgrounds/difficulty0_image2.png","response":3,"category":"Cat","background_difficulty":"0","image_path":"images/Cat/With_Backgrounds/difficulty0_image2.png","trial_type":"image-button-response","trial_index":2,"time_elapsed":20486,"internal_node_id":"0.0-2.0-0.0"},{"rt":2260,"stimulus":"images/Broccoli/With_Backgrounds/difficulty5_image7.png","response":1,"category":"Broccoli","background_difficulty":"5","image_path":"images/Broccoli/With_Backgrounds/difficulty5_image7.png","trial_type":"image-button-response","trial_index":3,"time_elapsed":22754,"internal_node_id":"0.0-2.0-0.1"},{"rt":3546,"stimulus":"images/Other/With_Backgrounds/difficulty2_image3.png","response":7,"category":"Other","background_difficulty":"2","image_path":"images/Other/With_Backgrounds/difficulty2_image3.png","trial_type":"image-button-response","trial_index":4,"time_elapsed":26307,"internal_node_id":"0.0-2.0-0.2"},{"rt":2328,"stimulus":"images/Car/With_Backgrounds/difficulty2_image1.png","response":2,"category":"Car","background_difficulty":"2","image_path":"images/Car/With_Backgrounds/difficulty2_image1.png","trial_type":"image-button-response","trial_index":5,"time_elapsed":28642,"internal_node_id":"0.0-2.0-0.3"},{"rt":2227,"stimulus":"images/Human/With_Backgrounds/difficulty5_image6.png","response":5,"category":"Human","background_difficulty":"5","image_path":"images/Human/With_Backgrounds/difficulty5_image6.png","trial_type":"image-button-response","trial_index":6,"time_elapsed":30877,"internal_node_id":"0.0-2.0-0.4"},{"rt":1943,"stimulus":"images/Broccoli/With_Backgrounds/difficulty3_image8.png","response":1,"category":"Broccoli","background_difficulty":"3","image_path":"images/Broccoli/With_Backgrounds/difficulty3_image8.png","trial_type":"image-button-response","trial_index":7,"time_elapsed":32828,"internal_node_id":"0.0-2.0-0.5"},{"rt":1342,"stimulus":"images/Broccoli/With_Backgrounds/difficulty4_image4.png","response":1,"category":"Broccoli","background_difficulty":"4","image_path":"images/Broccoli/With_Backgrounds/difficulty4_image4.png","trial_type":"image-button-response","trial_index":8,"time_elapsed":34179,"internal_node_id":"0.0-2.0-0.6"},{"rt":2041,"stimulus":"images/Boat/With_Backgrounds/difficulty8_image6.png","response":0,"category":"Boat","background_difficulty":"8","image_path":"images/Boat/With_Backgrounds/difficulty8_image6.png","trial_type":"image-button-response","trial_index":9,"time_elapsed":36231,"internal_node_id":"0.0-2.0-0.7"},{"rt":2812,"stimulus":"images/Other/With_Backgrounds/difficulty3_image8.png","response":7,"category":"Other","background_difficulty":"3","image_path":"images/Other/With_Backgrounds/difficulty3_image8.png","trial_type":"image-button-response","trial_index":10,"time_elapsed":39050,"internal_node_id":"0.0-2.0-0.8"},{"rt":3161,"stimulus":"images/Other/With_Backgrounds/difficulty5_image5.png","response":7,"category":"Other","background_difficulty":"5","image_path":"images/Other/With_Backgrounds/difficulty5_image5.png","trial_type":"image-button-response","trial_index":11,"time_elapsed":42219,"internal_node_id":"0.0-2.0-0.9"},{"rt":1995,"stimulus":"images/Other/With_Backgrounds/difficulty8_image6.png","response":7,"category":"Other","background_difficulty":"8","image_path":"images/Other/With_Backgrounds/difficulty8_image6.png","trial_type":"image-button-response","trial_index":12,"time_elapsed":44221,"internal_node_id":"0.0-2.0-0.10"},{"rt":1561,"stimulus":"images/Car/With_Backgrounds/difficulty6_image4.png","response":2,"category":"Car","background_difficulty":"6","image_path":"images/Car/With_Backgrounds/difficulty6_image4.png","trial_type":"image-button-response","trial_index":13,"time_elapsed":45789,"internal_node_id":"0.0-2.0-0.11"},{"rt":1895,"stimulus":"images/Tree/With_Backgrounds/difficulty4_image4.png","response":6,"category":"Tree","background_difficulty":"4","image_path":"images/Tree/With_Backgrounds/difficulty4_image4.png","trial_type":"image-button-response","trial_index":14,"time_elapsed":47690,"internal_node_id":"0.0-2.0-0.12"},{"rt":1493,"stimulus":"images/Dog/With_Backgrounds/difficulty5_image4.png","response":3,"category":"Dog","background_difficulty":"5","image_path":"images/Dog/With_Backgrounds/difficulty5_image4.png","trial_type":"image-button-response","trial_index":15,"time_elapsed":49191,"internal_node_id":"0.0-2.0-0.13"},{"rt":2978,"stimulus":"images/Human/With_Backgrounds/difficulty1_image9.png","response":5,"category":"Human","background_difficulty":"1","image_path":"images/Human/With_Backgrounds/difficulty1_image9.png","trial_type":"image-button-response","trial_index":16,"time_elapsed":52177,"internal_node_id":"0.0-2.0-0.14"},{"rt":2212,"stimulus":"images/Boat/With_Backgrounds/difficulty0_image5.png","response":0,"category":"Boat","background_difficulty":"0","image_path":"images/Boat/With_Backgrounds/difficulty0_image5.png","trial_type":"image-button-response","trial_index":17,"time_elapsed":54395,"internal_node_id":"0.0-2.0-0.15"},{"rt":1677,"stimulus":"images/Human/With_Backgrounds/difficulty0_image3.png","response":5,"category":"Human","background_difficulty":"0","image_path":"images/Human/With_Backgrounds/difficulty0_image3.png","trial_type":"image-button-response","trial_index":18,"time_elapsed":56080,"internal_node_id":"0.0-2.0-0.16"},{"rt":1389,"stimulus":"images/Human/With_Backgrounds/difficulty4_image5.png","response":5,"category":"Human","background_difficulty":"4","image_path":"images/Human/With_Backgrounds/difficulty4_image5.png","trial_type":"image-button-response","trial_index":19,"time_elapsed":57481,"internal_node_id":"0.0-2.0-0.17"},{"rt":2811,"stimulus":"images/Boat/With_Backgrounds/difficulty5_image3.png","response":7,"category":"Boat","background_difficulty":"5","image_path":"images/Boat/With_Backgrounds/difficulty5_image3.png","trial_type":"image-button-response","trial_index":20,"time_elapsed":60300,"internal_node_id":"0.0-2.0-0.18"},{"rt":1409,"stimulus":"images/Broccoli/With_Backgrounds/difficulty7_image0.png","response":1,"category":"Broccoli","background_difficulty":"7","image_path":"images/Broccoli/With_Backgrounds/difficulty7_image0.png","trial_type":"image-button-response","trial_index":21,"time_elapsed":61718,"internal_node_id":"0.0-2.0-0.19"},{"rt":1943,"stimulus":"images/Cat/With_Backgrounds/difficulty1_image3.png","response":3,"category":"Cat","background_difficulty":"1","image_path":"images/Cat/With_Backgrounds/difficulty1_image3.png","trial_type":"image-button-response","trial_index":22,"time_elapsed":63669,"internal_node_id":"0.0-2.0-0.20"},{"rt":1790,"stimulus":"images/Tree/With_Backgrounds/difficulty1_image6.png","response":6,"category":"Tree","background_difficulty":"1","image_path":"images/Tree/With_Backgrounds/difficulty1_image6.png","trial_type":"image-button-response","trial_index":23,"time_elapsed":65471,"internal_node_id":"0.0-2.0-0.21"},{"rt":3471,"stimulus":"images/Boat/With_Backgrounds/difficulty6_image2.png","response":0,"category":"Boat","background_difficulty":"6","image_path":"images/Boat/With_Backgrounds/difficulty6_image2.png","trial_type":"image-button-response","trial_index":24,"time_elapsed":68948,"internal_node_id":"0.0-2.0-0.22"},{"rt":1441,"stimulus":"images/Human/With_Backgrounds/difficulty8_image7.png","response":5,"category":"Human","background_difficulty":"8","image_path":"images/Human/With_Backgrounds/difficulty8_image7.png","trial_type":"image-button-response","trial_index":25,"time_elapsed":70399,"internal_node_id":"0.0-2.0-0.23"},{"rt":1862,"stimulus":"images/Tree/With_Backgrounds/difficulty7_image2.png","response":6,"category":"Tree","background_difficulty":"7","image_path":"images/Tree/With_Backgrounds/difficulty7_image2.png","trial_type":"image-button-response","trial_index":26,"time_elapsed":72268,"internal_node_id":"0.0-2.0-0.24"},{"rt":1640,"stimulus":"images/Tree/With_Backgrounds/difficulty5_image7.png","response":6,"category":"Tree","background_difficulty":"5","image_path":"images/Tree/With_Backgrounds/difficulty5_image7.png","trial_type":"image-button-response","trial_index":27,"time_elapsed":73919,"internal_node_id":"0.0-2.0-0.25"},{"rt":4295,"stimulus":"images/Other/With_Backgrounds/difficulty6_image7.png","response":7,"category":"Other","background_difficulty":"6","image_path":"images/Other/With_Backgrounds/difficulty6_image7.png","trial_type":"image-button-response","trial_index":28,"time_elapsed":78223,"internal_node_id":"0.0-2.0-0.26"},{"rt":7857,"stimulus":"images/Dog/With_Backgrounds/difficulty0_image0.png","response":7,"category":"Dog","background_difficulty":"0","image_path":"images/Dog/With_Backgrounds/difficulty0_image0.png","trial_type":"image-button-response","trial_index":29,"time_elapsed":86087,"internal_node_id":"0.0-2.0-0.27"},{"rt":1590,"stimulus":"images/Cat/With_Backgrounds/difficulty6_image4.png","response":3,"category":"Cat","background_difficulty":"6","image_path":"images/Cat/With_Backgrounds/difficulty6_image4.png","trial_type":"image-button-response","trial_index":30,"time_elapsed":87687,"internal_node_id":"0.0-2.0-0.28"},{"rt":2011,"stimulus":"images/Dog/With_Backgrounds/difficulty2_image5.png","response":4,"category":"Dog","background_difficulty":"2","image_path":"images/Dog/With_Backgrounds/difficulty2_image5.png","trial_type":"image-button-response","trial_index":31,"time_elapsed":89706,"internal_node_id":"0.0-2.0-0.29"},{"rt":1342,"stimulus":"images/Dog/With_Backgrounds/difficulty7_image9.png","response":4,"category":"Dog","background_difficulty":"7","image_path":"images/Dog/With_Backgrounds/difficulty7_image9.png","trial_type":"image-button-response","trial_index":32,"time_elapsed":91057,"internal_node_id":"0.0-2.0-0.30"},{"rt":2129,"stimulus":"images/Boat/With_Backgrounds/difficulty4_image4.png","response":0,"category":"Boat","background_difficulty":"4","image_path":"images/Boat/With_Backgrounds/difficulty4_image4.png","trial_type":"image-button-response","trial_index":33,"time_elapsed":93193,"internal_node_id":"0.0-2.0-0.31"},{"rt":1489,"stimulus":"images/Car/With_Backgrounds/difficulty7_image2.png","response":2,"category":"Car","background_difficulty":"7","image_path":"images/Car/With_Backgrounds/difficulty7_image2.png","trial_type":"image-button-response","trial_index":34,"time_elapsed":94693,"internal_node_id":"0.0-2.0-0.32"},{"rt":1747,"stimulus":"images/Tree/With_Backgrounds/difficulty6_image1.png","response":6,"category":"Tree","background_difficulty":"6","image_path":"images/Tree/With_Backgrounds/difficulty6_image1.png","trial_type":"image-button-response","trial_index":35,"time_elapsed":96446,"internal_node_id":"0.0-2.0-0.33"},{"rt":9236,"stimulus":"images/Car/With_Backgrounds/difficulty1_image6.png","response":7,"category":"Car","background_difficulty":"1","image_path":"images/Car/With_Backgrounds/difficulty1_image6.png","trial_type":"image-button-response","trial_index":36,"time_elapsed":105688,"internal_node_id":"0.0-2.0-0.34"},{"rt":2123,"stimulus":"images/Cat/With_Backgrounds/difficulty7_image6.png","response":3,"category":"Cat","background_difficulty":"7","image_path":"images/Cat/With_Backgrounds/difficulty7_image6.png","trial_type":"image-button-response","trial_index":37,"time_elapsed":107817,"internal_node_id":"0.0-2.0-0.35"},{"rt":1877,"stimulus":"images/Dog/With_Backgrounds/difficulty6_image7.png","response":4,"category":"Dog","background_difficulty":"6","image_path":"images/Dog/With_Backgrounds/difficulty6_image7.png","trial_type":"image-button-response","trial_index":38,"time_elapsed":109702,"internal_node_id":"0.0-2.0-0.36"},{"rt":1911,"stimulus":"images/Cat/With_Backgrounds/difficulty3_image5.png","response":3,"category":"Cat","background_difficulty":"3","image_path":"images/Cat/With_Backgrounds/difficulty3_image5.png","trial_type":"image-button-response","trial_index":39,"time_elapsed":111620,"internal_node_id":"0.0-2.0-0.37"},{"rt":1807,"stimulus":"images/Broccoli/With_Backgrounds/difficulty8_image2.png","response":1,"category":"Broccoli","background_difficulty":"8","image_path":"images/Broccoli/With_Backgrounds/difficulty8_image2.png","trial_type":"image-button-response","trial_index":40,"time_elapsed":113437,"internal_node_id":"0.0-2.0-0.38"},{"rt":1410,"stimulus":"images/Human/With_Backgrounds/difficulty3_image0.png","response":5,"category":"Human","background_difficulty":"3","image_path":"images/Human/With_Backgrounds/difficulty3_image0.png","trial_type":"image-button-response","trial_index":41,"time_elapsed":114855,"internal_node_id":"0.0-2.0-0.39"},{"rt":2506,"stimulus":"images/Tree/With_Backgrounds/difficulty2_image8.png","response":7,"category":"Tree","background_difficulty":"2","image_path":"images/Tree/With_Backgrounds/difficulty2_image8.png","trial_type":"image-button-response","trial_index":42,"time_elapsed":117379,"internal_node_id":"0.0-2.0-0.40"},{"rt":1822,"stimulus":"images/Car/With_Backgrounds/difficulty3_image5.png","response":2,"category":"Car","background_difficulty":"3","image_path":"images/Car/With_Backgrounds/difficulty3_image5.png","trial_type":"image-button-response","trial_index":43,"time_elapsed":119209,"internal_node_id":"0.0-2.0-0.41"},{"rt":1342,"stimulus":"images/Human/With_Backgrounds/difficulty7_image8.png","response":5,"category":"Human","background_difficulty":"7","image_path":"images/Human/With_Backgrounds/difficulty7_image8.png","trial_type":"image-button-response","trial_index":44,"time_elapsed":120560,"internal_node_id":"0.0-2.0-0.42"},{"rt":1559,"stimulus":"images/Dog/With_Backgrounds/difficulty8_image1.png","response":4,"category":"Dog","background_difficulty":"8","image_path":"images/Dog/With_Backgrounds/difficulty8_image1.png","trial_type":"image-button-response","trial_index":45,"time_elapsed":122128,"internal_node_id":"0.0-2.0-0.43"},{"rt":1661,"stimulus":"images/Boat/With_Backgrounds/difficulty2_image0.png","response":0,"category":"Boat","background_difficulty":"2","image_path":"images/Boat/With_Backgrounds/difficulty2_image0.png","trial_type":"image-button-response","trial_index":46,"time_elapsed":123796,"internal_node_id":"0.0-2.0-0.44"},{"rt":1240,"stimulus":"images/Boat/With_Backgrounds/difficulty3_image1.png","response":0,"category":"Boat","background_difficulty":"3","image_path":"images/Boat/With_Backgrounds/difficulty3_image1.png","trial_type":"image-button-response","trial_index":47,"time_elapsed":125047,"internal_node_id":"0.0-2.0-0.45"},{"rt":1444,"stimulus":"images/Tree/With_Backgrounds/difficulty0_image3.png","response":6,"category":"Tree","background_difficulty":"0","image_path":"images/Tree/With_Backgrounds/difficulty0_image3.png","trial_type":"image-button-response","trial_index":48,"time_elapsed":126498,"internal_node_id":"0.0-2.0-0.46"},{"rt":1978,"stimulus":"images/Car/With_Backgrounds/difficulty5_image7.png","response":2,"category":"Car","background_difficulty":"5","image_path":"images/Car/With_Backgrounds/difficulty5_image7.png","trial_type":"image-button-response","trial_index":49,"time_elapsed":128483,"internal_node_id":"0.0-2.0-0.47"},{"rt":1692,"stimulus":"images/Boat/With_Backgrounds/difficulty7_image7.png","response":0,"category":"Boat","background_difficulty":"7","image_path":"images/Boat/With_Backgrounds/difficulty7_image7.png","trial_type":"image-button-response","trial_index":50,"time_elapsed":130184,"internal_node_id":"0.0-2.0-0.48"},{"rt":2192,"stimulus":"images/Cat/With_Backgrounds/difficulty4_image8.png","response":3,"category":"Cat","background_difficulty":"4","image_path":"images/Cat/With_Backgrounds/difficulty4_image8.png","trial_type":"image-button-response","trial_index":51,"time_elapsed":132386,"internal_node_id":"0.0-2.0-0.49"},{"rt":1307,"stimulus":"images/Cat/With_Backgrounds/difficulty8_image7.png","response":3,"category":"Cat","background_difficulty":"8","image_path":"images/Cat/With_Backgrounds/difficulty8_image7.png","trial_type":"image-button-response","trial_index":52,"time_elapsed":133703,"internal_node_id":"0.0-2.0-0.50"},{"rt":1177,"stimulus":"images/Cat/With_Backgrounds/difficulty2_image1.png","response":3,"category":"Cat","background_difficulty":"2","image_path":"images/Cat/With_Backgrounds/difficulty2_image1.png","trial_type":"image-button-response","trial_index":53,"time_elapsed":134887,"internal_node_id":"0.0-2.0-0.51"},{"rt":1343,"stimulus":"images/Broccoli/With_Backgrounds/difficulty0_image3.png","response":1,"category":"Broccoli","background_difficulty":"0","image_path":"images/Broccoli/With_Backgrounds/difficulty0_image3.png","trial_type":"image-button-response","trial_index":54,"time_elapsed":136240,"internal_node_id":"0.0-2.0-0.52"},{"rt":1424,"stimulus":"images/Dog/With_Backgrounds/difficulty1_image6.png","response":4,"category":"Dog","background_difficulty":"1","image_path":"images/Dog/With_Backgrounds/difficulty1_image6.png","trial_type":"image-button-response","trial_index":55,"time_elapsed":137673,"internal_node_id":"0.0-2.0-0.53"},{"rt":1792,"stimulus":"images/Other/With_Backgrounds/difficulty0_image1.png","response":7,"category":"Other","background_difficulty":"0","image_path":"images/Other/With_Backgrounds/difficulty0_image1.png","trial_type":"image-button-response","trial_index":56,"time_elapsed":139475,"internal_node_id":"0.0-2.0-0.54"},{"rt":1464,"stimulus":"images/Broccoli/With_Backgrounds/difficulty2_image9.png","response":1,"category":"Broccoli","background_difficulty":"2","image_path":"images/Broccoli/With_Backgrounds/difficulty2_image9.png","trial_type":"image-button-response","trial_index":57,"time_elapsed":140946,"internal_node_id":"0.0-2.0-0.55"},{"rt":1891,"stimulus":"images/Other/With_Backgrounds/difficulty4_image4.png","response":7,"category":"Other","background_difficulty":"4","image_path":"images/Other/With_Backgrounds/difficulty4_image4.png","trial_type":"image-button-response","trial_index":58,"time_elapsed":142844,"internal_node_id":"0.0-2.0-0.56"},{"rt":2494,"stimulus":"images/Broccoli/With_Backgrounds/difficulty1_image1.png","response":1,"category":"Broccoli","background_difficulty":"1","image_path":"images/Broccoli/With_Backgrounds/difficulty1_image1.png","trial_type":"image-button-response","trial_index":59,"time_elapsed":145346,"internal_node_id":"0.0-2.0-0.57"},{"rt":1764,"stimulus":"images/Car/With_Backgrounds/difficulty0_image9.png","response":2,"category":"Car","background_difficulty":"0","image_path":"images/Car/With_Backgrounds/difficulty0_image9.png","trial_type":"image-button-response","trial_index":60,"time_elapsed":147117,"internal_node_id":"0.0-2.0-0.58"},{"rt":1424,"stimulus":"images/Car/With_Backgrounds/difficulty4_image8.png","response":2,"category":"Car","background_difficulty":"4","image_path":"images/Car/With_Backgrounds/difficulty4_image8.png","trial_type":"image-button-response","trial_index":61,"time_elapsed":148548,"internal_node_id":"0.0-2.0-0.59"},{"rt":1728,"stimulus":"images/Dog/With_Backgrounds/difficulty4_image8.png","response":4,"category":"Dog","background_difficulty":"4","image_path":"images/Dog/With_Backgrounds/difficulty4_image8.png","trial_type":"image-button-response","trial_index":62,"time_elapsed":150283,"internal_node_id":"0.0-2.0-0.60"},{"rt":2345,"stimulus":"images/Other/With_Backgrounds/difficulty1_image9.png","response":7,"category":"Other","background_difficulty":"1","image_path":"images/Other/With_Backgrounds/difficulty1_image9.png","trial_type":"image-button-response","trial_index":63,"time_elapsed":152635,"internal_node_id":"0.0-2.0-0.61"},{"rt":1512,"stimulus":"images/Boat/With_Backgrounds/difficulty1_image8.png","response":0,"category":"Boat","background_difficulty":"1","image_path":"images/Boat/With_Backgrounds/difficulty1_image8.png","trial_type":"image-button-response","trial_index":64,"time_elapsed":154156,"internal_node_id":"0.0-2.0-0.62"},{"rt":1591,"stimulus":"images/Human/With_Backgrounds/difficulty2_image2.png","response":5,"category":"Human","background_difficulty":"2","image_path":"images/Human/With_Backgrounds/difficulty2_image2.png","trial_type":"image-button-response","trial_index":65,"time_elapsed":155755,"internal_node_id":"0.0-2.0-0.63"},{"rt":1542,"stimulus":"images/Dog/With_Backgrounds/difficulty3_image3.png","response":4,"category":"Dog","background_difficulty":"3","image_path":"images/Dog/With_Backgrounds/difficulty3_image3.png","trial_type":"image-button-response","trial_index":66,"time_elapsed":157306,"internal_node_id":"0.0-2.0-0.64"},{"rt":3521,"stimulus":"images/Human/With_Backgrounds/difficulty6_image1.png","response":7,"category":"Human","background_difficulty":"6","image_path":"images/Human/With_Backgrounds/difficulty6_image1.png","trial_type":"image-button-response","trial_index":67,"time_elapsed":160836,"internal_node_id":"0.0-2.0-0.65"},{"rt":1556,"stimulus":"images/Car/With_Backgrounds/difficulty8_image0.png","response":2,"category":"Car","background_difficulty":"8","image_path":"images/Car/With_Backgrounds/difficulty8_image0.png","trial_type":"image-button-response","trial_index":68,"time_elapsed":162401,"internal_node_id":"0.0-2.0-0.66"},{"rt":1476,"stimulus":"images/Broccoli/With_Backgrounds/difficulty6_image5.png","response":1,"category":"Broccoli","background_difficulty":"6","image_path":"images/Broccoli/With_Backgrounds/difficulty6_image5.png","trial_type":"image-button-response","trial_index":69,"time_elapsed":163886,"internal_node_id":"0.0-2.0-0.67"},{"rt":1843,"stimulus":"images/Cat/With_Backgrounds/difficulty5_image0.png","response":3,"category":"Cat","background_difficulty":"5","image_path":"images/Cat/With_Backgrounds/difficulty5_image0.png","trial_type":"image-button-response","trial_index":70,"time_elapsed":165737,"internal_node_id":"0.0-2.0-0.68"},{"rt":1663,"stimulus":"images/Other/With_Backgrounds/difficulty7_image2.png","response":7,"category":"Other","background_difficulty":"7","image_path":"images/Other/With_Backgrounds/difficulty7_image2.png","trial_type":"image-button-response","trial_index":71,"time_elapsed":167409,"internal_node_id":"0.0-2.0-0.69"},{"rt":1440,"stimulus":"images/Tree/With_Backgrounds/difficulty3_image0.png","response":6,"category":"Tree","background_difficulty":"3","image_path":"images/Tree/With_Backgrounds/difficulty3_image0.png","trial_type":"image-button-response","trial_index":72,"time_elapsed":168859,"internal_node_id":"0.0-2.0-0.70"},{"rt":1323,"stimulus":"images/Tree/With_Backgrounds/difficulty8_image9.png","response":6,"category":"Tree","background_difficulty":"8","image_path":"images/Tree/With_Backgrounds/difficulty8_image9.png","trial_type":"image-button-response","trial_index":73,"time_elapsed":170190,"internal_node_id":"0.0-2.0-0.71"},{"rt":2218,"stimulus":["<h2>Press the button below to end experiment.</h2><p>Thank you for participating!</p>"],"response":0,"trial_type":"html-button-response","trial_index":74,"time_elapsed":172412,"internal_node_id":"0.0-3.0"}]