[{"success":true,"timeout":false,"failed_images":[],"failed_audio":[],"failed_video":[],"trial_type":"preload","trial_index":0,"time_elapsed":1542,"internal_node_id":"0.0-0.0"},{"rt":11296,"stimulus":["<h2>Noisy background image classification</h2><p>In this experiment you will briefly see images on top of colored squares of various sizes.</p><p>Your task is to report what each image is, selecting \"None of the Above\" if none of the given options are correct.</p> <p>The possible options are <strong>Boat</strong>, <strong>Broccoli</strong>, <strong>Car</strong>, <strong>Cat</strong>, <strong>Dog</strong>, <strong>Human</strong>, <strong>Tree</strong>, and <strong>None of the Above</strong>"],"response":0,"trial_type":"html-button-response","trial_index":1,"time_elapsed":12840,"internal_node_id":"0.0-1.0"},{"rt":5053,"stimulus":"images/Other/With_Backgrounds/difficulty6_image9.png","response":7,"category":"Other","background_difficulty":"6","image_path":"images/Other/With_Backgrounds/difficulty6_image9.png","trial_type":"image-button-response","trial_index":2,"time_elapsed":17900,"internal_node_id":"0.0-2.0-0.0"},{"rt":1689,"stimulus":"images/Tree/With_Backgrounds/difficulty7_image0.png","response":6,"category":"Tree","background_difficulty":"7","image_path":"images/Tree/With_Backgrounds/difficulty7_image0.png","trial_type":"image-button-response","trial_index":3,"time_elapsed":19592,"internal_node_id":"0.0-2.0-0.1"},{"rt":2044,"stimulus":"images/Boat/With_Backgrounds/difficulty7_image3.png","response":0,"category":"Boat","background_difficulty":"7","image_path":"images/Boat/With_Backgrounds/difficulty7_image3.png","trial_type":"image-button-response","trial_index":4,"time_elapsed":21637,"internal_node_id":"0.0-2.0-0.2"},{"rt":1723,"stimulus":"images/Tree/With_Backgrounds/difficulty4_image4.png","response":6,"category":"Tree","background_difficulty":"4","image_path":"images/Tree/With_Backgrounds/difficulty4_image4.png","trial_type":"image-button-response","trial_index":5,"time_elapsed":23362,"internal_node_id":"0.0-2.0-0.3"},{"rt":1852,"stimulus":"images/Car/With_Backgrounds/difficulty4_image2.png","response":2,"category":"Car","background_difficulty":"4","image_path":"images/Car/With_Backgrounds/difficulty4_image2.png","trial_type":"image-button-response","trial_index":6,"time_elapsed":25215,"internal_node_id":"0.0-2.0-0.4"},{"rt":1645,"stimulus":"images/Human/With_Backgrounds/difficulty7_image3.png","response":5,"category":"Human","background_difficulty":"7","image_path":"images/Human/With_Backgrounds/difficulty7_image3.png","trial_type":"image-button-response","trial_index":7,"time_elapsed":26863,"internal_node_id":"0.0-2.0-0.5"},{"rt":1946,"stimulus":"images/Other/With_Backgrounds/difficulty2_image7.png","response":7,"category":"Other","background_difficulty":"2","image_path":"images/Other/With_Backgrounds/difficulty2_image7.png","trial_type":"image-button-response","trial_index":8,"time_elapsed":28811,"internal_node_id":"0.0-2.0-0.6"},{"rt":1653,"stimulus":"images/Other/With_Backgrounds/difficulty3_image0.png","response":7,"category":"Other","background_difficulty":"3","image_path":"images/Other/With_Backgrounds/difficulty3_image0.png","trial_type":"image-button-response","trial_index":9,"time_elapsed":30466,"internal_node_id":"0.0-2.0-0.7"},{"rt":1483,"stimulus":"images/Boat/With_Backgrounds/difficulty5_image5.png","response":0,"category":"Boat","background_difficulty":"5","image_path":"images/Boat/With_Backgrounds/difficulty5_image5.png","trial_type":"image-button-response","trial_index":10,"time_elapsed":31950,"internal_node_id":"0.0-2.0-0.8"},{"rt":2056,"stimulus":"images/Human/With_Backgrounds/difficulty0_image1.png","response":5,"category":"Human","background_difficulty":"0","image_path":"images/Human/With_Backgrounds/difficulty0_image1.png","trial_type":"image-button-response","trial_index":11,"time_elapsed":34009,"internal_node_id":"0.0-2.0-0.9"},{"rt":2113,"stimulus":"images/Dog/With_Backgrounds/difficulty8_image9.png","response":4,"category":"Dog","background_difficulty":"8","image_path":"images/Dog/With_Backgrounds/difficulty8_image9.png","trial_type":"image-button-response","trial_index":12,"time_elapsed":36123,"internal_node_id":"0.0-2.0-0.10"},{"rt":1585,"stimulus":"images/Cat/With_Backgrounds/difficulty3_image7.png","response":3,"category":"Cat","background_difficulty":"3","image_path":"images/Cat/With_Backgrounds/difficulty3_image7.png","trial_type":"image-button-response","trial_index":13,"time_elapsed":37710,"internal_node_id":"0.0-2.0-0.11"},{"rt":1288,"stimulus":"images/Cat/With_Backgrounds/difficulty1_image9.png","response":3,"category":"Cat","background_difficulty":"1","image_path":"images/Cat/With_Backgrounds/difficulty1_image9.png","trial_type":"image-button-response","trial_index":14,"time_elapsed":39000,"internal_node_id":"0.0-2.0-0.12"},{"rt":2036,"stimulus":"images/Boat/With_Backgrounds/difficulty0_image6.png","response":0,"category":"Boat","background_difficulty":"0","image_path":"images/Boat/With_Backgrounds/difficulty0_image6.png","trial_type":"image-button-response","trial_index":15,"time_elapsed":41037,"internal_node_id":"0.0-2.0-0.13"},{"rt":1579,"stimulus":"images/Dog/With_Backgrounds/difficulty1_image6.png","response":4,"category":"Dog","background_difficulty":"1","image_path":"images/Dog/With_Backgrounds/difficulty1_image6.png","trial_type":"image-button-response","trial_index":16,"time_elapsed":42619,"internal_node_id":"0.0-2.0-0.14"},{"rt":1091,"stimulus":"images/Dog/With_Backgrounds/difficulty5_image7.png","response":4,"category":"Dog","background_difficulty":"5","image_path":"images/Dog/With_Backgrounds/difficulty5_image7.png","trial_type":"image-button-response","trial_index":17,"time_elapsed":43713,"internal_node_id":"0.0-2.0-0.15"},{"rt":1322,"stimulus":"images/Human/With_Backgrounds/difficulty3_image2.png","response":5,"category":"Human","background_difficulty":"3","image_path":"images/Human/With_Backgrounds/difficulty3_image2.png","trial_type":"image-button-response","trial_index":18,"time_elapsed":45036,"internal_node_id":"0.0-2.0-0.16"},{"rt":2017,"stimulus":"images/Boat/With_Backgrounds/difficulty8_image8.png","response":0,"category":"Boat","background_difficulty":"8","image_path":"images/Boat/With_Backgrounds/difficulty8_image8.png","trial_type":"image-button-response","trial_index":19,"time_elapsed":47054,"internal_node_id":"0.0-2.0-0.17"},{"rt":1593,"stimulus":"images/Broccoli/With_Backgrounds/difficulty8_image5.png","response":6,"category":"Broccoli","background_difficulty":"8","image_path":"images/Broccoli/With_Backgrounds/difficulty8_image5.png","trial_type":"image-button-response","trial_index":20,"time_elapsed":48649,"internal_node_id":"0.0-2.0-0.18"},{"rt":2134,"stimulus":"images/Boat/With_Backgrounds/difficulty6_image4.png","response":0,"category":"Boat","background_difficulty":"6","image_path":"images/Boat/With_Backgrounds/difficulty6_image4.png","trial_type":"image-button-response","trial_index":21,"time_elapsed":50785,"internal_node_id":"0.0-2.0-0.19"},{"rt":1329,"stimulus":"images/Tree/With_Backgrounds/difficulty2_image5.png","response":6,"category":"Tree","background_difficulty":"2","image_path":"images/Tree/With_Backgrounds/difficulty2_image5.png","trial_type":"image-button-response","trial_index":22,"time_elapsed":52116,"internal_node_id":"0.0-2.0-0.20"},{"rt":2245,"stimulus":"images/Broccoli/With_Backgrounds/difficulty5_image3.png","response":1,"category":"Broccoli","background_difficulty":"5","image_path":"images/Broccoli/With_Backgrounds/difficulty5_image3.png","trial_type":"image-button-response","trial_index":23,"time_elapsed":54362,"internal_node_id":"0.0-2.0-0.21"},{"rt":2369,"stimulus":"images/Cat/With_Backgrounds/difficulty8_image6.png","response":3,"category":"Cat","background_difficulty":"8","image_path":"images/Cat/With_Backgrounds/difficulty8_image6.png","trial_type":"image-button-response","trial_index":24,"time_elapsed":56734,"internal_node_id":"0.0-2.0-0.22"},{"rt":1521,"stimulus":"images/Tree/With_Backgrounds/difficulty8_image3.png","response":6,"category":"Tree","background_difficulty":"8","image_path":"images/Tree/With_Backgrounds/difficulty8_image3.png","trial_type":"image-button-response","trial_index":25,"time_elapsed":58257,"internal_node_id":"0.0-2.0-0.23"},{"rt":2107,"stimulus":"images/Cat/With_Backgrounds/difficulty0_image2.png","response":3,"category":"Cat","background_difficulty":"0","image_path":"images/Cat/With_Backgrounds/difficulty0_image2.png","trial_type":"image-button-response","trial_index":26,"time_elapsed":60365,"internal_node_id":"0.0-2.0-0.24"},{"rt":1953,"stimulus":"images/Tree/With_Backgrounds/difficulty1_image6.png","response":6,"category":"Tree","background_difficulty":"1","image_path":"images/Tree/With_Backgrounds/difficulty1_image6.png","trial_type":"image-button-response","trial_index":27,"time_elapsed":62320,"internal_node_id":"0.0-2.0-0.25"},{"rt":1870,"stimulus":"images/Human/With_Backgrounds/difficulty2_image7.png","response":5,"category":"Human","background_difficulty":"2","image_path":"images/Human/With_Backgrounds/difficulty2_image7.png","trial_type":"image-button-response","trial_index":28,"time_elapsed":64192,"internal_node_id":"0.0-2.0-0.26"},{"rt":2217,"stimulus":"images/Other/With_Backgrounds/difficulty0_image4.png","response":7,"category":"Other","background_difficulty":"0","image_path":"images/Other/With_Backgrounds/difficulty0_image4.png","trial_type":"image-button-response","trial_index":29,"time_elapsed":66412,"internal_node_id":"0.0-2.0-0.27"},{"rt":1592,"stimulus":"images/Cat/With_Backgrounds/difficulty5_image4.png","response":3,"category":"Cat","background_difficulty":"5","image_path":"images/Cat/With_Backgrounds/difficulty5_image4.png","trial_type":"image-button-response","trial_index":30,"time_elapsed":68006,"internal_node_id":"0.0-2.0-0.28"},{"rt":3562,"stimulus":"images/Broccoli/With_Backgrounds/difficulty2_image1.png","response":1,"category":"Broccoli","background_difficulty":"2","image_path":"images/Broccoli/With_Backgrounds/difficulty2_image1.png","trial_type":"image-button-response","trial_index":31,"time_elapsed":71570,"internal_node_id":"0.0-2.0-0.29"},{"rt":1550,"stimulus":"images/Boat/With_Backgrounds/difficulty4_image2.png","response":0,"category":"Boat","background_difficulty":"4","image_path":"images/Boat/With_Backgrounds/difficulty4_image2.png","trial_type":"image-button-response","trial_index":32,"time_elapsed":73122,"internal_node_id":"0.0-2.0-0.30"},{"rt":1344,"stimulus":"images/Broccoli/With_Backgrounds/difficulty3_image7.png","response":1,"category":"Broccoli","background_difficulty":"3","image_path":"images/Broccoli/With_Backgrounds/difficulty3_image7.png","trial_type":"image-button-response","trial_index":33,"time_elapsed":74468,"internal_node_id":"0.0-2.0-0.31"},{"rt":2621,"stimulus":"images/Car/With_Backgrounds/difficulty0_image6.png","response":2,"category":"Car","background_difficulty":"0","image_path":"images/Car/With_Backgrounds/difficulty0_image6.png","trial_type":"image-button-response","trial_index":34,"time_elapsed":77091,"internal_node_id":"0.0-2.0-0.32"},{"rt":1243,"stimulus":"images/Cat/With_Backgrounds/difficulty4_image1.png","response":3,"category":"Cat","background_difficulty":"4","image_path":"images/Cat/With_Backgrounds/difficulty4_image1.png","trial_type":"image-button-response","trial_index":35,"time_elapsed":78336,"internal_node_id":"0.0-2.0-0.33"},{"rt":1256,"stimulus":"images/Dog/With_Backgrounds/difficulty0_image5.png","response":4,"category":"Dog","background_difficulty":"0","image_path":"images/Dog/With_Backgrounds/difficulty0_image5.png","trial_type":"image-button-response","trial_index":36,"time_elapsed":79594,"internal_node_id":"0.0-2.0-0.34"},{"rt":1185,"stimulus":"images/Dog/With_Backgrounds/difficulty4_image3.png","response":4,"category":"Dog","background_difficulty":"4","image_path":"images/Dog/With_Backgrounds/difficulty4_image3.png","trial_type":"image-button-response","trial_index":37,"time_elapsed":80781,"internal_node_id":"0.0-2.0-0.35"},{"rt":1156,"stimulus":"images/Dog/With_Backgrounds/difficulty6_image0.png","response":4,"category":"Dog","background_difficulty":"6","image_path":"images/Dog/With_Backgrounds/difficulty6_image0.png","trial_type":"image-button-response","trial_index":38,"time_elapsed":81939,"internal_node_id":"0.0-2.0-0.36"},{"rt":1592,"stimulus":"images/Other/With_Backgrounds/difficulty4_image1.png","response":7,"category":"Other","background_difficulty":"4","image_path":"images/Other/With_Backgrounds/difficulty4_image1.png","trial_type":"image-button-response","trial_index":39,"time_elapsed":83534,"internal_node_id":"0.0-2.0-0.37"},{"rt":1802,"stimulus":"images/Human/With_Backgrounds/difficulty1_image6.png","response":5,"category":"Human","background_difficulty":"1","image_path":"images/Human/With_Backgrounds/difficulty1_image6.png","trial_type":"image-button-response","trial_index":40,"time_elapsed":85338,"internal_node_id":"0.0-2.0-0.38"},{"rt":1503,"stimulus":"images/Boat/With_Backgrounds/difficulty3_image9.png","response":0,"category":"Boat","background_difficulty":"3","image_path":"images/Boat/With_Backgrounds/difficulty3_image9.png","trial_type":"image-button-response","trial_index":41,"time_elapsed":86843,"internal_node_id":"0.0-2.0-0.39"},{"rt":1795,"stimulus":"images/Tree/With_Backgrounds/difficulty3_image1.png","response":6,"category":"Tree","background_difficulty":"3","image_path":"images/Tree/With_Backgrounds/difficulty3_image1.png","trial_type":"image-button-response","trial_index":42,"time_elapsed":88641,"internal_node_id":"0.0-2.0-0.40"},{"rt":2652,"stimulus":"images/Broccoli/With_Backgrounds/difficulty1_image9.png","response":1,"category":"Broccoli","background_difficulty":"1","image_path":"images/Broccoli/With_Backgrounds/difficulty1_image9.png","trial_type":"image-button-response","trial_index":43,"time_elapsed":91295,"internal_node_id":"0.0-2.0-0.41"},{"rt":4145,"stimulus":"images/Tree/With_Backgrounds/difficulty0_image8.png","response":6,"category":"Tree","background_difficulty":"0","image_path":"images/Tree/With_Backgrounds/difficulty0_image8.png","trial_type":"image-button-response","trial_index":44,"time_elapsed":95442,"internal_node_id":"0.0-2.0-0.42"},{"rt":1586,"stimulus":"images/Broccoli/With_Backgrounds/difficulty4_image2.png","response":1,"category":"Broccoli","background_difficulty":"4","image_path":"images/Broccoli/With_Backgrounds/difficulty4_image2.png","trial_type":"image-button-response","trial_index":45,"time_elapsed":97030,"internal_node_id":"0.0-2.0-0.43"},{"rt":1116,"stimulus":"images/Broccoli/With_Backgrounds/difficulty6_image0.png","response":1,"category":"Broccoli","background_difficulty":"6","image_path":"images/Broccoli/With_Backgrounds/difficulty6_image0.png","trial_type":"image-button-response","trial_index":46,"time_elapsed":98148,"internal_node_id":"0.0-2.0-0.44"},{"rt":1613,"stimulus":"images/Human/With_Backgrounds/difficulty8_image0.png","response":5,"category":"Human","background_difficulty":"8","image_path":"images/Human/With_Backgrounds/difficulty8_image0.png","trial_type":"image-button-response","trial_index":47,"time_elapsed":99763,"internal_node_id":"0.0-2.0-0.45"},{"rt":1808,"stimulus":"images/Other/With_Backgrounds/difficulty1_image6.png","response":7,"category":"Other","background_difficulty":"1","image_path":"images/Other/With_Backgrounds/difficulty1_image6.png","trial_type":"image-button-response","trial_index":48,"time_elapsed":101574,"internal_node_id":"0.0-2.0-0.46"},{"rt":1591,"stimulus":"images/Cat/With_Backgrounds/difficulty7_image3.png","response":3,"category":"Cat","background_difficulty":"7","image_path":"images/Cat/With_Backgrounds/difficulty7_image3.png","trial_type":"image-button-response","trial_index":49,"time_elapsed":103167,"internal_node_id":"0.0-2.0-0.47"},{"rt":1365,"stimulus":"images/Car/With_Backgrounds/difficulty7_image1.png","response":2,"category":"Car","background_difficulty":"7","image_path":"images/Car/With_Backgrounds/difficulty7_image1.png","trial_type":"image-button-response","trial_index":50,"time_elapsed":104533,"internal_node_id":"0.0-2.0-0.48"},{"rt":2853,"stimulus":"images/Dog/With_Backgrounds/difficulty7_image2.png","response":4,"category":"Dog","background_difficulty":"7","image_path":"images/Dog/With_Backgrounds/difficulty7_image2.png","trial_type":"image-button-response","trial_index":51,"time_elapsed":107388,"internal_node_id":"0.0-2.0-0.49"},{"rt":2733,"stimulus":"images/Car/With_Backgrounds/difficulty2_image7.png","response":2,"category":"Car","background_difficulty":"2","image_path":"images/Car/With_Backgrounds/difficulty2_image7.png","trial_type":"image-button-response","trial_index":52,"time_elapsed":110123,"internal_node_id":"0.0-2.0-0.50"},{"rt":1074,"stimulus":"images/Car/With_Backgrounds/difficulty3_image8.png","response":2,"category":"Car","background_difficulty":"3","image_path":"images/Car/With_Backgrounds/difficulty3_image8.png","trial_type":"image-button-response","trial_index":53,"time_elapsed":111199,"internal_node_id":"0.0-2.0-0.51"},{"rt":1639,"stimulus":"images/Other/With_Backgrounds/difficulty5_image5.png","response":7,"category":"Other","background_difficulty":"5","image_path":"images/Other/With_Backgrounds/difficulty5_image5.png","trial_type":"image-button-response","trial_index":54,"time_elapsed":112840,"internal_node_id":"0.0-2.0-0.52"},{"rt":1921,"stimulus":"images/Tree/With_Backgrounds/difficulty6_image2.png","response":6,"category":"Tree","background_difficulty":"6","image_path":"images/Tree/With_Backgrounds/difficulty6_image2.png","trial_type":"image-button-response","trial_index":55,"time_elapsed":114762,"internal_node_id":"0.0-2.0-0.53"},{"rt":1122,"stimulus":"images/Human/With_Backgrounds/difficulty6_image8.png","response":5,"category":"Human","background_difficulty":"6","image_path":"images/Human/With_Backgrounds/difficulty6_image8.png","trial_type":"image-button-response","trial_index":56,"time_elapsed":115886,"internal_node_id":"0.0-2.0-0.54"},{"rt":1524,"stimulus":"images/Car/With_Backgrounds/difficulty8_image9.png","response":2,"category":"Car","background_difficulty":"8","image_path":"images/Car/With_Backgrounds/difficulty8_image9.png","trial_type":"image-button-response","trial_index":57,"time_elapsed":117412,"internal_node_id":"0.0-2.0-0.55"},{"rt":1520,"stimulus":"images/Boat/With_Backgrounds/difficulty2_image1.png","response":0,"category":"Boat","background_difficulty":"2","image_path":"images/Boat/With_Backgrounds/difficulty2_image1.png","trial_type":"image-button-response","trial_index":58,"time_elapsed":118933,"internal_node_id":"0.0-2.0-0.56"},{"rt":1280,"stimulus":"images/Cat/With_Backgrounds/difficulty6_image5.png","response":3,"category":"Cat","background_difficulty":"6","image_path":"images/Cat/With_Backgrounds/difficulty6_image5.png","trial_type":"image-button-response","trial_index":59,"time_elapsed":120216,"internal_node_id":"0.0-2.0-0.57"},{"rt":1615,"stimulus":"images/Other/With_Backgrounds/difficulty7_image8.png","response":7,"category":"Other","background_difficulty":"7","image_path":"images/Other/With_Backgrounds/difficulty7_image8.png","trial_type":"image-button-response","trial_index":60,"time_elapsed":121833,"internal_node_id":"0.0-2.0-0.58"},{"rt":1439,"stimulus":"images/Boat/With_Backgrounds/difficulty1_image0.png","response":0,"category":"Boat","background_difficulty":"1","image_path":"images/Boat/With_Backgrounds/difficulty1_image0.png","trial_type":"image-button-response","trial_index":61,"time_elapsed":123273,"internal_node_id":"0.0-2.0-0.59"},{"rt":1390,"stimulus":"images/Dog/With_Backgrounds/difficulty2_image8.png","response":4,"category":"Dog","background_difficulty":"2","image_path":"images/Dog/With_Backgrounds/difficulty2_image8.png","trial_type":"image-button-response","trial_index":62,"time_elapsed":124666,"internal_node_id":"0.0-2.0-0.60"},{"rt":2689,"stimulus":"images/Car/With_Backgrounds/difficulty5_image4.png","response":2,"category":"Car","background_difficulty":"5","image_path":"images/Car/With_Backgrounds/difficulty5_image4.png","trial_type":"image-button-response","trial_index":63,"time_elapsed":127358,"internal_node_id":"0.0-2.0-0.61"},{"rt":1302,"stimulus":"images/Human/With_Backgrounds/difficulty5_image5.png","response":5,"category":"Human","background_difficulty":"5","image_path":"images/Human/With_Backgrounds/difficulty5_image5.png","trial_type":"image-button-response","trial_index":64,"time_elapsed":128662,"internal_node_id":"0.0-2.0-0.62"},{"rt":1256,"stimulus":"images/Tree/With_Backgrounds/difficulty5_image9.png","response":6,"category":"Tree","background_difficulty":"5","image_path":"images/Tree/With_Backgrounds/difficulty5_image9.png","trial_type":"image-button-response","trial_index":65,"time_elapsed":129920,"internal_node_id":"0.0-2.0-0.63"},{"rt":1912,"stimulus":"images/Broccoli/With_Backgrounds/difficulty7_image4.png","response":1,"category":"Broccoli","background_difficulty":"7","image_path":"images/Broccoli/With_Backgrounds/difficulty7_image4.png","trial_type":"image-button-response","trial_index":66,"time_elapsed":131834,"internal_node_id":"0.0-2.0-0.64"},{"rt":2375,"stimulus":"images/Car/With_Backgrounds/difficulty1_image0.png","response":2,"category":"Car","background_difficulty":"1","image_path":"images/Car/With_Backgrounds/difficulty1_image0.png","trial_type":"image-button-response","trial_index":67,"time_elapsed":134210,"internal_node_id":"0.0-2.0-0.65"},{"rt":1100,"stimulus":"images/Car/With_Backgrounds/difficulty6_image3.png","response":2,"category":"Car","background_difficulty":"6","image_path":"images/Car/With_Backgrounds/difficulty6_image3.png","trial_type":"image-button-response","trial_index":68,"time_elapsed":135313,"internal_node_id":"0.0-2.0-0.66"},{"rt":1418,"stimulus":"images/Dog/With_Backgrounds/difficulty3_image4.png","response":4,"category":"Dog","background_difficulty":"3","image_path":"images/Dog/With_Backgrounds/difficulty3_image4.png","trial_type":"image-button-response","trial_index":69,"time_elapsed":136733,"internal_node_id":"0.0-2.0-0.67"},{"rt":1157,"stimulus":"images/Human/With_Backgrounds/difficulty4_image4.png","response":5,"category":"Human","background_difficulty":"4","image_path":"images/Human/With_Backgrounds/difficulty4_image4.png","trial_type":"image-button-response","trial_index":70,"time_elapsed":137892,"internal_node_id":"0.0-2.0-0.68"},{"rt":1175,"stimulus":"images/Cat/With_Backgrounds/difficulty2_image0.png","response":3,"category":"Cat","background_difficulty":"2","image_path":"images/Cat/With_Backgrounds/difficulty2_image0.png","trial_type":"image-button-response","trial_index":71,"time_elapsed":139070,"internal_node_id":"0.0-2.0-0.69"},{"rt":2021,"stimulus":"images/Other/With_Backgrounds/difficulty8_image3.png","response":7,"category":"Other","background_difficulty":"8","image_path":"images/Other/With_Backgrounds/difficulty8_image3.png","trial_type":"image-button-response","trial_index":72,"time_elapsed":141093,"internal_node_id":"0.0-2.0-0.70"},{"rt":1821,"stimulus":"images/Broccoli/With_Backgrounds/difficulty0_image6.png","response":1,"category":"Broccoli","background_difficulty":"0","image_path":"images/Broccoli/With_Backgrounds/difficulty0_image6.png","trial_type":"image-button-response","trial_index":73,"time_elapsed":142916,"internal_node_id":"0.0-2.0-0.71"},{"rt":1183,"stimulus":["<h2>Press the button below to end experiment.</h2><p>Thank you for participating!</p>"],"response":0,"trial_type":"html-button-response","trial_index":74,"time_elapsed":144101,"internal_node_id":"0.0-3.0"}]