[{"success":true,"timeout":false,"failed_images":[],"failed_audio":[],"failed_video":[],"trial_type":"preload","trial_index":0,"time_elapsed":9354,"internal_node_id":"0.0-0.0"},{"rt":1694,"stimulus":["<h2>Noisy background image classification</h2><p>In this experiment you will briefly see images on top of colored squares of various sizes.</p><p>Your task is to report what each image is, selecting \"None of the Above\" if none of the given options are correct.</p> <p>The possible options are <strong>Boat</strong>, <strong>Broccoli</strong>, <strong>Car</strong>, <strong>Cat</strong>, <strong>Dog</strong>, <strong>Human</strong>, <strong>Tree</strong>, and <strong>None of the Above</strong>"],"response":0,"trial_type":"html-button-response","trial_index":1,"time_elapsed":11056,"internal_node_id":"0.0-1.0"},{"rt":6617,"stimulus":"images/Cat/With_Backgrounds/difficulty7_image0.png","response":3,"category":"Cat","background_difficulty":"7","image_path":"images/Cat/With_Backgrounds/difficulty7_image0.png","trial_type":"image-button-response","trial_index":2,"time_elapsed":17678,"internal_node_id":"0.0-2.0-0.0"},{"rt":2661,"stimulus":"images/Car/With_Backgrounds/difficulty4_image5.png","response":2,"category":"Car","background_difficulty":"4","image_path":"images/Car/With_Backgrounds/difficulty4_image5.png","trial_type":"image-button-response","trial_index":3,"time_elapsed":20347,"internal_node_id":"0.0-2.0-0.1"},{"rt":3920,"stimulus":"images/Dog/With_Backgrounds/difficulty1_image8.png","response":4,"category":"Dog","background_difficulty":"1","image_path":"images/Dog/With_Backgrounds/difficulty1_image8.png","trial_type":"image-button-response","trial_index":4,"time_elapsed":24272,"internal_node_id":"0.0-2.0-0.2"},{"rt":1760,"stimulus":"images/Human/With_Backgrounds/difficulty4_image9.png","response":5,"category":"Human","background_difficulty":"4","image_path":"images/Human/With_Backgrounds/difficulty4_image9.png","trial_type":"image-button-response","trial_index":5,"time_elapsed":26037,"internal_node_id":"0.0-2.0-0.3"},{"rt":1569,"stimulus":"images/Human/With_Backgrounds/difficulty0_image6.png","response":5,"category":"Human","background_difficulty":"0","image_path":"images/Human/With_Backgrounds/difficulty0_image6.png","trial_type":"image-button-response","trial_index":6,"time_elapsed":27611,"internal_node_id":"0.0-2.0-0.4"},{"rt":2397,"stimulus":"images/Boat/With_Backgrounds/difficulty6_image3.png","response":0,"category":"Boat","background_difficulty":"6","image_path":"images/Boat/With_Backgrounds/difficulty6_image3.png","trial_type":"image-button-response","trial_index":7,"time_elapsed":30013,"internal_node_id":"0.0-2.0-0.5"},{"rt":6306,"stimulus":"images/Other/With_Backgrounds/difficulty2_image5.png","response":7,"category":"Other","background_difficulty":"2","image_path":"images/Other/With_Backgrounds/difficulty2_image5.png","trial_type":"image-button-response","trial_index":8,"time_elapsed":36325,"internal_node_id":"0.0-2.0-0.6"},{"rt":3775,"stimulus":"images/Boat/With_Backgrounds/difficulty2_image8.png","response":0,"category":"Boat","background_difficulty":"2","image_path":"images/Boat/With_Backgrounds/difficulty2_image8.png","trial_type":"image-button-response","trial_index":9,"time_elapsed":40105,"internal_node_id":"0.0-2.0-0.7"},{"rt":8724,"stimulus":"images/Boat/With_Backgrounds/difficulty7_image6.png","response":7,"category":"Boat","background_difficulty":"7","image_path":"images/Boat/With_Backgrounds/difficulty7_image6.png","trial_type":"image-button-response","trial_index":10,"time_elapsed":48834,"internal_node_id":"0.0-2.0-0.8"},{"rt":1606,"stimulus":"images/Dog/With_Backgrounds/difficulty7_image5.png","response":4,"category":"Dog","background_difficulty":"7","image_path":"images/Dog/With_Backgrounds/difficulty7_image5.png","trial_type":"image-button-response","trial_index":11,"time_elapsed":50445,"internal_node_id":"0.0-2.0-0.9"},{"rt":1781,"stimulus":"images/Car/With_Backgrounds/difficulty7_image1.png","response":2,"category":"Car","background_difficulty":"7","image_path":"images/Car/With_Backgrounds/difficulty7_image1.png","trial_type":"image-button-response","trial_index":12,"time_elapsed":52231,"internal_node_id":"0.0-2.0-0.10"},{"rt":3056,"stimulus":"images/Other/With_Backgrounds/difficulty8_image6.png","response":7,"category":"Other","background_difficulty":"8","image_path":"images/Other/With_Backgrounds/difficulty8_image6.png","trial_type":"image-button-response","trial_index":13,"time_elapsed":55292,"internal_node_id":"0.0-2.0-0.11"},{"rt":1696,"stimulus":"images/Broccoli/With_Backgrounds/difficulty4_image2.png","response":1,"category":"Broccoli","background_difficulty":"4","image_path":"images/Broccoli/With_Backgrounds/difficulty4_image2.png","trial_type":"image-button-response","trial_index":14,"time_elapsed":56993,"internal_node_id":"0.0-2.0-0.12"},{"rt":2357,"stimulus":"images/Tree/With_Backgrounds/difficulty1_image1.png","response":6,"category":"Tree","background_difficulty":"1","image_path":"images/Tree/With_Backgrounds/difficulty1_image1.png","trial_type":"image-button-response","trial_index":15,"time_elapsed":59356,"internal_node_id":"0.0-2.0-0.13"},{"rt":2690,"stimulus":"images/Other/With_Backgrounds/difficulty4_image3.png","response":7,"category":"Other","background_difficulty":"4","image_path":"images/Other/With_Backgrounds/difficulty4_image3.png","trial_type":"image-button-response","trial_index":16,"time_elapsed":62051,"internal_node_id":"0.0-2.0-0.14"},{"rt":1781,"stimulus":"images/Broccoli/With_Backgrounds/difficulty5_image0.png","response":1,"category":"Broccoli","background_difficulty":"5","image_path":"images/Broccoli/With_Backgrounds/difficulty5_image0.png","trial_type":"image-button-response","trial_index":17,"time_elapsed":63838,"internal_node_id":"0.0-2.0-0.15"},{"rt":1840,"stimulus":"images/Car/With_Backgrounds/difficulty2_image4.png","response":2,"category":"Car","background_difficulty":"2","image_path":"images/Car/With_Backgrounds/difficulty2_image4.png","trial_type":"image-button-response","trial_index":18,"time_elapsed":65683,"internal_node_id":"0.0-2.0-0.16"},{"rt":1770,"stimulus":"images/Broccoli/With_Backgrounds/difficulty0_image7.png","response":1,"category":"Broccoli","background_difficulty":"0","image_path":"images/Broccoli/With_Backgrounds/difficulty0_image7.png","trial_type":"image-button-response","trial_index":19,"time_elapsed":67458,"internal_node_id":"0.0-2.0-0.17"},{"rt":2537,"stimulus":"images/Tree/With_Backgrounds/difficulty0_image4.png","response":6,"category":"Tree","background_difficulty":"0","image_path":"images/Tree/With_Backgrounds/difficulty0_image4.png","trial_type":"image-button-response","trial_index":20,"time_elapsed":70000,"internal_node_id":"0.0-2.0-0.18"},{"rt":1940,"stimulus":"images/Car/With_Backgrounds/difficulty3_image6.png","response":2,"category":"Car","background_difficulty":"3","image_path":"images/Car/With_Backgrounds/difficulty3_image6.png","trial_type":"image-button-response","trial_index":21,"time_elapsed":71945,"internal_node_id":"0.0-2.0-0.19"},{"rt":1597,"stimulus":"images/Broccoli/With_Backgrounds/difficulty2_image8.png","response":1,"category":"Broccoli","background_difficulty":"2","image_path":"images/Broccoli/With_Backgrounds/difficulty2_image8.png","trial_type":"image-button-response","trial_index":22,"time_elapsed":73547,"internal_node_id":"0.0-2.0-0.20"},{"rt":1868,"stimulus":"images/Tree/With_Backgrounds/difficulty3_image9.png","response":6,"category":"Tree","background_difficulty":"3","image_path":"images/Tree/With_Backgrounds/difficulty3_image9.png","trial_type":"image-button-response","trial_index":23,"time_elapsed":75419,"internal_node_id":"0.0-2.0-0.21"},{"rt":1895,"stimulus":"images/Human/With_Backgrounds/difficulty6_image4.png","response":5,"category":"Human","background_difficulty":"6","image_path":"images/Human/With_Backgrounds/difficulty6_image4.png","trial_type":"image-button-response","trial_index":24,"time_elapsed":77320,"internal_node_id":"0.0-2.0-0.22"},{"rt":2629,"stimulus":"images/Boat/With_Backgrounds/difficulty0_image5.png","response":7,"category":"Boat","background_difficulty":"0","image_path":"images/Boat/With_Backgrounds/difficulty0_image5.png","trial_type":"image-button-response","trial_index":25,"time_elapsed":79954,"internal_node_id":"0.0-2.0-0.23"},{"rt":2747,"stimulus":"images/Other/With_Backgrounds/difficulty6_image0.png","response":7,"category":"Other","background_difficulty":"6","image_path":"images/Other/With_Backgrounds/difficulty6_image0.png","trial_type":"image-button-response","trial_index":26,"time_elapsed":82706,"internal_node_id":"0.0-2.0-0.24"},{"rt":1683,"stimulus":"images/Dog/With_Backgrounds/difficulty6_image0.png","response":4,"category":"Dog","background_difficulty":"6","image_path":"images/Dog/With_Backgrounds/difficulty6_image0.png","trial_type":"image-button-response","trial_index":27,"time_elapsed":84394,"internal_node_id":"0.0-2.0-0.25"},{"rt":2755,"stimulus":"images/Boat/With_Backgrounds/difficulty4_image7.png","response":7,"category":"Boat","background_difficulty":"4","image_path":"images/Boat/With_Backgrounds/difficulty4_image7.png","trial_type":"image-button-response","trial_index":28,"time_elapsed":87155,"internal_node_id":"0.0-2.0-0.26"},{"rt":1509,"stimulus":"images/Broccoli/With_Backgrounds/difficulty3_image6.png","response":1,"category":"Broccoli","background_difficulty":"3","image_path":"images/Broccoli/With_Backgrounds/difficulty3_image6.png","trial_type":"image-button-response","trial_index":29,"time_elapsed":88670,"internal_node_id":"0.0-2.0-0.27"},{"rt":2428,"stimulus":"images/Other/With_Backgrounds/difficulty1_image4.png","response":7,"category":"Other","background_difficulty":"1","image_path":"images/Other/With_Backgrounds/difficulty1_image4.png","trial_type":"image-button-response","trial_index":30,"time_elapsed":91103,"internal_node_id":"0.0-2.0-0.28"},{"rt":2103,"stimulus":"images/Broccoli/With_Backgrounds/difficulty1_image9.png","response":1,"category":"Broccoli","background_difficulty":"1","image_path":"images/Broccoli/With_Backgrounds/difficulty1_image9.png","trial_type":"image-button-response","trial_index":31,"time_elapsed":93210,"internal_node_id":"0.0-2.0-0.29"},{"rt":1974,"stimulus":"images/Dog/With_Backgrounds/difficulty5_image4.png","response":4,"category":"Dog","background_difficulty":"5","image_path":"images/Dog/With_Backgrounds/difficulty5_image4.png","trial_type":"image-button-response","trial_index":32,"time_elapsed":95189,"internal_node_id":"0.0-2.0-0.30"},{"rt":1497,"stimulus":"images/Dog/With_Backgrounds/difficulty3_image6.png","response":4,"category":"Dog","background_difficulty":"3","image_path":"images/Dog/With_Backgrounds/difficulty3_image6.png","trial_type":"image-button-response","trial_index":33,"time_elapsed":96692,"internal_node_id":"0.0-2.0-0.31"},{"rt":2753,"stimulus":"images/Car/With_Backgrounds/difficulty1_image2.png","response":2,"category":"Car","background_difficulty":"1","image_path":"images/Car/With_Backgrounds/difficulty1_image2.png","trial_type":"image-button-response","trial_index":34,"time_elapsed":99449,"internal_node_id":"0.0-2.0-0.32"},{"rt":1780,"stimulus":"images/Tree/With_Backgrounds/difficulty8_image3.png","response":6,"category":"Tree","background_difficulty":"8","image_path":"images/Tree/With_Backgrounds/difficulty8_image3.png","trial_type":"image-button-response","trial_index":35,"time_elapsed":101234,"internal_node_id":"0.0-2.0-0.33"},{"rt":1438,"stimulus":"images/Dog/With_Backgrounds/difficulty0_image9.png","response":4,"category":"Dog","background_difficulty":"0","image_path":"images/Dog/With_Backgrounds/difficulty0_image9.png","trial_type":"image-button-response","trial_index":36,"time_elapsed":102677,"internal_node_id":"0.0-2.0-0.34"},{"rt":1478,"stimulus":"images/Human/With_Backgrounds/difficulty2_image1.png","response":5,"category":"Human","background_difficulty":"2","image_path":"images/Human/With_Backgrounds/difficulty2_image1.png","trial_type":"image-button-response","trial_index":37,"time_elapsed":104173,"internal_node_id":"0.0-2.0-0.35"},{"rt":2316,"stimulus":"images/Cat/With_Backgrounds/difficulty0_image8.png","response":3,"category":"Cat","background_difficulty":"0","image_path":"images/Cat/With_Backgrounds/difficulty0_image8.png","trial_type":"image-button-response","trial_index":38,"time_elapsed":106496,"internal_node_id":"0.0-2.0-0.36"},{"rt":2824,"stimulus":"images/Human/With_Backgrounds/difficulty1_image8.png","response":5,"category":"Human","background_difficulty":"1","image_path":"images/Human/With_Backgrounds/difficulty1_image8.png","trial_type":"image-button-response","trial_index":39,"time_elapsed":109324,"internal_node_id":"0.0-2.0-0.37"},{"rt":1425,"stimulus":"images/Broccoli/With_Backgrounds/difficulty7_image4.png","response":1,"category":"Broccoli","background_difficulty":"7","image_path":"images/Broccoli/With_Backgrounds/difficulty7_image4.png","trial_type":"image-button-response","trial_index":40,"time_elapsed":110754,"internal_node_id":"0.0-2.0-0.38"},{"rt":1438,"stimulus":"images/Car/With_Backgrounds/difficulty0_image0.png","response":2,"category":"Car","background_difficulty":"0","image_path":"images/Car/With_Backgrounds/difficulty0_image0.png","trial_type":"image-button-response","trial_index":41,"time_elapsed":112196,"internal_node_id":"0.0-2.0-0.39"},{"rt":1435,"stimulus":"images/Broccoli/With_Backgrounds/difficulty8_image5.png","response":1,"category":"Broccoli","background_difficulty":"8","image_path":"images/Broccoli/With_Backgrounds/difficulty8_image5.png","trial_type":"image-button-response","trial_index":42,"time_elapsed":113636,"internal_node_id":"0.0-2.0-0.40"},{"rt":1993,"stimulus":"images/Cat/With_Backgrounds/difficulty1_image7.png","response":3,"category":"Cat","background_difficulty":"1","image_path":"images/Cat/With_Backgrounds/difficulty1_image7.png","trial_type":"image-button-response","trial_index":43,"time_elapsed":115634,"internal_node_id":"0.0-2.0-0.41"},{"rt":1253,"stimulus":"images/Broccoli/With_Backgrounds/difficulty6_image1.png","response":1,"category":"Broccoli","background_difficulty":"6","image_path":"images/Broccoli/With_Backgrounds/difficulty6_image1.png","trial_type":"image-button-response","trial_index":44,"time_elapsed":116893,"internal_node_id":"0.0-2.0-0.42"},{"rt":1476,"stimulus":"images/Human/With_Backgrounds/difficulty3_image3.png","response":5,"category":"Human","background_difficulty":"3","image_path":"images/Human/With_Backgrounds/difficulty3_image3.png","trial_type":"image-button-response","trial_index":45,"time_elapsed":118373,"internal_node_id":"0.0-2.0-0.43"},{"rt":1970,"stimulus":"images/Dog/With_Backgrounds/difficulty8_image3.png","response":4,"category":"Dog","background_difficulty":"8","image_path":"images/Dog/With_Backgrounds/difficulty8_image3.png","trial_type":"image-button-response","trial_index":46,"time_elapsed":120347,"internal_node_id":"0.0-2.0-0.44"},{"rt":1800,"stimulus":"images/Cat/With_Backgrounds/difficulty8_image5.png","response":3,"category":"Cat","background_difficulty":"8","image_path":"images/Cat/With_Backgrounds/difficulty8_image5.png","trial_type":"image-button-response","trial_index":47,"time_elapsed":122151,"internal_node_id":"0.0-2.0-0.45"},{"rt":2618,"stimulus":"images/Tree/With_Backgrounds/difficulty6_image2.png","response":6,"category":"Tree","background_difficulty":"6","image_path":"images/Tree/With_Backgrounds/difficulty6_image2.png","trial_type":"image-button-response","trial_index":48,"time_elapsed":124775,"internal_node_id":"0.0-2.0-0.46"},{"rt":1907,"stimulus":"images/Car/With_Backgrounds/difficulty8_image7.png","response":2,"category":"Car","background_difficulty":"8","image_path":"images/Car/With_Backgrounds/difficulty8_image7.png","trial_type":"image-button-response","trial_index":49,"time_elapsed":126687,"internal_node_id":"0.0-2.0-0.47"},{"rt":1316,"stimulus":"images/Human/With_Backgrounds/difficulty8_image5.png","response":5,"category":"Human","background_difficulty":"8","image_path":"images/Human/With_Backgrounds/difficulty8_image5.png","trial_type":"image-button-response","trial_index":50,"time_elapsed":128008,"internal_node_id":"0.0-2.0-0.48"},{"rt":1748,"stimulus":"images/Car/With_Backgrounds/difficulty6_image9.png","response":2,"category":"Car","background_difficulty":"6","image_path":"images/Car/With_Backgrounds/difficulty6_image9.png","trial_type":"image-button-response","trial_index":51,"time_elapsed":129760,"internal_node_id":"0.0-2.0-0.49"},{"rt":1727,"stimulus":"images/Other/With_Backgrounds/difficulty3_image9.png","response":7,"category":"Other","background_difficulty":"3","image_path":"images/Other/With_Backgrounds/difficulty3_image9.png","trial_type":"image-button-response","trial_index":52,"time_elapsed":131492,"internal_node_id":"0.0-2.0-0.50"},{"rt":1446,"stimulus":"images/Car/With_Backgrounds/difficulty5_image8.png","response":2,"category":"Car","background_difficulty":"5","image_path":"images/Car/With_Backgrounds/difficulty5_image8.png","trial_type":"image-button-response","trial_index":53,"time_elapsed":132942,"internal_node_id":"0.0-2.0-0.51"},{"rt":1404,"stimulus":"images/Human/With_Backgrounds/difficulty5_image0.png","response":5,"category":"Human","background_difficulty":"5","image_path":"images/Human/With_Backgrounds/difficulty5_image0.png","trial_type":"image-button-response","trial_index":54,"time_elapsed":134351,"internal_node_id":"0.0-2.0-0.52"},{"rt":2393,"stimulus":"images/Boat/With_Backgrounds/difficulty1_image1.png","response":0,"category":"Boat","background_difficulty":"1","image_path":"images/Boat/With_Backgrounds/difficulty1_image1.png","trial_type":"image-button-response","trial_index":55,"time_elapsed":136749,"internal_node_id":"0.0-2.0-0.53"},{"rt":2146,"stimulus":"images/Other/With_Backgrounds/difficulty0_image8.png","response":7,"category":"Other","background_difficulty":"0","image_path":"images/Other/With_Backgrounds/difficulty0_image8.png","trial_type":"image-button-response","trial_index":56,"time_elapsed":138899,"internal_node_id":"0.0-2.0-0.54"},{"rt":2290,"stimulus":"images/Boat/With_Backgrounds/difficulty8_image4.png","response":7,"category":"Boat","background_difficulty":"8","image_path":"images/Boat/With_Backgrounds/difficulty8_image4.png","trial_type":"image-button-response","trial_index":57,"time_elapsed":141194,"internal_node_id":"0.0-2.0-0.55"},{"rt":1642,"stimulus":"images/Tree/With_Backgrounds/difficulty2_image5.png","response":6,"category":"Tree","background_difficulty":"2","image_path":"images/Tree/With_Backgrounds/difficulty2_image5.png","trial_type":"image-button-response","trial_index":58,"time_elapsed":142841,"internal_node_id":"0.0-2.0-0.56"},{"rt":1641,"stimulus":"images/Cat/With_Backgrounds/difficulty3_image4.png","response":3,"category":"Cat","background_difficulty":"3","image_path":"images/Cat/With_Backgrounds/difficulty3_image4.png","trial_type":"image-button-response","trial_index":59,"time_elapsed":144487,"internal_node_id":"0.0-2.0-0.57"},{"rt":1415,"stimulus":"images/Cat/With_Backgrounds/difficulty2_image9.png","response":3,"category":"Cat","background_difficulty":"2","image_path":"images/Cat/With_Backgrounds/difficulty2_image9.png","trial_type":"image-button-response","trial_index":60,"time_elapsed":145906,"internal_node_id":"0.0-2.0-0.58"},{"rt":1913,"stimulus":"images/Other/With_Backgrounds/difficulty5_image1.png","response":7,"category":"Other","background_difficulty":"5","image_path":"images/Other/With_Backgrounds/difficulty5_image1.png","trial_type":"image-button-response","trial_index":61,"time_elapsed":147825,"internal_node_id":"0.0-2.0-0.59"},{"rt":1725,"stimulus":"images/Cat/With_Backgrounds/difficulty4_image6.png","response":3,"category":"Cat","background_difficulty":"4","image_path":"images/Cat/With_Backgrounds/difficulty4_image6.png","trial_type":"image-button-response","trial_index":62,"time_elapsed":149555,"internal_node_id":"0.0-2.0-0.60"},{"rt":1549,"stimulus":"images/Tree/With_Backgrounds/difficulty7_image7.png","response":6,"category":"Tree","background_difficulty":"7","image_path":"images/Tree/With_Backgrounds/difficulty7_image7.png","trial_type":"image-button-response","trial_index":63,"time_elapsed":151110,"internal_node_id":"0.0-2.0-0.61"},{"rt":3923,"stimulus":"images/Dog/With_Backgrounds/difficulty4_image1.png","response":4,"category":"Dog","background_difficulty":"4","image_path":"images/Dog/With_Backgrounds/difficulty4_image1.png","trial_type":"image-button-response","trial_index":64,"time_elapsed":155037,"internal_node_id":"0.0-2.0-0.62"},{"rt":1577,"stimulus":"images/Other/With_Backgrounds/difficulty7_image2.png","response":7,"category":"Other","background_difficulty":"7","image_path":"images/Other/With_Backgrounds/difficulty7_image2.png","trial_type":"image-button-response","trial_index":65,"time_elapsed":156619,"internal_node_id":"0.0-2.0-0.63"},{"rt":1223,"stimulus":"images/Human/With_Backgrounds/difficulty7_image7.png","response":5,"category":"Human","background_difficulty":"7","image_path":"images/Human/With_Backgrounds/difficulty7_image7.png","trial_type":"image-button-response","trial_index":66,"time_elapsed":157847,"internal_node_id":"0.0-2.0-0.64"},{"rt":3732,"stimulus":"images/Cat/With_Backgrounds/difficulty6_image3.png","response":3,"category":"Cat","background_difficulty":"6","image_path":"images/Cat/With_Backgrounds/difficulty6_image3.png","trial_type":"image-button-response","trial_index":67,"time_elapsed":161584,"internal_node_id":"0.0-2.0-0.65"},{"rt":1819,"stimulus":"images/Boat/With_Backgrounds/difficulty5_image2.png","response":7,"category":"Boat","background_difficulty":"5","image_path":"images/Boat/With_Backgrounds/difficulty5_image2.png","trial_type":"image-button-response","trial_index":68,"time_elapsed":163408,"internal_node_id":"0.0-2.0-0.66"},{"rt":1620,"stimulus":"images/Cat/With_Backgrounds/difficulty5_image1.png","response":3,"category":"Cat","background_difficulty":"5","image_path":"images/Cat/With_Backgrounds/difficulty5_image1.png","trial_type":"image-button-response","trial_index":69,"time_elapsed":165033,"internal_node_id":"0.0-2.0-0.67"},{"rt":1622,"stimulus":"images/Tree/With_Backgrounds/difficulty4_image8.png","response":6,"category":"Tree","background_difficulty":"4","image_path":"images/Tree/With_Backgrounds/difficulty4_image8.png","trial_type":"image-button-response","trial_index":70,"time_elapsed":166660,"internal_node_id":"0.0-2.0-0.68"},{"rt":2000,"stimulus":"images/Boat/With_Backgrounds/difficulty3_image9.png","response":7,"category":"Boat","background_difficulty":"3","image_path":"images/Boat/With_Backgrounds/difficulty3_image9.png","trial_type":"image-button-response","trial_index":71,"time_elapsed":168664,"internal_node_id":"0.0-2.0-0.69"},{"rt":1615,"stimulus":"images/Dog/With_Backgrounds/difficulty2_image7.png","response":4,"category":"Dog","background_difficulty":"2","image_path":"images/Dog/With_Backgrounds/difficulty2_image7.png","trial_type":"image-button-response","trial_index":72,"time_elapsed":170284,"internal_node_id":"0.0-2.0-0.70"},{"rt":1531,"stimulus":"images/Tree/With_Backgrounds/difficulty5_image6.png","response":6,"category":"Tree","background_difficulty":"5","image_path":"images/Tree/With_Backgrounds/difficulty5_image6.png","trial_type":"image-button-response","trial_index":73,"time_elapsed":171820,"internal_node_id":"0.0-2.0-0.71"},{"rt":4472,"stimulus":["<h2>Press the button below to end experiment.</h2><p>Thank you for participating!</p>"],"response":0,"trial_type":"html-button-response","trial_index":74,"time_elapsed":176295,"internal_node_id":"0.0-3.0"}]