[{"success":true,"timeout":false,"failed_images":[],"failed_audio":[],"failed_video":[],"trial_type":"preload","trial_index":0,"time_elapsed":2461,"internal_node_id":"0.0-0.0"},{"rt":8522,"stimulus":["<h2>Noisy background image classification</h2><p>In this experiment you will briefly see images on top of colored squares of various sizes.</p><p>Your task is to report what each image is, selecting \"None of the Above\" if none of the given options are correct.</p> <p>The possible options are <strong>Boat</strong>, <strong>Broccoli</strong>, <strong>Car</strong>, <strong>Cat</strong>, <strong>Dog</strong>, <strong>Human</strong>, <strong>Tree</strong>, and <strong>None of the Above</strong>"],"response":0,"trial_type":"html-button-response","trial_index":1,"time_elapsed":10984,"internal_node_id":"0.0-1.0"},{"rt":2162,"stimulus":"images/Broccoli/With_Backgrounds/difficulty2_image7.png","response":1,"category":"Broccoli","background_difficulty":"2","image_path":"images/Broccoli/With_Backgrounds/difficulty2_image7.png","trial_type":"image-button-response","trial_index":2,"time_elapsed":13151,"internal_node_id":"0.0-2.0-0.0"},{"rt":2178,"stimulus":"images/Cat/With_Backgrounds/difficulty0_image3.png","response":3,"category":"Cat","background_difficulty":"0","image_path":"images/Cat/With_Backgrounds/difficulty0_image3.png","trial_type":"image-button-response","trial_index":3,"time_elapsed":15333,"internal_node_id":"0.0-2.0-0.1"},{"rt":2829,"stimulus":"images/Broccoli/With_Backgrounds/difficulty4_image8.png","response":1,"category":"Broccoli","background_difficulty":"4","image_path":"images/Broccoli/With_Backgrounds/difficulty4_image8.png","trial_type":"image-button-response","trial_index":4,"time_elapsed":18167,"internal_node_id":"0.0-2.0-0.2"},{"rt":1745,"stimulus":"images/Car/With_Backgrounds/difficulty8_image3.png","response":2,"category":"Car","background_difficulty":"8","image_path":"images/Car/With_Backgrounds/difficulty8_image3.png","trial_type":"image-button-response","trial_index":5,"time_elapsed":19916,"internal_node_id":"0.0-2.0-0.3"},{"rt":4148,"stimulus":"images/Other/With_Backgrounds/difficulty3_image3.png","response":7,"category":"Other","background_difficulty":"3","image_path":"images/Other/With_Backgrounds/difficulty3_image3.png","trial_type":"image-button-response","trial_index":6,"time_elapsed":24068,"internal_node_id":"0.0-2.0-0.4"},{"rt":2096,"stimulus":"images/Car/With_Backgrounds/difficulty7_image1.png","response":2,"category":"Car","background_difficulty":"7","image_path":"images/Car/With_Backgrounds/difficulty7_image1.png","trial_type":"image-button-response","trial_index":7,"time_elapsed":26169,"internal_node_id":"0.0-2.0-0.5"},{"rt":2195,"stimulus":"images/Human/With_Backgrounds/difficulty2_image0.png","response":5,"category":"Human","background_difficulty":"2","image_path":"images/Human/With_Backgrounds/difficulty2_image0.png","trial_type":"image-button-response","trial_index":8,"time_elapsed":28368,"internal_node_id":"0.0-2.0-0.6"},{"rt":1528,"stimulus":"images/Tree/With_Backgrounds/difficulty2_image2.png","response":6,"category":"Tree","background_difficulty":"2","image_path":"images/Tree/With_Backgrounds/difficulty2_image2.png","trial_type":"image-button-response","trial_index":9,"time_elapsed":29900,"internal_node_id":"0.0-2.0-0.7"},{"rt":1679,"stimulus":"images/Cat/With_Backgrounds/difficulty8_image0.png","response":3,"category":"Cat","background_difficulty":"8","image_path":"images/Cat/With_Backgrounds/difficulty8_image0.png","trial_type":"image-button-response","trial_index":10,"time_elapsed":31583,"internal_node_id":"0.0-2.0-0.8"},{"rt":1533,"stimulus":"images/Broccoli/With_Backgrounds/difficulty7_image9.png","response":1,"category":"Broccoli","background_difficulty":"7","image_path":"images/Broccoli/With_Backgrounds/difficulty7_image9.png","trial_type":"image-button-response","trial_index":11,"time_elapsed":33119,"internal_node_id":"0.0-2.0-0.9"},{"rt":2694,"stimulus":"images/Human/With_Backgrounds/difficulty1_image2.png","response":5,"category":"Human","background_difficulty":"1","image_path":"images/Human/With_Backgrounds/difficulty1_image2.png","trial_type":"image-button-response","trial_index":12,"time_elapsed":35817,"internal_node_id":"0.0-2.0-0.10"},{"rt":2445,"stimulus":"images/Other/With_Backgrounds/difficulty7_image4.png","response":7,"category":"Other","background_difficulty":"7","image_path":"images/Other/With_Backgrounds/difficulty7_image4.png","trial_type":"image-button-response","trial_index":13,"time_elapsed":38267,"internal_node_id":"0.0-2.0-0.11"},{"rt":2963,"stimulus":"images/Boat/With_Backgrounds/difficulty2_image3.png","response":0,"category":"Boat","background_difficulty":"2","image_path":"images/Boat/With_Backgrounds/difficulty2_image3.png","trial_type":"image-button-response","trial_index":14,"time_elapsed":41234,"internal_node_id":"0.0-2.0-0.12"},{"rt":2513,"stimulus":"images/Dog/With_Backgrounds/difficulty0_image3.png","response":4,"category":"Dog","background_difficulty":"0","image_path":"images/Dog/With_Backgrounds/difficulty0_image3.png","trial_type":"image-button-response","trial_index":15,"time_elapsed":43750,"internal_node_id":"0.0-2.0-0.13"},{"rt":2779,"stimulus":"images/Boat/With_Backgrounds/difficulty4_image9.png","response":0,"category":"Boat","background_difficulty":"4","image_path":"images/Boat/With_Backgrounds/difficulty4_image9.png","trial_type":"image-button-response","trial_index":16,"time_elapsed":46533,"internal_node_id":"0.0-2.0-0.14"},{"rt":2497,"stimulus":"images/Other/With_Backgrounds/difficulty5_image0.png","response":7,"category":"Other","background_difficulty":"5","image_path":"images/Other/With_Backgrounds/difficulty5_image0.png","trial_type":"image-button-response","trial_index":17,"time_elapsed":49033,"internal_node_id":"0.0-2.0-0.15"},{"rt":2297,"stimulus":"images/Human/With_Backgrounds/difficulty0_image4.png","response":5,"category":"Human","background_difficulty":"0","image_path":"images/Human/With_Backgrounds/difficulty0_image4.png","trial_type":"image-button-response","trial_index":18,"time_elapsed":51334,"internal_node_id":"0.0-2.0-0.16"},{"rt":1579,"stimulus":"images/Car/With_Backgrounds/difficulty2_image0.png","response":2,"category":"Car","background_difficulty":"2","image_path":"images/Car/With_Backgrounds/difficulty2_image0.png","trial_type":"image-button-response","trial_index":19,"time_elapsed":52917,"internal_node_id":"0.0-2.0-0.17"},{"rt":1898,"stimulus":"images/Dog/With_Backgrounds/difficulty6_image4.png","response":4,"category":"Dog","background_difficulty":"6","image_path":"images/Dog/With_Backgrounds/difficulty6_image4.png","trial_type":"image-button-response","trial_index":20,"time_elapsed":54818,"internal_node_id":"0.0-2.0-0.18"},{"rt":1564,"stimulus":"images/Cat/With_Backgrounds/difficulty2_image6.png","response":3,"category":"Cat","background_difficulty":"2","image_path":"images/Cat/With_Backgrounds/difficulty2_image6.png","trial_type":"image-button-response","trial_index":21,"time_elapsed":56385,"internal_node_id":"0.0-2.0-0.19"},{"rt":2311,"stimulus":"images/Other/With_Backgrounds/difficulty6_image9.png","response":7,"category":"Other","background_difficulty":"6","image_path":"images/Other/With_Backgrounds/difficulty6_image9.png","trial_type":"image-button-response","trial_index":22,"time_elapsed":58699,"internal_node_id":"0.0-2.0-0.20"},{"rt":2765,"stimulus":"images/Other/With_Backgrounds/difficulty2_image1.png","response":7,"category":"Other","background_difficulty":"2","image_path":"images/Other/With_Backgrounds/difficulty2_image1.png","trial_type":"image-button-response","trial_index":23,"time_elapsed":61467,"internal_node_id":"0.0-2.0-0.21"},{"rt":2095,"stimulus":"images/Cat/With_Backgrounds/difficulty7_image8.png","response":3,"category":"Cat","background_difficulty":"7","image_path":"images/Cat/With_Backgrounds/difficulty7_image8.png","trial_type":"image-button-response","trial_index":24,"time_elapsed":63567,"internal_node_id":"0.0-2.0-0.22"},{"rt":1448,"stimulus":"images/Tree/With_Backgrounds/difficulty0_image1.png","response":6,"category":"Tree","background_difficulty":"0","image_path":"images/Tree/With_Backgrounds/difficulty0_image1.png","trial_type":"image-button-response","trial_index":25,"time_elapsed":65017,"internal_node_id":"0.0-2.0-0.23"},{"rt":1845,"stimulus":"images/Dog/With_Backgrounds/difficulty8_image6.png","response":4,"category":"Dog","background_difficulty":"8","image_path":"images/Dog/With_Backgrounds/difficulty8_image6.png","trial_type":"image-button-response","trial_index":26,"time_elapsed":66866,"internal_node_id":"0.0-2.0-0.24"},{"rt":1232,"stimulus":"images/Human/With_Backgrounds/difficulty6_image6.png","response":5,"category":"Human","background_difficulty":"6","image_path":"images/Human/With_Backgrounds/difficulty6_image6.png","trial_type":"image-button-response","trial_index":27,"time_elapsed":68102,"internal_node_id":"0.0-2.0-0.25"},{"rt":1811,"stimulus":"images/Human/With_Backgrounds/difficulty3_image5.png","response":5,"category":"Human","background_difficulty":"3","image_path":"images/Human/With_Backgrounds/difficulty3_image5.png","trial_type":"image-button-response","trial_index":28,"time_elapsed":69918,"internal_node_id":"0.0-2.0-0.26"},{"rt":1745,"stimulus":"images/Dog/With_Backgrounds/difficulty2_image5.png","response":4,"category":"Dog","background_difficulty":"2","image_path":"images/Dog/With_Backgrounds/difficulty2_image5.png","trial_type":"image-button-response","trial_index":29,"time_elapsed":71667,"internal_node_id":"0.0-2.0-0.27"},{"rt":1163,"stimulus":"images/Cat/With_Backgrounds/difficulty3_image1.png","response":3,"category":"Cat","background_difficulty":"3","image_path":"images/Cat/With_Backgrounds/difficulty3_image1.png","trial_type":"image-button-response","trial_index":30,"time_elapsed":72834,"internal_node_id":"0.0-2.0-0.28"},{"rt":1512,"stimulus":"images/Boat/With_Backgrounds/difficulty8_image2.png","response":0,"category":"Boat","background_difficulty":"8","image_path":"images/Boat/With_Backgrounds/difficulty8_image2.png","trial_type":"image-button-response","trial_index":31,"time_elapsed":74351,"internal_node_id":"0.0-2.0-0.29"},{"rt":3079,"stimulus":"images/Boat/With_Backgrounds/difficulty3_image7.png","response":0,"category":"Boat","background_difficulty":"3","image_path":"images/Boat/With_Backgrounds/difficulty3_image7.png","trial_type":"image-button-response","trial_index":32,"time_elapsed":77433,"internal_node_id":"0.0-2.0-0.30"},{"rt":2314,"stimulus":"images/Dog/With_Backgrounds/difficulty3_image2.png","response":4,"category":"Dog","background_difficulty":"3","image_path":"images/Dog/With_Backgrounds/difficulty3_image2.png","trial_type":"image-button-response","trial_index":33,"time_elapsed":79750,"internal_node_id":"0.0-2.0-0.31"},{"rt":2481,"stimulus":"images/Broccoli/With_Backgrounds/difficulty1_image4.png","response":1,"category":"Broccoli","background_difficulty":"1","image_path":"images/Broccoli/With_Backgrounds/difficulty1_image4.png","trial_type":"image-button-response","trial_index":34,"time_elapsed":82235,"internal_node_id":"0.0-2.0-0.32"},{"rt":1595,"stimulus":"images/Boat/With_Backgrounds/difficulty1_image1.png","response":0,"category":"Boat","background_difficulty":"1","image_path":"images/Boat/With_Backgrounds/difficulty1_image1.png","trial_type":"image-button-response","trial_index":35,"time_elapsed":83834,"internal_node_id":"0.0-2.0-0.33"},{"rt":1296,"stimulus":"images/Car/With_Backgrounds/difficulty4_image6.png","response":2,"category":"Car","background_difficulty":"4","image_path":"images/Car/With_Backgrounds/difficulty4_image6.png","trial_type":"image-button-response","trial_index":36,"time_elapsed":85133,"internal_node_id":"0.0-2.0-0.34"},{"rt":1231,"stimulus":"images/Broccoli/With_Backgrounds/difficulty6_image5.png","response":1,"category":"Broccoli","background_difficulty":"6","image_path":"images/Broccoli/With_Backgrounds/difficulty6_image5.png","trial_type":"image-button-response","trial_index":37,"time_elapsed":86368,"internal_node_id":"0.0-2.0-0.35"},{"rt":2078,"stimulus":"images/Dog/With_Backgrounds/difficulty7_image9.png","response":4,"category":"Dog","background_difficulty":"7","image_path":"images/Dog/With_Backgrounds/difficulty7_image9.png","trial_type":"image-button-response","trial_index":38,"time_elapsed":88450,"internal_node_id":"0.0-2.0-0.36"},{"rt":1448,"stimulus":"images/Tree/With_Backgrounds/difficulty4_image3.png","response":6,"category":"Tree","background_difficulty":"4","image_path":"images/Tree/With_Backgrounds/difficulty4_image3.png","trial_type":"image-button-response","trial_index":39,"time_elapsed":89901,"internal_node_id":"0.0-2.0-0.37"},{"rt":1512,"stimulus":"images/Cat/With_Backgrounds/difficulty6_image9.png","response":3,"category":"Cat","background_difficulty":"6","image_path":"images/Cat/With_Backgrounds/difficulty6_image9.png","trial_type":"image-button-response","trial_index":40,"time_elapsed":91417,"internal_node_id":"0.0-2.0-0.38"},{"rt":1296,"stimulus":"images/Tree/With_Backgrounds/difficulty1_image7.png","response":6,"category":"Tree","background_difficulty":"1","image_path":"images/Tree/With_Backgrounds/difficulty1_image7.png","trial_type":"image-button-response","trial_index":41,"time_elapsed":92717,"internal_node_id":"0.0-2.0-0.39"},{"rt":1213,"stimulus":"images/Tree/With_Backgrounds/difficulty8_image4.png","response":6,"category":"Tree","background_difficulty":"8","image_path":"images/Tree/With_Backgrounds/difficulty8_image4.png","trial_type":"image-button-response","trial_index":42,"time_elapsed":93934,"internal_node_id":"0.0-2.0-0.40"},{"rt":1478,"stimulus":"images/Human/With_Backgrounds/difficulty7_image9.png","response":5,"category":"Human","background_difficulty":"7","image_path":"images/Human/With_Backgrounds/difficulty7_image9.png","trial_type":"image-button-response","trial_index":43,"time_elapsed":95417,"internal_node_id":"0.0-2.0-0.41"},{"rt":1346,"stimulus":"images/Boat/With_Backgrounds/difficulty0_image0.png","response":0,"category":"Boat","background_difficulty":"0","image_path":"images/Boat/With_Backgrounds/difficulty0_image0.png","trial_type":"image-button-response","trial_index":44,"time_elapsed":96767,"internal_node_id":"0.0-2.0-0.42"},{"rt":1662,"stimulus":"images/Dog/With_Backgrounds/difficulty5_image8.png","response":4,"category":"Dog","background_difficulty":"5","image_path":"images/Dog/With_Backgrounds/difficulty5_image8.png","trial_type":"image-button-response","trial_index":45,"time_elapsed":98432,"internal_node_id":"0.0-2.0-0.43"},{"rt":1833,"stimulus":"images/Other/With_Backgrounds/difficulty8_image7.png","response":7,"category":"Other","background_difficulty":"8","image_path":"images/Other/With_Backgrounds/difficulty8_image7.png","trial_type":"image-button-response","trial_index":46,"time_elapsed":100269,"internal_node_id":"0.0-2.0-0.44"},{"rt":1411,"stimulus":"images/Cat/With_Backgrounds/difficulty1_image7.png","response":3,"category":"Cat","background_difficulty":"1","image_path":"images/Cat/With_Backgrounds/difficulty1_image7.png","trial_type":"image-button-response","trial_index":47,"time_elapsed":101683,"internal_node_id":"0.0-2.0-0.45"},{"rt":1481,"stimulus":"images/Broccoli/With_Backgrounds/difficulty8_image3.png","response":1,"category":"Broccoli","background_difficulty":"8","image_path":"images/Broccoli/With_Backgrounds/difficulty8_image3.png","trial_type":"image-button-response","trial_index":48,"time_elapsed":103168,"internal_node_id":"0.0-2.0-0.46"},{"rt":1197,"stimulus":"images/Human/With_Backgrounds/difficulty5_image1.png","response":5,"category":"Human","background_difficulty":"5","image_path":"images/Human/With_Backgrounds/difficulty5_image1.png","trial_type":"image-button-response","trial_index":49,"time_elapsed":104369,"internal_node_id":"0.0-2.0-0.47"},{"rt":1577,"stimulus":"images/Broccoli/With_Backgrounds/difficulty5_image2.png","response":1,"category":"Broccoli","background_difficulty":"5","image_path":"images/Broccoli/With_Backgrounds/difficulty5_image2.png","trial_type":"image-button-response","trial_index":50,"time_elapsed":105950,"internal_node_id":"0.0-2.0-0.48"},{"rt":1431,"stimulus":"images/Car/With_Backgrounds/difficulty5_image7.png","response":2,"category":"Car","background_difficulty":"5","image_path":"images/Car/With_Backgrounds/difficulty5_image7.png","trial_type":"image-button-response","trial_index":51,"time_elapsed":107384,"internal_node_id":"0.0-2.0-0.49"},{"rt":1529,"stimulus":"images/Boat/With_Backgrounds/difficulty7_image6.png","response":0,"category":"Boat","background_difficulty":"7","image_path":"images/Boat/With_Backgrounds/difficulty7_image6.png","trial_type":"image-button-response","trial_index":52,"time_elapsed":108917,"internal_node_id":"0.0-2.0-0.50"},{"rt":1445,"stimulus":"images/Tree/With_Backgrounds/difficulty7_image5.png","response":6,"category":"Tree","background_difficulty":"7","image_path":"images/Tree/With_Backgrounds/difficulty7_image5.png","trial_type":"image-button-response","trial_index":53,"time_elapsed":110367,"internal_node_id":"0.0-2.0-0.51"},{"rt":1712,"stimulus":"images/Other/With_Backgrounds/difficulty4_image5.png","response":7,"category":"Other","background_difficulty":"4","image_path":"images/Other/With_Backgrounds/difficulty4_image5.png","trial_type":"image-button-response","trial_index":54,"time_elapsed":112084,"internal_node_id":"0.0-2.0-0.52"},{"rt":1446,"stimulus":"images/Broccoli/With_Backgrounds/difficulty3_image1.png","response":1,"category":"Broccoli","background_difficulty":"3","image_path":"images/Broccoli/With_Backgrounds/difficulty3_image1.png","trial_type":"image-button-response","trial_index":55,"time_elapsed":113534,"internal_node_id":"0.0-2.0-0.53"},{"rt":2330,"stimulus":"images/Other/With_Backgrounds/difficulty0_image6.png","response":7,"category":"Other","background_difficulty":"0","image_path":"images/Other/With_Backgrounds/difficulty0_image6.png","trial_type":"image-button-response","trial_index":56,"time_elapsed":115868,"internal_node_id":"0.0-2.0-0.54"},{"rt":1078,"stimulus":"images/Tree/With_Backgrounds/difficulty3_image0.png","response":6,"category":"Tree","background_difficulty":"3","image_path":"images/Tree/With_Backgrounds/difficulty3_image0.png","trial_type":"image-button-response","trial_index":57,"time_elapsed":116949,"internal_node_id":"0.0-2.0-0.55"},{"rt":998,"stimulus":"images/Human/With_Backgrounds/difficulty4_image8.png","response":5,"category":"Human","background_difficulty":"4","image_path":"images/Human/With_Backgrounds/difficulty4_image8.png","trial_type":"image-button-response","trial_index":58,"time_elapsed":117951,"internal_node_id":"0.0-2.0-0.56"},{"rt":1530,"stimulus":"images/Dog/With_Backgrounds/difficulty1_image0.png","response":4,"category":"Dog","background_difficulty":"1","image_path":"images/Dog/With_Backgrounds/difficulty1_image0.png","trial_type":"image-button-response","trial_index":59,"time_elapsed":119483,"internal_node_id":"0.0-2.0-0.57"},{"rt":1582,"stimulus":"images/Other/With_Backgrounds/difficulty1_image8.png","response":7,"category":"Other","background_difficulty":"1","image_path":"images/Other/With_Backgrounds/difficulty1_image8.png","trial_type":"image-button-response","trial_index":60,"time_elapsed":121068,"internal_node_id":"0.0-2.0-0.58"},{"rt":1447,"stimulus":"images/Cat/With_Backgrounds/difficulty5_image4.png","response":3,"category":"Cat","background_difficulty":"5","image_path":"images/Cat/With_Backgrounds/difficulty5_image4.png","trial_type":"image-button-response","trial_index":61,"time_elapsed":122518,"internal_node_id":"0.0-2.0-0.59"},{"rt":2247,"stimulus":"images/Car/With_Backgrounds/difficulty0_image2.png","response":2,"category":"Car","background_difficulty":"0","image_path":"images/Car/With_Backgrounds/difficulty0_image2.png","trial_type":"image-button-response","trial_index":62,"time_elapsed":124768,"internal_node_id":"0.0-2.0-0.60"},{"rt":1379,"stimulus":"images/Boat/With_Backgrounds/difficulty5_image8.png","response":0,"category":"Boat","background_difficulty":"5","image_path":"images/Boat/With_Backgrounds/difficulty5_image8.png","trial_type":"image-button-response","trial_index":63,"time_elapsed":126150,"internal_node_id":"0.0-2.0-0.61"},{"rt":1382,"stimulus":"images/Broccoli/With_Backgrounds/difficulty0_image0.png","response":1,"category":"Broccoli","background_difficulty":"0","image_path":"images/Broccoli/With_Backgrounds/difficulty0_image0.png","trial_type":"image-button-response","trial_index":64,"time_elapsed":127535,"internal_node_id":"0.0-2.0-0.62"},{"rt":1244,"stimulus":"images/Cat/With_Backgrounds/difficulty4_image2.png","response":3,"category":"Cat","background_difficulty":"4","image_path":"images/Cat/With_Backgrounds/difficulty4_image2.png","trial_type":"image-button-response","trial_index":65,"time_elapsed":128784,"internal_node_id":"0.0-2.0-0.63"},{"rt":1113,"stimulus":"images/Tree/With_Backgrounds/difficulty6_image9.png","response":6,"category":"Tree","background_difficulty":"6","image_path":"images/Tree/With_Backgrounds/difficulty6_image9.png","trial_type":"image-button-response","trial_index":66,"time_elapsed":129901,"internal_node_id":"0.0-2.0-0.64"},{"rt":2629,"stimulus":"images/Car/With_Backgrounds/difficulty3_image8.png","response":2,"category":"Car","background_difficulty":"3","image_path":"images/Car/With_Backgrounds/difficulty3_image8.png","trial_type":"image-button-response","trial_index":67,"time_elapsed":132533,"internal_node_id":"0.0-2.0-0.65"},{"rt":1182,"stimulus":"images/Boat/With_Backgrounds/difficulty6_image5.png","response":0,"category":"Boat","background_difficulty":"6","image_path":"images/Boat/With_Backgrounds/difficulty6_image5.png","trial_type":"image-button-response","trial_index":68,"time_elapsed":133718,"internal_node_id":"0.0-2.0-0.66"},{"rt":1426,"stimulus":"images/Human/With_Backgrounds/difficulty8_image3.png","response":5,"category":"Human","background_difficulty":"8","image_path":"images/Human/With_Backgrounds/difficulty8_image3.png","trial_type":"image-button-response","trial_index":69,"time_elapsed":135152,"internal_node_id":"0.0-2.0-0.67"},{"rt":1313,"stimulus":"images/Car/With_Backgrounds/difficulty1_image4.png","response":2,"category":"Car","background_difficulty":"1","image_path":"images/Car/With_Backgrounds/difficulty1_image4.png","trial_type":"image-button-response","trial_index":70,"time_elapsed":136469,"internal_node_id":"0.0-2.0-0.68"},{"rt":1380,"stimulus":"images/Tree/With_Backgrounds/difficulty5_image8.png","response":6,"category":"Tree","background_difficulty":"5","image_path":"images/Tree/With_Backgrounds/difficulty5_image8.png","trial_type":"image-button-response","trial_index":71,"time_elapsed":137852,"internal_node_id":"0.0-2.0-0.69"},{"rt":1347,"stimulus":"images/Dog/With_Backgrounds/difficulty4_image7.png","response":4,"category":"Dog","background_difficulty":"4","image_path":"images/Dog/With_Backgrounds/difficulty4_image7.png","trial_type":"image-button-response","trial_index":72,"time_elapsed":139202,"internal_node_id":"0.0-2.0-0.70"},{"rt":1263,"stimulus":"images/Car/With_Backgrounds/difficulty6_image9.png","response":2,"category":"Car","background_difficulty":"6","image_path":"images/Car/With_Backgrounds/difficulty6_image9.png","trial_type":"image-button-response","trial_index":73,"time_elapsed":140469,"internal_node_id":"0.0-2.0-0.71"},{"rt":1681,"stimulus":["<h2>Press the button below to end experiment.</h2><p>Thank you for participating!</p>"],"response":0,"trial_type":"html-button-response","trial_index":74,"time_elapsed":142151,"internal_node_id":"0.0-3.0"}]