[{"success":true,"timeout":false,"failed_images":[],"failed_audio":[],"failed_video":[],"trial_type":"preload","trial_index":0,"time_elapsed":1133,"internal_node_id":"0.0-0.0"},{"rt":27258,"stimulus":["<h2>Noisy background image classification</h2><p>In this experiment you will briefly see images on top of colored squares of various sizes.</p><p>Your task is to report what each image is, selecting \"None of the Above\" if none of the given options are correct.</p> <p>The possible options are <strong>Boat</strong>, <strong>Broccoli</strong>, <strong>Car</strong>, <strong>Cat</strong>, <strong>Dog</strong>, <strong>Human</strong>, <strong>Tree</strong>, and <strong>None of the Above</strong>"],"response":0,"trial_type":"html-button-response","trial_index":1,"time_elapsed":28392,"internal_node_id":"0.0-1.0"},{"rt":3805,"stimulus":"images/Tree/With_Backgrounds/difficulty6_image3.png","response":6,"category":"Tree","background_difficulty":"6","image_path":"images/Tree/With_Backgrounds/difficulty6_image3.png","trial_type":"image-button-response","trial_index":2,"time_elapsed":32199,"internal_node_id":"0.0-2.0-0.0"},{"rt":2387,"stimulus":"images/Boat/With_Backgrounds/difficulty3_image7.png","response":0,"category":"Boat","background_difficulty":"3","image_path":"images/Boat/With_Backgrounds/difficulty3_image7.png","trial_type":"image-button-response","trial_index":3,"time_elapsed":34587,"internal_node_id":"0.0-2.0-0.1"},{"rt":2107,"stimulus":"images/Boat/With_Backgrounds/difficulty4_image1.png","response":0,"category":"Boat","background_difficulty":"4","image_path":"images/Boat/With_Backgrounds/difficulty4_image1.png","trial_type":"image-button-response","trial_index":4,"time_elapsed":36695,"internal_node_id":"0.0-2.0-0.2"},{"rt":1727,"stimulus":"images/Human/With_Backgrounds/difficulty8_image5.png","response":5,"category":"Human","background_difficulty":"8","image_path":"images/Human/With_Backgrounds/difficulty8_image5.png","trial_type":"image-button-response","trial_index":5,"time_elapsed":38423,"internal_node_id":"0.0-2.0-0.3"},{"rt":1985,"stimulus":"images/Other/With_Backgrounds/difficulty4_image9.png","response":7,"category":"Other","background_difficulty":"4","image_path":"images/Other/With_Backgrounds/difficulty4_image9.png","trial_type":"image-button-response","trial_index":6,"time_elapsed":40410,"internal_node_id":"0.0-2.0-0.4"},{"rt":1222,"stimulus":"images/Car/With_Backgrounds/difficulty4_image5.png","response":2,"category":"Car","background_difficulty":"4","image_path":"images/Car/With_Backgrounds/difficulty4_image5.png","trial_type":"image-button-response","trial_index":7,"time_elapsed":41633,"internal_node_id":"0.0-2.0-0.5"},{"rt":1829,"stimulus":"images/Broccoli/With_Backgrounds/difficulty4_image8.png","response":1,"category":"Broccoli","background_difficulty":"4","image_path":"images/Broccoli/With_Backgrounds/difficulty4_image8.png","trial_type":"image-button-response","trial_index":8,"time_elapsed":43464,"internal_node_id":"0.0-2.0-0.6"},{"rt":1616,"stimulus":"images/Car/With_Backgrounds/difficulty6_image7.png","response":2,"category":"Car","background_difficulty":"6","image_path":"images/Car/With_Backgrounds/difficulty6_image7.png","trial_type":"image-button-response","trial_index":9,"time_elapsed":45081,"internal_node_id":"0.0-2.0-0.7"},{"rt":2852,"stimulus":"images/Other/With_Backgrounds/difficulty6_image7.png","response":7,"category":"Other","background_difficulty":"6","image_path":"images/Other/With_Backgrounds/difficulty6_image7.png","trial_type":"image-button-response","trial_index":10,"time_elapsed":47934,"internal_node_id":"0.0-2.0-0.8"},{"rt":1307,"stimulus":"images/Dog/With_Backgrounds/difficulty0_image3.png","response":4,"category":"Dog","background_difficulty":"0","image_path":"images/Dog/With_Backgrounds/difficulty0_image3.png","trial_type":"image-button-response","trial_index":11,"time_elapsed":49242,"internal_node_id":"0.0-2.0-0.9"},{"rt":1502,"stimulus":"images/Cat/With_Backgrounds/difficulty5_image0.png","response":3,"category":"Cat","background_difficulty":"5","image_path":"images/Cat/With_Backgrounds/difficulty5_image0.png","trial_type":"image-button-response","trial_index":12,"time_elapsed":50745,"internal_node_id":"0.0-2.0-0.10"},{"rt":2159,"stimulus":"images/Other/With_Backgrounds/difficulty8_image4.png","response":7,"category":"Other","background_difficulty":"8","image_path":"images/Other/With_Backgrounds/difficulty8_image4.png","trial_type":"image-button-response","trial_index":13,"time_elapsed":52904,"internal_node_id":"0.0-2.0-0.11"},{"rt":1675,"stimulus":"images/Dog/With_Backgrounds/difficulty8_image7.png","response":4,"category":"Dog","background_difficulty":"8","image_path":"images/Dog/With_Backgrounds/difficulty8_image7.png","trial_type":"image-button-response","trial_index":14,"time_elapsed":54581,"internal_node_id":"0.0-2.0-0.12"},{"rt":1108,"stimulus":"images/Dog/With_Backgrounds/difficulty4_image5.png","response":4,"category":"Dog","background_difficulty":"4","image_path":"images/Dog/With_Backgrounds/difficulty4_image5.png","trial_type":"image-button-response","trial_index":15,"time_elapsed":55690,"internal_node_id":"0.0-2.0-0.13"},{"rt":1571,"stimulus":"images/Cat/With_Backgrounds/difficulty0_image6.png","response":3,"category":"Cat","background_difficulty":"0","image_path":"images/Cat/With_Backgrounds/difficulty0_image6.png","trial_type":"image-button-response","trial_index":16,"time_elapsed":57262,"internal_node_id":"0.0-2.0-0.14"},{"rt":1760,"stimulus":"images/Dog/With_Backgrounds/difficulty6_image9.png","response":4,"category":"Dog","background_difficulty":"6","image_path":"images/Dog/With_Backgrounds/difficulty6_image9.png","trial_type":"image-button-response","trial_index":17,"time_elapsed":59023,"internal_node_id":"0.0-2.0-0.15"},{"rt":2065,"stimulus":"images/Tree/With_Backgrounds/difficulty4_image4.png","response":6,"category":"Tree","background_difficulty":"4","image_path":"images/Tree/With_Backgrounds/difficulty4_image4.png","trial_type":"image-button-response","trial_index":18,"time_elapsed":61089,"internal_node_id":"0.0-2.0-0.16"},{"rt":1402,"stimulus":"images/Cat/With_Backgrounds/difficulty8_image3.png","response":3,"category":"Cat","background_difficulty":"8","image_path":"images/Cat/With_Backgrounds/difficulty8_image3.png","trial_type":"image-button-response","trial_index":19,"time_elapsed":62492,"internal_node_id":"0.0-2.0-0.17"},{"rt":1229,"stimulus":"images/Boat/With_Backgrounds/difficulty8_image0.png","response":0,"category":"Boat","background_difficulty":"8","image_path":"images/Boat/With_Backgrounds/difficulty8_image0.png","trial_type":"image-button-response","trial_index":20,"time_elapsed":63722,"internal_node_id":"0.0-2.0-0.18"},{"rt":1358,"stimulus":"images/Car/With_Backgrounds/difficulty0_image4.png","response":2,"category":"Car","background_difficulty":"0","image_path":"images/Car/With_Backgrounds/difficulty0_image4.png","trial_type":"image-button-response","trial_index":21,"time_elapsed":65081,"internal_node_id":"0.0-2.0-0.19"},{"rt":1770,"stimulus":"images/Broccoli/With_Backgrounds/difficulty7_image4.png","response":1,"category":"Broccoli","background_difficulty":"7","image_path":"images/Broccoli/With_Backgrounds/difficulty7_image4.png","trial_type":"image-button-response","trial_index":22,"time_elapsed":66852,"internal_node_id":"0.0-2.0-0.20"},{"rt":1562,"stimulus":"images/Human/With_Backgrounds/difficulty7_image9.png","response":5,"category":"Human","background_difficulty":"7","image_path":"images/Human/With_Backgrounds/difficulty7_image9.png","trial_type":"image-button-response","trial_index":23,"time_elapsed":68415,"internal_node_id":"0.0-2.0-0.21"},{"rt":1242,"stimulus":"images/Other/With_Backgrounds/difficulty2_image8.png","response":7,"category":"Other","background_difficulty":"2","image_path":"images/Other/With_Backgrounds/difficulty2_image8.png","trial_type":"image-button-response","trial_index":24,"time_elapsed":69658,"internal_node_id":"0.0-2.0-0.22"},{"rt":1390,"stimulus":"images/Dog/With_Backgrounds/difficulty2_image2.png","response":4,"category":"Dog","background_difficulty":"2","image_path":"images/Dog/With_Backgrounds/difficulty2_image2.png","trial_type":"image-button-response","trial_index":25,"time_elapsed":71049,"internal_node_id":"0.0-2.0-0.23"},{"rt":1144,"stimulus":"images/Cat/With_Backgrounds/difficulty4_image2.png","response":3,"category":"Cat","background_difficulty":"4","image_path":"images/Cat/With_Backgrounds/difficulty4_image2.png","trial_type":"image-button-response","trial_index":26,"time_elapsed":72194,"internal_node_id":"0.0-2.0-0.24"},{"rt":1593,"stimulus":"images/Other/With_Backgrounds/difficulty1_image1.png","response":7,"category":"Other","background_difficulty":"1","image_path":"images/Other/With_Backgrounds/difficulty1_image1.png","trial_type":"image-button-response","trial_index":27,"time_elapsed":73788,"internal_node_id":"0.0-2.0-0.25"},{"rt":1295,"stimulus":"images/Other/With_Backgrounds/difficulty3_image3.png","response":7,"category":"Other","background_difficulty":"3","image_path":"images/Other/With_Backgrounds/difficulty3_image3.png","trial_type":"image-button-response","trial_index":28,"time_elapsed":75084,"internal_node_id":"0.0-2.0-0.26"},{"rt":1141,"stimulus":"images/Car/With_Backgrounds/difficulty8_image1.png","response":2,"category":"Car","background_difficulty":"8","image_path":"images/Car/With_Backgrounds/difficulty8_image1.png","trial_type":"image-button-response","trial_index":29,"time_elapsed":76226,"internal_node_id":"0.0-2.0-0.27"},{"rt":1231,"stimulus":"images/Dog/With_Backgrounds/difficulty5_image8.png","response":4,"category":"Dog","background_difficulty":"5","image_path":"images/Dog/With_Backgrounds/difficulty5_image8.png","trial_type":"image-button-response","trial_index":30,"time_elapsed":77458,"internal_node_id":"0.0-2.0-0.28"},{"rt":1583,"stimulus":"images/Tree/With_Backgrounds/difficulty0_image9.png","response":6,"category":"Tree","background_difficulty":"0","image_path":"images/Tree/With_Backgrounds/difficulty0_image9.png","trial_type":"image-button-response","trial_index":31,"time_elapsed":79042,"internal_node_id":"0.0-2.0-0.29"},{"rt":1633,"stimulus":"images/Human/With_Backgrounds/difficulty2_image0.png","response":5,"category":"Human","background_difficulty":"2","image_path":"images/Human/With_Backgrounds/difficulty2_image0.png","trial_type":"image-button-response","trial_index":32,"time_elapsed":80676,"internal_node_id":"0.0-2.0-0.30"},{"rt":1230,"stimulus":"images/Human/With_Backgrounds/difficulty0_image7.png","response":5,"category":"Human","background_difficulty":"0","image_path":"images/Human/With_Backgrounds/difficulty0_image7.png","trial_type":"image-button-response","trial_index":33,"time_elapsed":81907,"internal_node_id":"0.0-2.0-0.31"},{"rt":837,"stimulus":"images/Human/With_Backgrounds/difficulty4_image3.png","response":5,"category":"Human","background_difficulty":"4","image_path":"images/Human/With_Backgrounds/difficulty4_image3.png","trial_type":"image-button-response","trial_index":34,"time_elapsed":82745,"internal_node_id":"0.0-2.0-0.32"},{"rt":1185,"stimulus":"images/Car/With_Backgrounds/difficulty3_image3.png","response":2,"category":"Car","background_difficulty":"3","image_path":"images/Car/With_Backgrounds/difficulty3_image3.png","trial_type":"image-button-response","trial_index":35,"time_elapsed":83931,"internal_node_id":"0.0-2.0-0.33"},{"rt":1112,"stimulus":"images/Boat/With_Backgrounds/difficulty5_image5.png","response":0,"category":"Boat","background_difficulty":"5","image_path":"images/Boat/With_Backgrounds/difficulty5_image5.png","trial_type":"image-button-response","trial_index":36,"time_elapsed":85044,"internal_node_id":"0.0-2.0-0.34"},{"rt":1668,"stimulus":"images/Broccoli/With_Backgrounds/difficulty6_image5.png","response":1,"category":"Broccoli","background_difficulty":"6","image_path":"images/Broccoli/With_Backgrounds/difficulty6_image5.png","trial_type":"image-button-response","trial_index":37,"time_elapsed":86713,"internal_node_id":"0.0-2.0-0.35"},{"rt":1549,"stimulus":"images/Other/With_Backgrounds/difficulty5_image6.png","response":7,"category":"Other","background_difficulty":"5","image_path":"images/Other/With_Backgrounds/difficulty5_image6.png","trial_type":"image-button-response","trial_index":38,"time_elapsed":88262,"internal_node_id":"0.0-2.0-0.36"},{"rt":1865,"stimulus":"images/Car/With_Backgrounds/difficulty2_image2.png","response":2,"category":"Car","background_difficulty":"2","image_path":"images/Car/With_Backgrounds/difficulty2_image2.png","trial_type":"image-button-response","trial_index":39,"time_elapsed":90128,"internal_node_id":"0.0-2.0-0.37"},{"rt":2391,"stimulus":"images/Boat/With_Backgrounds/difficulty2_image4.png","response":0,"category":"Boat","background_difficulty":"2","image_path":"images/Boat/With_Backgrounds/difficulty2_image4.png","trial_type":"image-button-response","trial_index":40,"time_elapsed":92520,"internal_node_id":"0.0-2.0-0.38"},{"rt":1168,"stimulus":"images/Boat/With_Backgrounds/difficulty7_image2.png","response":0,"category":"Boat","background_difficulty":"7","image_path":"images/Boat/With_Backgrounds/difficulty7_image2.png","trial_type":"image-button-response","trial_index":41,"time_elapsed":93689,"internal_node_id":"0.0-2.0-0.39"},{"rt":1008,"stimulus":"images/Boat/With_Backgrounds/difficulty0_image6.png","response":0,"category":"Boat","background_difficulty":"0","image_path":"images/Boat/With_Backgrounds/difficulty0_image6.png","trial_type":"image-button-response","trial_index":42,"time_elapsed":94698,"internal_node_id":"0.0-2.0-0.40"},{"rt":1763,"stimulus":"images/Tree/With_Backgrounds/difficulty8_image5.png","response":6,"category":"Tree","background_difficulty":"8","image_path":"images/Tree/With_Backgrounds/difficulty8_image5.png","trial_type":"image-button-response","trial_index":43,"time_elapsed":96462,"internal_node_id":"0.0-2.0-0.41"},{"rt":1420,"stimulus":"images/Dog/With_Backgrounds/difficulty1_image0.png","response":4,"category":"Dog","background_difficulty":"1","image_path":"images/Dog/With_Backgrounds/difficulty1_image0.png","trial_type":"image-button-response","trial_index":44,"time_elapsed":97883,"internal_node_id":"0.0-2.0-0.42"},{"rt":2897,"stimulus":"images/Tree/With_Backgrounds/difficulty1_image2.png","response":6,"category":"Tree","background_difficulty":"1","image_path":"images/Tree/With_Backgrounds/difficulty1_image2.png","trial_type":"image-button-response","trial_index":45,"time_elapsed":100781,"internal_node_id":"0.0-2.0-0.43"},{"rt":1576,"stimulus":"images/Car/With_Backgrounds/difficulty7_image0.png","response":2,"category":"Car","background_difficulty":"7","image_path":"images/Car/With_Backgrounds/difficulty7_image0.png","trial_type":"image-button-response","trial_index":46,"time_elapsed":102358,"internal_node_id":"0.0-2.0-0.44"},{"rt":1564,"stimulus":"images/Cat/With_Backgrounds/difficulty2_image7.png","response":3,"category":"Cat","background_difficulty":"2","image_path":"images/Cat/With_Backgrounds/difficulty2_image7.png","trial_type":"image-button-response","trial_index":47,"time_elapsed":103923,"internal_node_id":"0.0-2.0-0.45"},{"rt":960,"stimulus":"images/Boat/With_Backgrounds/difficulty1_image3.png","response":0,"category":"Boat","background_difficulty":"1","image_path":"images/Boat/With_Backgrounds/difficulty1_image3.png","trial_type":"image-button-response","trial_index":48,"time_elapsed":104884,"internal_node_id":"0.0-2.0-0.46"},{"rt":1168,"stimulus":"images/Broccoli/With_Backgrounds/difficulty5_image2.png","response":1,"category":"Broccoli","background_difficulty":"5","image_path":"images/Broccoli/With_Backgrounds/difficulty5_image2.png","trial_type":"image-button-response","trial_index":49,"time_elapsed":106053,"internal_node_id":"0.0-2.0-0.47"},{"rt":2210,"stimulus":"images/Broccoli/With_Backgrounds/difficulty2_image0.png","response":1,"category":"Broccoli","background_difficulty":"2","image_path":"images/Broccoli/With_Backgrounds/difficulty2_image0.png","trial_type":"image-button-response","trial_index":50,"time_elapsed":108264,"internal_node_id":"0.0-2.0-0.48"},{"rt":1718,"stimulus":"images/Tree/With_Backgrounds/difficulty3_image8.png","response":6,"category":"Tree","background_difficulty":"3","image_path":"images/Tree/With_Backgrounds/difficulty3_image8.png","trial_type":"image-button-response","trial_index":51,"time_elapsed":109982,"internal_node_id":"0.0-2.0-0.49"},{"rt":1823,"stimulus":"images/Dog/With_Backgrounds/difficulty7_image4.png","response":4,"category":"Dog","background_difficulty":"7","image_path":"images/Dog/With_Backgrounds/difficulty7_image4.png","trial_type":"image-button-response","trial_index":52,"time_elapsed":111806,"internal_node_id":"0.0-2.0-0.50"},{"rt":1837,"stimulus":"images/Tree/With_Backgrounds/difficulty5_image7.png","response":6,"category":"Tree","background_difficulty":"5","image_path":"images/Tree/With_Backgrounds/difficulty5_image7.png","trial_type":"image-button-response","trial_index":53,"time_elapsed":113644,"internal_node_id":"0.0-2.0-0.51"},{"rt":1176,"stimulus":"images/Broccoli/With_Backgrounds/difficulty3_image1.png","response":1,"category":"Broccoli","background_difficulty":"3","image_path":"images/Broccoli/With_Backgrounds/difficulty3_image1.png","trial_type":"image-button-response","trial_index":54,"time_elapsed":114821,"internal_node_id":"0.0-2.0-0.52"},{"rt":1566,"stimulus":"images/Cat/With_Backgrounds/difficulty1_image8.png","response":3,"category":"Cat","background_difficulty":"1","image_path":"images/Cat/With_Backgrounds/difficulty1_image8.png","trial_type":"image-button-response","trial_index":55,"time_elapsed":116388,"internal_node_id":"0.0-2.0-0.53"},{"rt":1119,"stimulus":"images/Dog/With_Backgrounds/difficulty3_image6.png","response":4,"category":"Dog","background_difficulty":"3","image_path":"images/Dog/With_Backgrounds/difficulty3_image6.png","trial_type":"image-button-response","trial_index":56,"time_elapsed":117508,"internal_node_id":"0.0-2.0-0.54"},{"rt":1464,"stimulus":"images/Human/With_Backgrounds/difficulty6_image1.png","response":5,"category":"Human","background_difficulty":"6","image_path":"images/Human/With_Backgrounds/difficulty6_image1.png","trial_type":"image-button-response","trial_index":57,"time_elapsed":118973,"internal_node_id":"0.0-2.0-0.55"},{"rt":1431,"stimulus":"images/Other/With_Backgrounds/difficulty0_image0.png","response":7,"category":"Other","background_difficulty":"0","image_path":"images/Other/With_Backgrounds/difficulty0_image0.png","trial_type":"image-button-response","trial_index":58,"time_elapsed":120406,"internal_node_id":"0.0-2.0-0.56"},{"rt":1184,"stimulus":"images/Human/With_Backgrounds/difficulty5_image6.png","response":5,"category":"Human","background_difficulty":"5","image_path":"images/Human/With_Backgrounds/difficulty5_image6.png","trial_type":"image-button-response","trial_index":59,"time_elapsed":121591,"internal_node_id":"0.0-2.0-0.57"},{"rt":1319,"stimulus":"images/Boat/With_Backgrounds/difficulty6_image8.png","response":0,"category":"Boat","background_difficulty":"6","image_path":"images/Boat/With_Backgrounds/difficulty6_image8.png","trial_type":"image-button-response","trial_index":60,"time_elapsed":122911,"internal_node_id":"0.0-2.0-0.58"},{"rt":1840,"stimulus":"images/Tree/With_Backgrounds/difficulty2_image6.png","response":6,"category":"Tree","background_difficulty":"2","image_path":"images/Tree/With_Backgrounds/difficulty2_image6.png","trial_type":"image-button-response","trial_index":61,"time_elapsed":124752,"internal_node_id":"0.0-2.0-0.59"},{"rt":1557,"stimulus":"images/Cat/With_Backgrounds/difficulty7_image9.png","response":3,"category":"Cat","background_difficulty":"7","image_path":"images/Cat/With_Backgrounds/difficulty7_image9.png","trial_type":"image-button-response","trial_index":62,"time_elapsed":126310,"internal_node_id":"0.0-2.0-0.60"},{"rt":2052,"stimulus":"images/Broccoli/With_Backgrounds/difficulty8_image9.png","response":3,"category":"Broccoli","background_difficulty":"8","image_path":"images/Broccoli/With_Backgrounds/difficulty8_image9.png","trial_type":"image-button-response","trial_index":63,"time_elapsed":128363,"internal_node_id":"0.0-2.0-0.61"},{"rt":1465,"stimulus":"images/Car/With_Backgrounds/difficulty5_image6.png","response":2,"category":"Car","background_difficulty":"5","image_path":"images/Car/With_Backgrounds/difficulty5_image6.png","trial_type":"image-button-response","trial_index":64,"time_elapsed":129829,"internal_node_id":"0.0-2.0-0.62"},{"rt":1207,"stimulus":"images/Cat/With_Backgrounds/difficulty6_image4.png","response":3,"category":"Cat","background_difficulty":"6","image_path":"images/Cat/With_Backgrounds/difficulty6_image4.png","trial_type":"image-button-response","trial_index":65,"time_elapsed":131037,"internal_node_id":"0.0-2.0-0.63"},{"rt":1236,"stimulus":"images/Car/With_Backgrounds/difficulty1_image9.png","response":2,"category":"Car","background_difficulty":"1","image_path":"images/Car/With_Backgrounds/difficulty1_image9.png","trial_type":"image-button-response","trial_index":66,"time_elapsed":132274,"internal_node_id":"0.0-2.0-0.64"},{"rt":911,"stimulus":"images/Cat/With_Backgrounds/difficulty3_image5.png","response":3,"category":"Cat","background_difficulty":"3","image_path":"images/Cat/With_Backgrounds/difficulty3_image5.png","trial_type":"image-button-response","trial_index":67,"time_elapsed":133186,"internal_node_id":"0.0-2.0-0.65"},{"rt":1251,"stimulus":"images/Tree/With_Backgrounds/difficulty7_image0.png","response":6,"category":"Tree","background_difficulty":"7","image_path":"images/Tree/With_Backgrounds/difficulty7_image0.png","trial_type":"image-button-response","trial_index":68,"time_elapsed":134438,"internal_node_id":"0.0-2.0-0.66"},{"rt":2241,"stimulus":"images/Other/With_Backgrounds/difficulty7_image5.png","response":7,"category":"Other","background_difficulty":"7","image_path":"images/Other/With_Backgrounds/difficulty7_image5.png","trial_type":"image-button-response","trial_index":69,"time_elapsed":136679,"internal_node_id":"0.0-2.0-0.67"},{"rt":2409,"stimulus":"images/Human/With_Backgrounds/difficulty1_image4.png","response":5,"category":"Human","background_difficulty":"1","image_path":"images/Human/With_Backgrounds/difficulty1_image4.png","trial_type":"image-button-response","trial_index":70,"time_elapsed":139090,"internal_node_id":"0.0-2.0-0.68"},{"rt":913,"stimulus":"images/Human/With_Backgrounds/difficulty3_image8.png","response":5,"category":"Human","background_difficulty":"3","image_path":"images/Human/With_Backgrounds/difficulty3_image8.png","trial_type":"image-button-response","trial_index":71,"time_elapsed":140004,"internal_node_id":"0.0-2.0-0.69"},{"rt":1232,"stimulus":"images/Broccoli/With_Backgrounds/difficulty1_image7.png","response":1,"category":"Broccoli","background_difficulty":"1","image_path":"images/Broccoli/With_Backgrounds/difficulty1_image7.png","trial_type":"image-button-response","trial_index":72,"time_elapsed":141237,"internal_node_id":"0.0-2.0-0.70"},{"rt":1129,"stimulus":"images/Broccoli/With_Backgrounds/difficulty0_image3.png","response":1,"category":"Broccoli","background_difficulty":"0","image_path":"images/Broccoli/With_Backgrounds/difficulty0_image3.png","trial_type":"image-button-response","trial_index":73,"time_elapsed":142367,"internal_node_id":"0.0-2.0-0.71"},{"rt":1751,"stimulus":["<h2>Press the button below to end experiment.</h2><p>Thank you for participating!</p>"],"response":0,"trial_type":"html-button-response","trial_index":74,"time_elapsed":144119,"internal_node_id":"0.0-3.0"}]