[{"success":true,"timeout":false,"failed_images":[],"failed_audio":[],"failed_video":[],"trial_type":"preload","trial_index":0,"time_elapsed":840,"internal_node_id":"0.0-0.0"},{"rt":8310,"stimulus":["<h2>Noisy background image classification</h2><p>In this experiment you will briefly see images on top of colored squares of various sizes.</p><p>Your task is to report what each image is, selecting \"None of the Above\" if none of the given options are correct.</p> <p>The possible options are <strong>Boat</strong>, <strong>Broccoli</strong>, <strong>Car</strong>, <strong>Cat</strong>, <strong>Dog</strong>, <strong>Human</strong>, <strong>Tree</strong>, and <strong>None of the Above</strong>"],"response":0,"trial_type":"html-button-response","trial_index":1,"time_elapsed":9151,"internal_node_id":"0.0-1.0"},{"rt":3633,"stimulus":"images/Boat/With_Backgrounds/difficulty4_image9.png","response":0,"category":"Boat","background_difficulty":"4","image_path":"images/Boat/With_Backgrounds/difficulty4_image9.png","trial_type":"image-button-response","trial_index":2,"time_elapsed":12787,"internal_node_id":"0.0-2.0-0.0"},{"rt":1408,"stimulus":"images/Broccoli/With_Backgrounds/difficulty3_image7.png","response":1,"category":"Broccoli","background_difficulty":"3","image_path":"images/Broccoli/With_Backgrounds/difficulty3_image7.png","trial_type":"image-button-response","trial_index":3,"time_elapsed":14198,"internal_node_id":"0.0-2.0-0.1"},{"rt":1353,"stimulus":"images/Boat/With_Backgrounds/difficulty7_image8.png","response":0,"category":"Boat","background_difficulty":"7","image_path":"images/Boat/With_Backgrounds/difficulty7_image8.png","trial_type":"image-button-response","trial_index":4,"time_elapsed":15553,"internal_node_id":"0.0-2.0-0.2"},{"rt":1843,"stimulus":"images/Tree/With_Backgrounds/difficulty1_image1.png","response":6,"category":"Tree","background_difficulty":"1","image_path":"images/Tree/With_Backgrounds/difficulty1_image1.png","trial_type":"image-button-response","trial_index":5,"time_elapsed":17399,"internal_node_id":"0.0-2.0-0.3"},{"rt":2247,"stimulus":"images/Other/With_Backgrounds/difficulty0_image6.png","response":7,"category":"Other","background_difficulty":"0","image_path":"images/Other/With_Backgrounds/difficulty0_image6.png","trial_type":"image-button-response","trial_index":6,"time_elapsed":19649,"internal_node_id":"0.0-2.0-0.4"},{"rt":1538,"stimulus":"images/Boat/With_Backgrounds/difficulty1_image7.png","response":0,"category":"Boat","background_difficulty":"1","image_path":"images/Boat/With_Backgrounds/difficulty1_image7.png","trial_type":"image-button-response","trial_index":7,"time_elapsed":21188,"internal_node_id":"0.0-2.0-0.5"},{"rt":939,"stimulus":"images/Boat/With_Backgrounds/difficulty8_image0.png","response":0,"category":"Boat","background_difficulty":"8","image_path":"images/Boat/With_Backgrounds/difficulty8_image0.png","trial_type":"image-button-response","trial_index":8,"time_elapsed":22130,"internal_node_id":"0.0-2.0-0.6"},{"rt":2622,"stimulus":"images/Other/With_Backgrounds/difficulty4_image4.png","response":7,"category":"Other","background_difficulty":"4","image_path":"images/Other/With_Backgrounds/difficulty4_image4.png","trial_type":"image-button-response","trial_index":9,"time_elapsed":24754,"internal_node_id":"0.0-2.0-0.7"},{"rt":1199,"stimulus":"images/Broccoli/With_Backgrounds/difficulty8_image3.png","response":1,"category":"Broccoli","background_difficulty":"8","image_path":"images/Broccoli/With_Backgrounds/difficulty8_image3.png","trial_type":"image-button-response","trial_index":10,"time_elapsed":25957,"internal_node_id":"0.0-2.0-0.8"},{"rt":1116,"stimulus":"images/Cat/With_Backgrounds/difficulty0_image3.png","response":3,"category":"Cat","background_difficulty":"0","image_path":"images/Cat/With_Backgrounds/difficulty0_image3.png","trial_type":"image-button-response","trial_index":11,"time_elapsed":27075,"internal_node_id":"0.0-2.0-0.9"},{"rt":1369,"stimulus":"images/Tree/With_Backgrounds/difficulty5_image8.png","response":6,"category":"Tree","background_difficulty":"5","image_path":"images/Tree/With_Backgrounds/difficulty5_image8.png","trial_type":"image-button-response","trial_index":12,"time_elapsed":28446,"internal_node_id":"0.0-2.0-0.10"},{"rt":1406,"stimulus":"images/Car/With_Backgrounds/difficulty4_image3.png","response":2,"category":"Car","background_difficulty":"4","image_path":"images/Car/With_Backgrounds/difficulty4_image3.png","trial_type":"image-button-response","trial_index":13,"time_elapsed":29855,"internal_node_id":"0.0-2.0-0.11"},{"rt":1749,"stimulus":"images/Other/With_Backgrounds/difficulty5_image2.png","response":7,"category":"Other","background_difficulty":"5","image_path":"images/Other/With_Backgrounds/difficulty5_image2.png","trial_type":"image-button-response","trial_index":14,"time_elapsed":31606,"internal_node_id":"0.0-2.0-0.12"},{"rt":1286,"stimulus":"images/Car/With_Backgrounds/difficulty2_image9.png","response":2,"category":"Car","background_difficulty":"2","image_path":"images/Car/With_Backgrounds/difficulty2_image9.png","trial_type":"image-button-response","trial_index":15,"time_elapsed":32894,"internal_node_id":"0.0-2.0-0.13"},{"rt":1526,"stimulus":"images/Other/With_Backgrounds/difficulty1_image1.png","response":7,"category":"Other","background_difficulty":"1","image_path":"images/Other/With_Backgrounds/difficulty1_image1.png","trial_type":"image-button-response","trial_index":16,"time_elapsed":34423,"internal_node_id":"0.0-2.0-0.14"},{"rt":1424,"stimulus":"images/Human/With_Backgrounds/difficulty6_image8.png","response":5,"category":"Human","background_difficulty":"6","image_path":"images/Human/With_Backgrounds/difficulty6_image8.png","trial_type":"image-button-response","trial_index":17,"time_elapsed":35849,"internal_node_id":"0.0-2.0-0.15"},{"rt":1185,"stimulus":"images/Boat/With_Backgrounds/difficulty0_image1.png","response":0,"category":"Boat","background_difficulty":"0","image_path":"images/Boat/With_Backgrounds/difficulty0_image1.png","trial_type":"image-button-response","trial_index":18,"time_elapsed":37036,"internal_node_id":"0.0-2.0-0.16"},{"rt":920,"stimulus":"images/Boat/With_Backgrounds/difficulty2_image5.png","response":0,"category":"Boat","background_difficulty":"2","image_path":"images/Boat/With_Backgrounds/difficulty2_image5.png","trial_type":"image-button-response","trial_index":19,"time_elapsed":37958,"internal_node_id":"0.0-2.0-0.17"},{"rt":1182,"stimulus":"images/Car/With_Backgrounds/difficulty5_image4.png","response":2,"category":"Car","background_difficulty":"5","image_path":"images/Car/With_Backgrounds/difficulty5_image4.png","trial_type":"image-button-response","trial_index":20,"time_elapsed":39141,"internal_node_id":"0.0-2.0-0.18"},{"rt":945,"stimulus":"images/Broccoli/With_Backgrounds/difficulty0_image4.png","response":1,"category":"Broccoli","background_difficulty":"0","image_path":"images/Broccoli/With_Backgrounds/difficulty0_image4.png","trial_type":"image-button-response","trial_index":21,"time_elapsed":40090,"internal_node_id":"0.0-2.0-0.19"},{"rt":1210,"stimulus":"images/Other/With_Backgrounds/difficulty2_image3.png","response":7,"category":"Other","background_difficulty":"2","image_path":"images/Other/With_Backgrounds/difficulty2_image3.png","trial_type":"image-button-response","trial_index":22,"time_elapsed":41301,"internal_node_id":"0.0-2.0-0.20"},{"rt":1327,"stimulus":"images/Dog/With_Backgrounds/difficulty3_image8.png","response":4,"category":"Dog","background_difficulty":"3","image_path":"images/Dog/With_Backgrounds/difficulty3_image8.png","trial_type":"image-button-response","trial_index":23,"time_elapsed":42631,"internal_node_id":"0.0-2.0-0.21"},{"rt":978,"stimulus":"images/Broccoli/With_Backgrounds/difficulty4_image2.png","response":1,"category":"Broccoli","background_difficulty":"4","image_path":"images/Broccoli/With_Backgrounds/difficulty4_image2.png","trial_type":"image-button-response","trial_index":24,"time_elapsed":43613,"internal_node_id":"0.0-2.0-0.22"},{"rt":993,"stimulus":"images/Human/With_Backgrounds/difficulty5_image6.png","response":5,"category":"Human","background_difficulty":"5","image_path":"images/Human/With_Backgrounds/difficulty5_image6.png","trial_type":"image-button-response","trial_index":25,"time_elapsed":44609,"internal_node_id":"0.0-2.0-0.23"},{"rt":1030,"stimulus":"images/Human/With_Backgrounds/difficulty3_image1.png","response":5,"category":"Human","background_difficulty":"3","image_path":"images/Human/With_Backgrounds/difficulty3_image1.png","trial_type":"image-button-response","trial_index":26,"time_elapsed":45641,"internal_node_id":"0.0-2.0-0.24"},{"rt":1580,"stimulus":"images/Tree/With_Backgrounds/difficulty0_image6.png","response":6,"category":"Tree","background_difficulty":"0","image_path":"images/Tree/With_Backgrounds/difficulty0_image6.png","trial_type":"image-button-response","trial_index":27,"time_elapsed":47224,"internal_node_id":"0.0-2.0-0.25"},{"rt":1065,"stimulus":"images/Broccoli/With_Backgrounds/difficulty7_image0.png","response":1,"category":"Broccoli","background_difficulty":"7","image_path":"images/Broccoli/With_Backgrounds/difficulty7_image0.png","trial_type":"image-button-response","trial_index":28,"time_elapsed":48291,"internal_node_id":"0.0-2.0-0.26"},{"rt":942,"stimulus":"images/Broccoli/With_Backgrounds/difficulty2_image9.png","response":1,"category":"Broccoli","background_difficulty":"2","image_path":"images/Broccoli/With_Backgrounds/difficulty2_image9.png","trial_type":"image-button-response","trial_index":29,"time_elapsed":49235,"internal_node_id":"0.0-2.0-0.27"},{"rt":1199,"stimulus":"images/Other/With_Backgrounds/difficulty8_image0.png","response":7,"category":"Other","background_difficulty":"8","image_path":"images/Other/With_Backgrounds/difficulty8_image0.png","trial_type":"image-button-response","trial_index":30,"time_elapsed":50437,"internal_node_id":"0.0-2.0-0.28"},{"rt":1007,"stimulus":"images/Human/With_Backgrounds/difficulty1_image3.png","response":5,"category":"Human","background_difficulty":"1","image_path":"images/Human/With_Backgrounds/difficulty1_image3.png","trial_type":"image-button-response","trial_index":31,"time_elapsed":51446,"internal_node_id":"0.0-2.0-0.29"},{"rt":958,"stimulus":"images/Cat/With_Backgrounds/difficulty7_image7.png","response":3,"category":"Cat","background_difficulty":"7","image_path":"images/Cat/With_Backgrounds/difficulty7_image7.png","trial_type":"image-button-response","trial_index":32,"time_elapsed":52406,"internal_node_id":"0.0-2.0-0.30"},{"rt":891,"stimulus":"images/Human/With_Backgrounds/difficulty4_image9.png","response":5,"category":"Human","background_difficulty":"4","image_path":"images/Human/With_Backgrounds/difficulty4_image9.png","trial_type":"image-button-response","trial_index":33,"time_elapsed":53300,"internal_node_id":"0.0-2.0-0.31"},{"rt":1146,"stimulus":"images/Broccoli/With_Backgrounds/difficulty6_image5.png","response":1,"category":"Broccoli","background_difficulty":"6","image_path":"images/Broccoli/With_Backgrounds/difficulty6_image5.png","trial_type":"image-button-response","trial_index":34,"time_elapsed":54448,"internal_node_id":"0.0-2.0-0.32"},{"rt":1636,"stimulus":"images/Car/With_Backgrounds/difficulty8_image8.png","response":2,"category":"Car","background_difficulty":"8","image_path":"images/Car/With_Backgrounds/difficulty8_image8.png","trial_type":"image-button-response","trial_index":35,"time_elapsed":56087,"internal_node_id":"0.0-2.0-0.33"},{"rt":1913,"stimulus":"images/Tree/With_Backgrounds/difficulty4_image0.png","response":6,"category":"Tree","background_difficulty":"4","image_path":"images/Tree/With_Backgrounds/difficulty4_image0.png","trial_type":"image-button-response","trial_index":36,"time_elapsed":58001,"internal_node_id":"0.0-2.0-0.34"},{"rt":849,"stimulus":"images/Human/With_Backgrounds/difficulty0_image5.png","response":5,"category":"Human","background_difficulty":"0","image_path":"images/Human/With_Backgrounds/difficulty0_image5.png","trial_type":"image-button-response","trial_index":37,"time_elapsed":58853,"internal_node_id":"0.0-2.0-0.35"},{"rt":1187,"stimulus":"images/Car/With_Backgrounds/difficulty6_image1.png","response":2,"category":"Car","background_difficulty":"6","image_path":"images/Car/With_Backgrounds/difficulty6_image1.png","trial_type":"image-button-response","trial_index":38,"time_elapsed":60042,"internal_node_id":"0.0-2.0-0.36"},{"rt":1011,"stimulus":"images/Tree/With_Backgrounds/difficulty3_image3.png","response":6,"category":"Tree","background_difficulty":"3","image_path":"images/Tree/With_Backgrounds/difficulty3_image3.png","trial_type":"image-button-response","trial_index":39,"time_elapsed":61055,"internal_node_id":"0.0-2.0-0.37"},{"rt":1582,"stimulus":"images/Cat/With_Backgrounds/difficulty5_image0.png","response":3,"category":"Cat","background_difficulty":"5","image_path":"images/Cat/With_Backgrounds/difficulty5_image0.png","trial_type":"image-button-response","trial_index":40,"time_elapsed":62638,"internal_node_id":"0.0-2.0-0.38"},{"rt":899,"stimulus":"images/Dog/With_Backgrounds/difficulty5_image2.png","response":4,"category":"Dog","background_difficulty":"5","image_path":"images/Dog/With_Backgrounds/difficulty5_image2.png","trial_type":"image-button-response","trial_index":41,"time_elapsed":63538,"internal_node_id":"0.0-2.0-0.39"},{"rt":1182,"stimulus":"images/Other/With_Backgrounds/difficulty7_image8.png","response":7,"category":"Other","background_difficulty":"7","image_path":"images/Other/With_Backgrounds/difficulty7_image8.png","trial_type":"image-button-response","trial_index":42,"time_elapsed":64723,"internal_node_id":"0.0-2.0-0.40"},{"rt":976,"stimulus":"images/Broccoli/With_Backgrounds/difficulty1_image1.png","response":1,"category":"Broccoli","background_difficulty":"1","image_path":"images/Broccoli/With_Backgrounds/difficulty1_image1.png","trial_type":"image-button-response","trial_index":43,"time_elapsed":65702,"internal_node_id":"0.0-2.0-0.41"},{"rt":1369,"stimulus":"images/Tree/With_Backgrounds/difficulty6_image2.png","response":6,"category":"Tree","background_difficulty":"6","image_path":"images/Tree/With_Backgrounds/difficulty6_image2.png","trial_type":"image-button-response","trial_index":44,"time_elapsed":67073,"internal_node_id":"0.0-2.0-0.42"},{"rt":1198,"stimulus":"images/Dog/With_Backgrounds/difficulty0_image3.png","response":4,"category":"Dog","background_difficulty":"0","image_path":"images/Dog/With_Backgrounds/difficulty0_image3.png","trial_type":"image-button-response","trial_index":45,"time_elapsed":68273,"internal_node_id":"0.0-2.0-0.43"},{"rt":1451,"stimulus":"images/Tree/With_Backgrounds/difficulty8_image5.png","response":6,"category":"Tree","background_difficulty":"8","image_path":"images/Tree/With_Backgrounds/difficulty8_image5.png","trial_type":"image-button-response","trial_index":46,"time_elapsed":69726,"internal_node_id":"0.0-2.0-0.44"},{"rt":1026,"stimulus":"images/Cat/With_Backgrounds/difficulty1_image6.png","response":3,"category":"Cat","background_difficulty":"1","image_path":"images/Cat/With_Backgrounds/difficulty1_image6.png","trial_type":"image-button-response","trial_index":47,"time_elapsed":70754,"internal_node_id":"0.0-2.0-0.45"},{"rt":1061,"stimulus":"images/Broccoli/With_Backgrounds/difficulty5_image8.png","response":1,"category":"Broccoli","background_difficulty":"5","image_path":"images/Broccoli/With_Backgrounds/difficulty5_image8.png","trial_type":"image-button-response","trial_index":48,"time_elapsed":71817,"internal_node_id":"0.0-2.0-0.46"},{"rt":1027,"stimulus":"images/Other/With_Backgrounds/difficulty6_image7.png","response":7,"category":"Other","background_difficulty":"6","image_path":"images/Other/With_Backgrounds/difficulty6_image7.png","trial_type":"image-button-response","trial_index":49,"time_elapsed":72847,"internal_node_id":"0.0-2.0-0.47"},{"rt":1287,"stimulus":"images/Dog/With_Backgrounds/difficulty8_image9.png","response":4,"category":"Dog","background_difficulty":"8","image_path":"images/Dog/With_Backgrounds/difficulty8_image9.png","trial_type":"image-button-response","trial_index":50,"time_elapsed":74137,"internal_node_id":"0.0-2.0-0.48"},{"rt":934,"stimulus":"images/Cat/With_Backgrounds/difficulty6_image1.png","response":3,"category":"Cat","background_difficulty":"6","image_path":"images/Cat/With_Backgrounds/difficulty6_image1.png","trial_type":"image-button-response","trial_index":51,"time_elapsed":75073,"internal_node_id":"0.0-2.0-0.49"},{"rt":836,"stimulus":"images/Dog/With_Backgrounds/difficulty1_image1.png","response":4,"category":"Dog","background_difficulty":"1","image_path":"images/Dog/With_Backgrounds/difficulty1_image1.png","trial_type":"image-button-response","trial_index":52,"time_elapsed":75911,"internal_node_id":"0.0-2.0-0.50"},{"rt":1987,"stimulus":"images/Car/With_Backgrounds/difficulty7_image0.png","response":2,"category":"Car","background_difficulty":"7","image_path":"images/Car/With_Backgrounds/difficulty7_image0.png","trial_type":"image-button-response","trial_index":53,"time_elapsed":77901,"internal_node_id":"0.0-2.0-0.51"},{"rt":1079,"stimulus":"images/Other/With_Backgrounds/difficulty3_image9.png","response":7,"category":"Other","background_difficulty":"3","image_path":"images/Other/With_Backgrounds/difficulty3_image9.png","trial_type":"image-button-response","trial_index":54,"time_elapsed":78982,"internal_node_id":"0.0-2.0-0.52"},{"rt":864,"stimulus":"images/Human/With_Backgrounds/difficulty2_image2.png","response":5,"category":"Human","background_difficulty":"2","image_path":"images/Human/With_Backgrounds/difficulty2_image2.png","trial_type":"image-button-response","trial_index":55,"time_elapsed":79849,"internal_node_id":"0.0-2.0-0.53"},{"rt":940,"stimulus":"images/Dog/With_Backgrounds/difficulty2_image0.png","response":4,"category":"Dog","background_difficulty":"2","image_path":"images/Dog/With_Backgrounds/difficulty2_image0.png","trial_type":"image-button-response","trial_index":56,"time_elapsed":80791,"internal_node_id":"0.0-2.0-0.54"},{"rt":1181,"stimulus":"images/Car/With_Backgrounds/difficulty0_image6.png","response":2,"category":"Car","background_difficulty":"0","image_path":"images/Car/With_Backgrounds/difficulty0_image6.png","trial_type":"image-button-response","trial_index":57,"time_elapsed":81974,"internal_node_id":"0.0-2.0-0.55"},{"rt":962,"stimulus":"images/Boat/With_Backgrounds/difficulty6_image4.png","response":0,"category":"Boat","background_difficulty":"6","image_path":"images/Boat/With_Backgrounds/difficulty6_image4.png","trial_type":"image-button-response","trial_index":58,"time_elapsed":82938,"internal_node_id":"0.0-2.0-0.56"},{"rt":953,"stimulus":"images/Cat/With_Backgrounds/difficulty8_image9.png","response":3,"category":"Cat","background_difficulty":"8","image_path":"images/Cat/With_Backgrounds/difficulty8_image9.png","trial_type":"image-button-response","trial_index":59,"time_elapsed":83894,"internal_node_id":"0.0-2.0-0.57"},{"rt":1362,"stimulus":"images/Boat/With_Backgrounds/difficulty3_image6.png","response":0,"category":"Boat","background_difficulty":"3","image_path":"images/Boat/With_Backgrounds/difficulty3_image6.png","trial_type":"image-button-response","trial_index":60,"time_elapsed":85258,"internal_node_id":"0.0-2.0-0.58"},{"rt":1085,"stimulus":"images/Tree/With_Backgrounds/difficulty7_image9.png","response":6,"category":"Tree","background_difficulty":"7","image_path":"images/Tree/With_Backgrounds/difficulty7_image9.png","trial_type":"image-button-response","trial_index":61,"time_elapsed":86344,"internal_node_id":"0.0-2.0-0.59"},{"rt":919,"stimulus":"images/Tree/With_Backgrounds/difficulty2_image4.png","response":6,"category":"Tree","background_difficulty":"2","image_path":"images/Tree/With_Backgrounds/difficulty2_image4.png","trial_type":"image-button-response","trial_index":62,"time_elapsed":87265,"internal_node_id":"0.0-2.0-0.60"},{"rt":1046,"stimulus":"images/Dog/With_Backgrounds/difficulty7_image6.png","response":4,"category":"Dog","background_difficulty":"7","image_path":"images/Dog/With_Backgrounds/difficulty7_image6.png","trial_type":"image-button-response","trial_index":63,"time_elapsed":88313,"internal_node_id":"0.0-2.0-0.61"},{"rt":910,"stimulus":"images/Boat/With_Backgrounds/difficulty5_image3.png","response":0,"category":"Boat","background_difficulty":"5","image_path":"images/Boat/With_Backgrounds/difficulty5_image3.png","trial_type":"image-button-response","trial_index":64,"time_elapsed":89225,"internal_node_id":"0.0-2.0-0.62"},{"rt":982,"stimulus":"images/Car/With_Backgrounds/difficulty3_image5.png","response":2,"category":"Car","background_difficulty":"3","image_path":"images/Car/With_Backgrounds/difficulty3_image5.png","trial_type":"image-button-response","trial_index":65,"time_elapsed":90209,"internal_node_id":"0.0-2.0-0.63"},{"rt":895,"stimulus":"images/Cat/With_Backgrounds/difficulty2_image5.png","response":3,"category":"Cat","background_difficulty":"2","image_path":"images/Cat/With_Backgrounds/difficulty2_image5.png","trial_type":"image-button-response","trial_index":66,"time_elapsed":91107,"internal_node_id":"0.0-2.0-0.64"},{"rt":823,"stimulus":"images/Cat/With_Backgrounds/difficulty3_image8.png","response":3,"category":"Cat","background_difficulty":"3","image_path":"images/Cat/With_Backgrounds/difficulty3_image8.png","trial_type":"image-button-response","trial_index":67,"time_elapsed":91932,"internal_node_id":"0.0-2.0-0.65"},{"rt":929,"stimulus":"images/Human/With_Backgrounds/difficulty8_image0.png","response":5,"category":"Human","background_difficulty":"8","image_path":"images/Human/With_Backgrounds/difficulty8_image0.png","trial_type":"image-button-response","trial_index":68,"time_elapsed":92863,"internal_node_id":"0.0-2.0-0.66"},{"rt":967,"stimulus":"images/Dog/With_Backgrounds/difficulty6_image5.png","response":4,"category":"Dog","background_difficulty":"6","image_path":"images/Dog/With_Backgrounds/difficulty6_image5.png","trial_type":"image-button-response","trial_index":69,"time_elapsed":93832,"internal_node_id":"0.0-2.0-0.67"},{"rt":1248,"stimulus":"images/Car/With_Backgrounds/difficulty1_image2.png","response":2,"category":"Car","background_difficulty":"1","image_path":"images/Car/With_Backgrounds/difficulty1_image2.png","trial_type":"image-button-response","trial_index":70,"time_elapsed":95082,"internal_node_id":"0.0-2.0-0.68"},{"rt":883,"stimulus":"images/Human/With_Backgrounds/difficulty7_image7.png","response":5,"category":"Human","background_difficulty":"7","image_path":"images/Human/With_Backgrounds/difficulty7_image7.png","trial_type":"image-button-response","trial_index":71,"time_elapsed":95968,"internal_node_id":"0.0-2.0-0.69"},{"rt":941,"stimulus":"images/Cat/With_Backgrounds/difficulty4_image2.png","response":3,"category":"Cat","background_difficulty":"4","image_path":"images/Cat/With_Backgrounds/difficulty4_image2.png","trial_type":"image-button-response","trial_index":72,"time_elapsed":96910,"internal_node_id":"0.0-2.0-0.70"},{"rt":1078,"stimulus":"images/Dog/With_Backgrounds/difficulty4_image7.png","response":4,"category":"Dog","background_difficulty":"4","image_path":"images/Dog/With_Backgrounds/difficulty4_image7.png","trial_type":"image-button-response","trial_index":73,"time_elapsed":97991,"internal_node_id":"0.0-2.0-0.71"},{"rt":1788,"stimulus":["<h2>Press the button below to end experiment.</h2><p>Thank you for participating!</p>"],"response":0,"trial_type":"html-button-response","trial_index":74,"time_elapsed":99779,"internal_node_id":"0.0-3.0"}]