[{"success":true,"timeout":false,"failed_images":[],"failed_audio":[],"failed_video":[],"trial_type":"preload","trial_index":0,"time_elapsed":2668,"internal_node_id":"0.0-0.0"},{"rt":866,"stimulus":["<h2>Noisy background image classification</h2><p>In this experiment you will briefly see images on top of colored squares of various sizes.</p><p>Your task is to report what each image is, selecting \"None of the Above\" if none of the given options are correct.</p> <p>The possible options are <strong>Boat</strong>, <strong>Broccoli</strong>, <strong>Car</strong>, <strong>Cat</strong>, <strong>Dog</strong>, <strong>Human</strong>, <strong>Tree</strong>, and <strong>None of the Above</strong>"],"response":0,"trial_type":"html-button-response","trial_index":1,"time_elapsed":3536,"internal_node_id":"0.0-1.0"},{"rt":1867,"stimulus":"images/Broccoli/With_Backgrounds/difficulty4_image8.png","response":1,"category":"Broccoli","background_difficulty":"4","image_path":"images/Broccoli/With_Backgrounds/difficulty4_image8.png","trial_type":"image-button-response","trial_index":2,"time_elapsed":5429,"internal_node_id":"0.0-2.0-0.0"},{"rt":1609,"stimulus":"images/Other/With_Backgrounds/difficulty5_image0.png","response":7,"category":"Other","background_difficulty":"5","image_path":"images/Other/With_Backgrounds/difficulty5_image0.png","trial_type":"image-button-response","trial_index":3,"time_elapsed":7040,"internal_node_id":"0.0-2.0-0.1"},{"rt":1088,"stimulus":"images/Broccoli/With_Backgrounds/difficulty5_image5.png","response":1,"category":"Broccoli","background_difficulty":"5","image_path":"images/Broccoli/With_Backgrounds/difficulty5_image5.png","trial_type":"image-button-response","trial_index":4,"time_elapsed":8130,"internal_node_id":"0.0-2.0-0.2"},{"rt":989,"stimulus":"images/Dog/With_Backgrounds/difficulty6_image1.png","response":4,"category":"Dog","background_difficulty":"6","image_path":"images/Dog/With_Backgrounds/difficulty6_image1.png","trial_type":"image-button-response","trial_index":5,"time_elapsed":9121,"internal_node_id":"0.0-2.0-0.3"},{"rt":1870,"stimulus":"images/Other/With_Backgrounds/difficulty3_image4.png","response":7,"category":"Other","background_difficulty":"3","image_path":"images/Other/With_Backgrounds/difficulty3_image4.png","trial_type":"image-button-response","trial_index":6,"time_elapsed":10993,"internal_node_id":"0.0-2.0-0.4"},{"rt":1579,"stimulus":"images/Tree/With_Backgrounds/difficulty4_image2.png","response":6,"category":"Tree","background_difficulty":"4","image_path":"images/Tree/With_Backgrounds/difficulty4_image2.png","trial_type":"image-button-response","trial_index":7,"time_elapsed":12574,"internal_node_id":"0.0-2.0-0.5"},{"rt":1042,"stimulus":"images/Human/With_Backgrounds/difficulty1_image2.png","response":5,"category":"Human","background_difficulty":"1","image_path":"images/Human/With_Backgrounds/difficulty1_image2.png","trial_type":"image-button-response","trial_index":8,"time_elapsed":13617,"internal_node_id":"0.0-2.0-0.6"},{"rt":1890,"stimulus":"images/Boat/With_Backgrounds/difficulty7_image3.png","response":0,"category":"Boat","background_difficulty":"7","image_path":"images/Boat/With_Backgrounds/difficulty7_image3.png","trial_type":"image-button-response","trial_index":9,"time_elapsed":15509,"internal_node_id":"0.0-2.0-0.7"},{"rt":1373,"stimulus":"images/Tree/With_Backgrounds/difficulty5_image8.png","response":6,"category":"Tree","background_difficulty":"5","image_path":"images/Tree/With_Backgrounds/difficulty5_image8.png","trial_type":"image-button-response","trial_index":10,"time_elapsed":16883,"internal_node_id":"0.0-2.0-0.8"},{"rt":1033,"stimulus":"images/Dog/With_Backgrounds/difficulty3_image2.png","response":4,"category":"Dog","background_difficulty":"3","image_path":"images/Dog/With_Backgrounds/difficulty3_image2.png","trial_type":"image-button-response","trial_index":11,"time_elapsed":17918,"internal_node_id":"0.0-2.0-0.9"},{"rt":1341,"stimulus":"images/Car/With_Backgrounds/difficulty2_image0.png","response":2,"category":"Car","background_difficulty":"2","image_path":"images/Car/With_Backgrounds/difficulty2_image0.png","trial_type":"image-button-response","trial_index":12,"time_elapsed":19261,"internal_node_id":"0.0-2.0-0.10"},{"rt":1046,"stimulus":"images/Dog/With_Backgrounds/difficulty7_image4.png","response":4,"category":"Dog","background_difficulty":"7","image_path":"images/Dog/With_Backgrounds/difficulty7_image4.png","trial_type":"image-button-response","trial_index":13,"time_elapsed":20309,"internal_node_id":"0.0-2.0-0.11"},{"rt":1302,"stimulus":"images/Tree/With_Backgrounds/difficulty2_image6.png","response":6,"category":"Tree","background_difficulty":"2","image_path":"images/Tree/With_Backgrounds/difficulty2_image6.png","trial_type":"image-button-response","trial_index":14,"time_elapsed":21612,"internal_node_id":"0.0-2.0-0.12"},{"rt":1297,"stimulus":"images/Broccoli/With_Backgrounds/difficulty0_image1.png","response":1,"category":"Broccoli","background_difficulty":"0","image_path":"images/Broccoli/With_Backgrounds/difficulty0_image1.png","trial_type":"image-button-response","trial_index":15,"time_elapsed":22911,"internal_node_id":"0.0-2.0-0.13"},{"rt":1333,"stimulus":"images/Car/With_Backgrounds/difficulty1_image2.png","response":2,"category":"Car","background_difficulty":"1","image_path":"images/Car/With_Backgrounds/difficulty1_image2.png","trial_type":"image-button-response","trial_index":16,"time_elapsed":24246,"internal_node_id":"0.0-2.0-0.14"},{"rt":1338,"stimulus":"images/Other/With_Backgrounds/difficulty1_image5.png","response":7,"category":"Other","background_difficulty":"1","image_path":"images/Other/With_Backgrounds/difficulty1_image5.png","trial_type":"image-button-response","trial_index":17,"time_elapsed":25585,"internal_node_id":"0.0-2.0-0.15"},{"rt":1051,"stimulus":"images/Human/With_Backgrounds/difficulty5_image1.png","response":5,"category":"Human","background_difficulty":"5","image_path":"images/Human/With_Backgrounds/difficulty5_image1.png","trial_type":"image-button-response","trial_index":18,"time_elapsed":26639,"internal_node_id":"0.0-2.0-0.16"},{"rt":1318,"stimulus":"images/Cat/With_Backgrounds/difficulty7_image9.png","response":3,"category":"Cat","background_difficulty":"7","image_path":"images/Cat/With_Backgrounds/difficulty7_image9.png","trial_type":"image-button-response","trial_index":19,"time_elapsed":27959,"internal_node_id":"0.0-2.0-0.17"},{"rt":1275,"stimulus":"images/Car/With_Backgrounds/difficulty6_image9.png","response":2,"category":"Car","background_difficulty":"6","image_path":"images/Car/With_Backgrounds/difficulty6_image9.png","trial_type":"image-button-response","trial_index":20,"time_elapsed":29236,"internal_node_id":"0.0-2.0-0.18"},{"rt":1052,"stimulus":"images/Dog/With_Backgrounds/difficulty2_image9.png","response":4,"category":"Dog","background_difficulty":"2","image_path":"images/Dog/With_Backgrounds/difficulty2_image9.png","trial_type":"image-button-response","trial_index":21,"time_elapsed":30290,"internal_node_id":"0.0-2.0-0.19"},{"rt":1299,"stimulus":"images/Boat/With_Backgrounds/difficulty8_image7.png","response":0,"category":"Boat","background_difficulty":"8","image_path":"images/Boat/With_Backgrounds/difficulty8_image7.png","trial_type":"image-button-response","trial_index":22,"time_elapsed":31590,"internal_node_id":"0.0-2.0-0.20"},{"rt":1080,"stimulus":"images/Human/With_Backgrounds/difficulty2_image3.png","response":5,"category":"Human","background_difficulty":"2","image_path":"images/Human/With_Backgrounds/difficulty2_image3.png","trial_type":"image-button-response","trial_index":23,"time_elapsed":32672,"internal_node_id":"0.0-2.0-0.21"},{"rt":3128,"stimulus":"images/Car/With_Backgrounds/difficulty8_image8.png","response":2,"category":"Car","background_difficulty":"8","image_path":"images/Car/With_Backgrounds/difficulty8_image8.png","trial_type":"image-button-response","trial_index":24,"time_elapsed":35801,"internal_node_id":"0.0-2.0-0.22"},{"rt":1410,"stimulus":"images/Tree/With_Backgrounds/difficulty0_image0.png","response":6,"category":"Tree","background_difficulty":"0","image_path":"images/Tree/With_Backgrounds/difficulty0_image0.png","trial_type":"image-button-response","trial_index":25,"time_elapsed":37213,"internal_node_id":"0.0-2.0-0.23"},{"rt":1036,"stimulus":"images/Cat/With_Backgrounds/difficulty8_image5.png","response":3,"category":"Cat","background_difficulty":"8","image_path":"images/Cat/With_Backgrounds/difficulty8_image5.png","trial_type":"image-button-response","trial_index":26,"time_elapsed":38250,"internal_node_id":"0.0-2.0-0.24"},{"rt":1373,"stimulus":"images/Boat/With_Backgrounds/difficulty3_image9.png","response":0,"category":"Boat","background_difficulty":"3","image_path":"images/Boat/With_Backgrounds/difficulty3_image9.png","trial_type":"image-button-response","trial_index":27,"time_elapsed":39624,"internal_node_id":"0.0-2.0-0.25"},{"rt":1572,"stimulus":"images/Tree/With_Backgrounds/difficulty6_image9.png","response":6,"category":"Tree","background_difficulty":"6","image_path":"images/Tree/With_Backgrounds/difficulty6_image9.png","trial_type":"image-button-response","trial_index":28,"time_elapsed":41198,"internal_node_id":"0.0-2.0-0.26"},{"rt":897,"stimulus":"images/Dog/With_Backgrounds/difficulty1_image6.png","response":4,"category":"Dog","background_difficulty":"1","image_path":"images/Dog/With_Backgrounds/difficulty1_image6.png","trial_type":"image-button-response","trial_index":29,"time_elapsed":42096,"internal_node_id":"0.0-2.0-0.27"},{"rt":1547,"stimulus":"images/Boat/With_Backgrounds/difficulty0_image0.png","response":0,"category":"Boat","background_difficulty":"0","image_path":"images/Boat/With_Backgrounds/difficulty0_image0.png","trial_type":"image-button-response","trial_index":30,"time_elapsed":43645,"internal_node_id":"0.0-2.0-0.28"},{"rt":1374,"stimulus":"images/Car/With_Backgrounds/difficulty3_image7.png","response":2,"category":"Car","background_difficulty":"3","image_path":"images/Car/With_Backgrounds/difficulty3_image7.png","trial_type":"image-button-response","trial_index":31,"time_elapsed":45021,"internal_node_id":"0.0-2.0-0.29"},{"rt":826,"stimulus":"images/Car/With_Backgrounds/difficulty0_image4.png","response":2,"category":"Car","background_difficulty":"0","image_path":"images/Car/With_Backgrounds/difficulty0_image4.png","trial_type":"image-button-response","trial_index":32,"time_elapsed":45849,"internal_node_id":"0.0-2.0-0.30"},{"rt":994,"stimulus":"images/Human/With_Backgrounds/difficulty8_image7.png","response":5,"category":"Human","background_difficulty":"8","image_path":"images/Human/With_Backgrounds/difficulty8_image7.png","trial_type":"image-button-response","trial_index":33,"time_elapsed":46845,"internal_node_id":"0.0-2.0-0.31"},{"rt":956,"stimulus":"images/Human/With_Backgrounds/difficulty6_image4.png","response":5,"category":"Human","background_difficulty":"6","image_path":"images/Human/With_Backgrounds/difficulty6_image4.png","trial_type":"image-button-response","trial_index":34,"time_elapsed":47802,"internal_node_id":"0.0-2.0-0.32"},{"rt":1540,"stimulus":"images/Boat/With_Backgrounds/difficulty4_image8.png","response":0,"category":"Boat","background_difficulty":"4","image_path":"images/Boat/With_Backgrounds/difficulty4_image8.png","trial_type":"image-button-response","trial_index":35,"time_elapsed":49344,"internal_node_id":"0.0-2.0-0.33"},{"rt":1394,"stimulus":"images/Tree/With_Backgrounds/difficulty1_image7.png","response":6,"category":"Tree","background_difficulty":"1","image_path":"images/Tree/With_Backgrounds/difficulty1_image7.png","trial_type":"image-button-response","trial_index":36,"time_elapsed":50741,"internal_node_id":"0.0-2.0-0.34"},{"rt":1029,"stimulus":"images/Cat/With_Backgrounds/difficulty2_image8.png","response":3,"category":"Cat","background_difficulty":"2","image_path":"images/Cat/With_Backgrounds/difficulty2_image8.png","trial_type":"image-button-response","trial_index":37,"time_elapsed":51771,"internal_node_id":"0.0-2.0-0.35"},{"rt":1199,"stimulus":"images/Cat/With_Backgrounds/difficulty1_image1.png","response":3,"category":"Cat","background_difficulty":"1","image_path":"images/Cat/With_Backgrounds/difficulty1_image1.png","trial_type":"image-button-response","trial_index":38,"time_elapsed":52971,"internal_node_id":"0.0-2.0-0.36"},{"rt":853,"stimulus":"images/Cat/With_Backgrounds/difficulty4_image4.png","response":3,"category":"Cat","background_difficulty":"4","image_path":"images/Cat/With_Backgrounds/difficulty4_image4.png","trial_type":"image-button-response","trial_index":39,"time_elapsed":53825,"internal_node_id":"0.0-2.0-0.37"},{"rt":1233,"stimulus":"images/Tree/With_Backgrounds/difficulty8_image3.png","response":6,"category":"Tree","background_difficulty":"8","image_path":"images/Tree/With_Backgrounds/difficulty8_image3.png","trial_type":"image-button-response","trial_index":40,"time_elapsed":55060,"internal_node_id":"0.0-2.0-0.38"},{"rt":1124,"stimulus":"images/Cat/With_Backgrounds/difficulty6_image3.png","response":3,"category":"Cat","background_difficulty":"6","image_path":"images/Cat/With_Backgrounds/difficulty6_image3.png","trial_type":"image-button-response","trial_index":41,"time_elapsed":56185,"internal_node_id":"0.0-2.0-0.39"},{"rt":1670,"stimulus":"images/Other/With_Backgrounds/difficulty6_image9.png","response":7,"category":"Other","background_difficulty":"6","image_path":"images/Other/With_Backgrounds/difficulty6_image9.png","trial_type":"image-button-response","trial_index":42,"time_elapsed":57856,"internal_node_id":"0.0-2.0-0.40"},{"rt":1170,"stimulus":"images/Broccoli/With_Backgrounds/difficulty1_image0.png","response":1,"category":"Broccoli","background_difficulty":"1","image_path":"images/Broccoli/With_Backgrounds/difficulty1_image0.png","trial_type":"image-button-response","trial_index":43,"time_elapsed":59028,"internal_node_id":"0.0-2.0-0.41"},{"rt":1350,"stimulus":"images/Other/With_Backgrounds/difficulty4_image1.png","response":7,"category":"Other","background_difficulty":"4","image_path":"images/Other/With_Backgrounds/difficulty4_image1.png","trial_type":"image-button-response","trial_index":44,"time_elapsed":60379,"internal_node_id":"0.0-2.0-0.42"},{"rt":854,"stimulus":"images/Human/With_Backgrounds/difficulty4_image6.png","response":5,"category":"Human","background_difficulty":"4","image_path":"images/Human/With_Backgrounds/difficulty4_image6.png","trial_type":"image-button-response","trial_index":45,"time_elapsed":61235,"internal_node_id":"0.0-2.0-0.43"},{"rt":1011,"stimulus":"images/Human/With_Backgrounds/difficulty0_image0.png","response":5,"category":"Human","background_difficulty":"0","image_path":"images/Human/With_Backgrounds/difficulty0_image0.png","trial_type":"image-button-response","trial_index":46,"time_elapsed":62249,"internal_node_id":"0.0-2.0-0.44"},{"rt":954,"stimulus":"images/Dog/With_Backgrounds/difficulty5_image7.png","response":4,"category":"Dog","background_difficulty":"5","image_path":"images/Dog/With_Backgrounds/difficulty5_image7.png","trial_type":"image-button-response","trial_index":47,"time_elapsed":63205,"internal_node_id":"0.0-2.0-0.45"},{"rt":1097,"stimulus":"images/Broccoli/With_Backgrounds/difficulty2_image3.png","response":1,"category":"Broccoli","background_difficulty":"2","image_path":"images/Broccoli/With_Backgrounds/difficulty2_image3.png","trial_type":"image-button-response","trial_index":48,"time_elapsed":64303,"internal_node_id":"0.0-2.0-0.46"},{"rt":1189,"stimulus":"images/Boat/With_Backgrounds/difficulty2_image1.png","response":0,"category":"Boat","background_difficulty":"2","image_path":"images/Boat/With_Backgrounds/difficulty2_image1.png","trial_type":"image-button-response","trial_index":49,"time_elapsed":65493,"internal_node_id":"0.0-2.0-0.47"},{"rt":1725,"stimulus":"images/Dog/With_Backgrounds/difficulty0_image3.png","response":4,"category":"Dog","background_difficulty":"0","image_path":"images/Dog/With_Backgrounds/difficulty0_image3.png","trial_type":"image-button-response","trial_index":50,"time_elapsed":67220,"internal_node_id":"0.0-2.0-0.48"},{"rt":1086,"stimulus":"images/Other/With_Backgrounds/difficulty2_image6.png","response":7,"category":"Other","background_difficulty":"2","image_path":"images/Other/With_Backgrounds/difficulty2_image6.png","trial_type":"image-button-response","trial_index":51,"time_elapsed":68308,"internal_node_id":"0.0-2.0-0.49"},{"rt":1178,"stimulus":"images/Cat/With_Backgrounds/difficulty0_image2.png","response":3,"category":"Cat","background_difficulty":"0","image_path":"images/Cat/With_Backgrounds/difficulty0_image2.png","trial_type":"image-button-response","trial_index":52,"time_elapsed":69487,"internal_node_id":"0.0-2.0-0.50"},{"rt":1002,"stimulus":"images/Human/With_Backgrounds/difficulty3_image5.png","response":5,"category":"Human","background_difficulty":"3","image_path":"images/Human/With_Backgrounds/difficulty3_image5.png","trial_type":"image-button-response","trial_index":53,"time_elapsed":70491,"internal_node_id":"0.0-2.0-0.51"},{"rt":1784,"stimulus":"images/Tree/With_Backgrounds/difficulty3_image5.png","response":6,"category":"Tree","background_difficulty":"3","image_path":"images/Tree/With_Backgrounds/difficulty3_image5.png","trial_type":"image-button-response","trial_index":54,"time_elapsed":72277,"internal_node_id":"0.0-2.0-0.52"},{"rt":868,"stimulus":"images/Tree/With_Backgrounds/difficulty7_image1.png","response":6,"category":"Tree","background_difficulty":"7","image_path":"images/Tree/With_Backgrounds/difficulty7_image1.png","trial_type":"image-button-response","trial_index":55,"time_elapsed":73146,"internal_node_id":"0.0-2.0-0.53"},{"rt":1020,"stimulus":"images/Other/With_Backgrounds/difficulty8_image8.png","response":7,"category":"Other","background_difficulty":"8","image_path":"images/Other/With_Backgrounds/difficulty8_image8.png","trial_type":"image-button-response","trial_index":56,"time_elapsed":74168,"internal_node_id":"0.0-2.0-0.54"},{"rt":1411,"stimulus":"images/Cat/With_Backgrounds/difficulty3_image0.png","response":3,"category":"Cat","background_difficulty":"3","image_path":"images/Cat/With_Backgrounds/difficulty3_image0.png","trial_type":"image-button-response","trial_index":57,"time_elapsed":75581,"internal_node_id":"0.0-2.0-0.55"},{"rt":1299,"stimulus":"images/Broccoli/With_Backgrounds/difficulty8_image6.png","response":1,"category":"Broccoli","background_difficulty":"8","image_path":"images/Broccoli/With_Backgrounds/difficulty8_image6.png","trial_type":"image-button-response","trial_index":58,"time_elapsed":76881,"internal_node_id":"0.0-2.0-0.56"},{"rt":2350,"stimulus":"images/Boat/With_Backgrounds/difficulty1_image4.png","response":0,"category":"Boat","background_difficulty":"1","image_path":"images/Boat/With_Backgrounds/difficulty1_image4.png","trial_type":"image-button-response","trial_index":59,"time_elapsed":79233,"internal_node_id":"0.0-2.0-0.57"},{"rt":1402,"stimulus":"images/Car/With_Backgrounds/difficulty5_image5.png","response":2,"category":"Car","background_difficulty":"5","image_path":"images/Car/With_Backgrounds/difficulty5_image5.png","trial_type":"image-button-response","trial_index":60,"time_elapsed":80636,"internal_node_id":"0.0-2.0-0.58"},{"rt":2419,"stimulus":"images/Boat/With_Backgrounds/difficulty5_image2.png","response":0,"category":"Boat","background_difficulty":"5","image_path":"images/Boat/With_Backgrounds/difficulty5_image2.png","trial_type":"image-button-response","trial_index":61,"time_elapsed":83056,"internal_node_id":"0.0-2.0-0.59"},{"rt":1197,"stimulus":"images/Other/With_Backgrounds/difficulty0_image7.png","response":7,"category":"Other","background_difficulty":"0","image_path":"images/Other/With_Backgrounds/difficulty0_image7.png","trial_type":"image-button-response","trial_index":62,"time_elapsed":84255,"internal_node_id":"0.0-2.0-0.60"},{"rt":1446,"stimulus":"images/Broccoli/With_Backgrounds/difficulty3_image9.png","response":1,"category":"Broccoli","background_difficulty":"3","image_path":"images/Broccoli/With_Backgrounds/difficulty3_image9.png","trial_type":"image-button-response","trial_index":63,"time_elapsed":85703,"internal_node_id":"0.0-2.0-0.61"},{"rt":1243,"stimulus":"images/Dog/With_Backgrounds/difficulty8_image5.png","response":4,"category":"Dog","background_difficulty":"8","image_path":"images/Dog/With_Backgrounds/difficulty8_image5.png","trial_type":"image-button-response","trial_index":64,"time_elapsed":86948,"internal_node_id":"0.0-2.0-0.62"},{"rt":1892,"stimulus":"images/Car/With_Backgrounds/difficulty4_image3.png","response":2,"category":"Car","background_difficulty":"4","image_path":"images/Car/With_Backgrounds/difficulty4_image3.png","trial_type":"image-button-response","trial_index":65,"time_elapsed":88842,"internal_node_id":"0.0-2.0-0.63"},{"rt":837,"stimulus":"images/Human/With_Backgrounds/difficulty7_image9.png","response":5,"category":"Human","background_difficulty":"7","image_path":"images/Human/With_Backgrounds/difficulty7_image9.png","trial_type":"image-button-response","trial_index":66,"time_elapsed":89680,"internal_node_id":"0.0-2.0-0.64"},{"rt":843,"stimulus":"images/Dog/With_Backgrounds/difficulty4_image8.png","response":4,"category":"Dog","background_difficulty":"4","image_path":"images/Dog/With_Backgrounds/difficulty4_image8.png","trial_type":"image-button-response","trial_index":67,"time_elapsed":90525,"internal_node_id":"0.0-2.0-0.65"},{"rt":1073,"stimulus":"images/Broccoli/With_Backgrounds/difficulty6_image4.png","response":1,"category":"Broccoli","background_difficulty":"6","image_path":"images/Broccoli/With_Backgrounds/difficulty6_image4.png","trial_type":"image-button-response","trial_index":68,"time_elapsed":91600,"internal_node_id":"0.0-2.0-0.66"},{"rt":1103,"stimulus":"images/Other/With_Backgrounds/difficulty7_image2.png","response":7,"category":"Other","background_difficulty":"7","image_path":"images/Other/With_Backgrounds/difficulty7_image2.png","trial_type":"image-button-response","trial_index":69,"time_elapsed":92704,"internal_node_id":"0.0-2.0-0.67"},{"rt":1185,"stimulus":"images/Car/With_Backgrounds/difficulty7_image6.png","response":2,"category":"Car","background_difficulty":"7","image_path":"images/Car/With_Backgrounds/difficulty7_image6.png","trial_type":"image-button-response","trial_index":70,"time_elapsed":93891,"internal_node_id":"0.0-2.0-0.68"},{"rt":1229,"stimulus":"images/Broccoli/With_Backgrounds/difficulty7_image2.png","response":1,"category":"Broccoli","background_difficulty":"7","image_path":"images/Broccoli/With_Backgrounds/difficulty7_image2.png","trial_type":"image-button-response","trial_index":71,"time_elapsed":95121,"internal_node_id":"0.0-2.0-0.69"},{"rt":1724,"stimulus":"images/Boat/With_Backgrounds/difficulty6_image6.png","response":0,"category":"Boat","background_difficulty":"6","image_path":"images/Boat/With_Backgrounds/difficulty6_image6.png","trial_type":"image-button-response","trial_index":72,"time_elapsed":96847,"internal_node_id":"0.0-2.0-0.70"},{"rt":1236,"stimulus":"images/Cat/With_Backgrounds/difficulty5_image6.png","response":3,"category":"Cat","background_difficulty":"5","image_path":"images/Cat/With_Backgrounds/difficulty5_image6.png","trial_type":"image-button-response","trial_index":73,"time_elapsed":98085,"internal_node_id":"0.0-2.0-0.71"},{"rt":2170,"stimulus":["<h2>Press the button below to end experiment.</h2><p>Thank you for participating!</p>"],"response":0,"trial_type":"html-button-response","trial_index":74,"time_elapsed":100256,"internal_node_id":"0.0-3.0"}]