[{"success":true,"timeout":false,"failed_images":[],"failed_audio":[],"failed_video":[],"trial_type":"preload","trial_index":0,"time_elapsed":2765,"internal_node_id":"0.0-0.0"},{"rt":5843,"stimulus":["<h2>Noisy background image classification</h2><p>In this experiment you will briefly see images on top of colored squares of various sizes.</p><p>Your task is to report what each image is, selecting \"None of the Above\" if none of the given options are correct.</p> <p>The possible options are <strong>Boat</strong>, <strong>Broccoli</strong>, <strong>Car</strong>, <strong>Cat</strong>, <strong>Dog</strong>, <strong>Human</strong>, <strong>Tree</strong>, and <strong>None of the Above</strong>"],"response":0,"trial_type":"html-button-response","trial_index":1,"time_elapsed":8609,"internal_node_id":"0.0-1.0"},{"rt":1902,"stimulus":"images/Tree/With_Backgrounds/difficulty5_image1.png","response":1,"category":"Tree","background_difficulty":"5","image_path":"images/Tree/With_Backgrounds/difficulty5_image1.png","trial_type":"image-button-response","trial_index":2,"time_elapsed":10523,"internal_node_id":"0.0-2.0-0.0"},{"rt":2020,"stimulus":"images/Boat/With_Backgrounds/difficulty5_image7.png","response":0,"category":"Boat","background_difficulty":"5","image_path":"images/Boat/With_Backgrounds/difficulty5_image7.png","trial_type":"image-button-response","trial_index":3,"time_elapsed":12545,"internal_node_id":"0.0-2.0-0.1"},{"rt":1188,"stimulus":"images/Human/With_Backgrounds/difficulty4_image2.png","response":5,"category":"Human","background_difficulty":"4","image_path":"images/Human/With_Backgrounds/difficulty4_image2.png","trial_type":"image-button-response","trial_index":4,"time_elapsed":13734,"internal_node_id":"0.0-2.0-0.2"},{"rt":1700,"stimulus":"images/Other/With_Backgrounds/difficulty1_image4.png","response":7,"category":"Other","background_difficulty":"1","image_path":"images/Other/With_Backgrounds/difficulty1_image4.png","trial_type":"image-button-response","trial_index":5,"time_elapsed":15435,"internal_node_id":"0.0-2.0-0.3"},{"rt":1335,"stimulus":"images/Cat/With_Backgrounds/difficulty2_image0.png","response":3,"category":"Cat","background_difficulty":"2","image_path":"images/Cat/With_Backgrounds/difficulty2_image0.png","trial_type":"image-button-response","trial_index":6,"time_elapsed":16771,"internal_node_id":"0.0-2.0-0.4"},{"rt":1285,"stimulus":"images/Other/With_Backgrounds/difficulty4_image3.png","response":7,"category":"Other","background_difficulty":"4","image_path":"images/Other/With_Backgrounds/difficulty4_image3.png","trial_type":"image-button-response","trial_index":7,"time_elapsed":18057,"internal_node_id":"0.0-2.0-0.5"},{"rt":1181,"stimulus":"images/Broccoli/With_Backgrounds/difficulty6_image2.png","response":1,"category":"Broccoli","background_difficulty":"6","image_path":"images/Broccoli/With_Backgrounds/difficulty6_image2.png","trial_type":"image-button-response","trial_index":8,"time_elapsed":19240,"internal_node_id":"0.0-2.0-0.6"},{"rt":1347,"stimulus":"images/Dog/With_Backgrounds/difficulty2_image0.png","response":4,"category":"Dog","background_difficulty":"2","image_path":"images/Dog/With_Backgrounds/difficulty2_image0.png","trial_type":"image-button-response","trial_index":9,"time_elapsed":20588,"internal_node_id":"0.0-2.0-0.7"},{"rt":1409,"stimulus":"images/Car/With_Backgrounds/difficulty8_image3.png","response":2,"category":"Car","background_difficulty":"8","image_path":"images/Car/With_Backgrounds/difficulty8_image3.png","trial_type":"image-button-response","trial_index":10,"time_elapsed":21999,"internal_node_id":"0.0-2.0-0.8"},{"rt":1185,"stimulus":"images/Other/With_Backgrounds/difficulty8_image2.png","response":7,"category":"Other","background_difficulty":"8","image_path":"images/Other/With_Backgrounds/difficulty8_image2.png","trial_type":"image-button-response","trial_index":11,"time_elapsed":23185,"internal_node_id":"0.0-2.0-0.9"},{"rt":1165,"stimulus":"images/Dog/With_Backgrounds/difficulty4_image2.png","response":4,"category":"Dog","background_difficulty":"4","image_path":"images/Dog/With_Backgrounds/difficulty4_image2.png","trial_type":"image-button-response","trial_index":12,"time_elapsed":24352,"internal_node_id":"0.0-2.0-0.10"},{"rt":1423,"stimulus":"images/Tree/With_Backgrounds/difficulty1_image5.png","response":6,"category":"Tree","background_difficulty":"1","image_path":"images/Tree/With_Backgrounds/difficulty1_image5.png","trial_type":"image-button-response","trial_index":13,"time_elapsed":25776,"internal_node_id":"0.0-2.0-0.11"},{"rt":981,"stimulus":"images/Cat/With_Backgrounds/difficulty0_image6.png","response":3,"category":"Cat","background_difficulty":"0","image_path":"images/Cat/With_Backgrounds/difficulty0_image6.png","trial_type":"image-button-response","trial_index":14,"time_elapsed":26758,"internal_node_id":"0.0-2.0-0.12"},{"rt":1055,"stimulus":"images/Cat/With_Backgrounds/difficulty6_image3.png","response":3,"category":"Cat","background_difficulty":"6","image_path":"images/Cat/With_Backgrounds/difficulty6_image3.png","trial_type":"image-button-response","trial_index":15,"time_elapsed":27814,"internal_node_id":"0.0-2.0-0.13"},{"rt":1486,"stimulus":"images/Tree/With_Backgrounds/difficulty4_image0.png","response":6,"category":"Tree","background_difficulty":"4","image_path":"images/Tree/With_Backgrounds/difficulty4_image0.png","trial_type":"image-button-response","trial_index":16,"time_elapsed":29302,"internal_node_id":"0.0-2.0-0.14"},{"rt":1214,"stimulus":"images/Other/With_Backgrounds/difficulty5_image0.png","response":7,"category":"Other","background_difficulty":"5","image_path":"images/Other/With_Backgrounds/difficulty5_image0.png","trial_type":"image-button-response","trial_index":17,"time_elapsed":30517,"internal_node_id":"0.0-2.0-0.15"},{"rt":1714,"stimulus":"images/Tree/With_Backgrounds/difficulty6_image8.png","response":6,"category":"Tree","background_difficulty":"6","image_path":"images/Tree/With_Backgrounds/difficulty6_image8.png","trial_type":"image-button-response","trial_index":18,"time_elapsed":32232,"internal_node_id":"0.0-2.0-0.16"},{"rt":950,"stimulus":"images/Cat/With_Backgrounds/difficulty4_image5.png","response":3,"category":"Cat","background_difficulty":"4","image_path":"images/Cat/With_Backgrounds/difficulty4_image5.png","trial_type":"image-button-response","trial_index":19,"time_elapsed":33183,"internal_node_id":"0.0-2.0-0.17"},{"rt":962,"stimulus":"images/Broccoli/With_Backgrounds/difficulty2_image7.png","response":1,"category":"Broccoli","background_difficulty":"2","image_path":"images/Broccoli/With_Backgrounds/difficulty2_image7.png","trial_type":"image-button-response","trial_index":20,"time_elapsed":34147,"internal_node_id":"0.0-2.0-0.18"},{"rt":956,"stimulus":"images/Cat/With_Backgrounds/difficulty1_image8.png","response":3,"category":"Cat","background_difficulty":"1","image_path":"images/Cat/With_Backgrounds/difficulty1_image8.png","trial_type":"image-button-response","trial_index":21,"time_elapsed":35104,"internal_node_id":"0.0-2.0-0.19"},{"rt":1234,"stimulus":"images/Boat/With_Backgrounds/difficulty4_image0.png","response":0,"category":"Boat","background_difficulty":"4","image_path":"images/Boat/With_Backgrounds/difficulty4_image0.png","trial_type":"image-button-response","trial_index":22,"time_elapsed":36339,"internal_node_id":"0.0-2.0-0.20"},{"rt":1061,"stimulus":"images/Boat/With_Backgrounds/difficulty0_image8.png","response":0,"category":"Boat","background_difficulty":"0","image_path":"images/Boat/With_Backgrounds/difficulty0_image8.png","trial_type":"image-button-response","trial_index":23,"time_elapsed":37401,"internal_node_id":"0.0-2.0-0.21"},{"rt":1054,"stimulus":"images/Human/With_Backgrounds/difficulty0_image5.png","response":5,"category":"Human","background_difficulty":"0","image_path":"images/Human/With_Backgrounds/difficulty0_image5.png","trial_type":"image-button-response","trial_index":24,"time_elapsed":38456,"internal_node_id":"0.0-2.0-0.22"},{"rt":3550,"stimulus":"images/Human/With_Backgrounds/difficulty8_image7.png","response":5,"category":"Human","background_difficulty":"8","image_path":"images/Human/With_Backgrounds/difficulty8_image7.png","trial_type":"image-button-response","trial_index":25,"time_elapsed":42007,"internal_node_id":"0.0-2.0-0.23"},{"rt":2432,"stimulus":"images/Other/With_Backgrounds/difficulty3_image1.png","response":7,"category":"Other","background_difficulty":"3","image_path":"images/Other/With_Backgrounds/difficulty3_image1.png","trial_type":"image-button-response","trial_index":26,"time_elapsed":44440,"internal_node_id":"0.0-2.0-0.24"},{"rt":1271,"stimulus":"images/Cat/With_Backgrounds/difficulty3_image2.png","response":3,"category":"Cat","background_difficulty":"3","image_path":"images/Cat/With_Backgrounds/difficulty3_image2.png","trial_type":"image-button-response","trial_index":27,"time_elapsed":45712,"internal_node_id":"0.0-2.0-0.25"},{"rt":1395,"stimulus":"images/Car/With_Backgrounds/difficulty5_image9.png","response":2,"category":"Car","background_difficulty":"5","image_path":"images/Car/With_Backgrounds/difficulty5_image9.png","trial_type":"image-button-response","trial_index":28,"time_elapsed":47108,"internal_node_id":"0.0-2.0-0.26"},{"rt":1195,"stimulus":"images/Dog/With_Backgrounds/difficulty7_image4.png","response":4,"category":"Dog","background_difficulty":"7","image_path":"images/Dog/With_Backgrounds/difficulty7_image4.png","trial_type":"image-button-response","trial_index":29,"time_elapsed":48305,"internal_node_id":"0.0-2.0-0.27"},{"rt":2272,"stimulus":"images/Boat/With_Backgrounds/difficulty2_image2.png","response":0,"category":"Boat","background_difficulty":"2","image_path":"images/Boat/With_Backgrounds/difficulty2_image2.png","trial_type":"image-button-response","trial_index":30,"time_elapsed":50578,"internal_node_id":"0.0-2.0-0.28"},{"rt":1155,"stimulus":"images/Boat/With_Backgrounds/difficulty7_image1.png","response":0,"category":"Boat","background_difficulty":"7","image_path":"images/Boat/With_Backgrounds/difficulty7_image1.png","trial_type":"image-button-response","trial_index":31,"time_elapsed":51734,"internal_node_id":"0.0-2.0-0.29"},{"rt":1296,"stimulus":"images/Human/With_Backgrounds/difficulty1_image6.png","response":5,"category":"Human","background_difficulty":"1","image_path":"images/Human/With_Backgrounds/difficulty1_image6.png","trial_type":"image-button-response","trial_index":32,"time_elapsed":53031,"internal_node_id":"0.0-2.0-0.30"},{"rt":1625,"stimulus":"images/Car/With_Backgrounds/difficulty2_image5.png","response":3,"category":"Car","background_difficulty":"2","image_path":"images/Car/With_Backgrounds/difficulty2_image5.png","trial_type":"image-button-response","trial_index":33,"time_elapsed":54657,"internal_node_id":"0.0-2.0-0.31"},{"rt":1428,"stimulus":"images/Broccoli/With_Backgrounds/difficulty5_image4.png","response":1,"category":"Broccoli","background_difficulty":"5","image_path":"images/Broccoli/With_Backgrounds/difficulty5_image4.png","trial_type":"image-button-response","trial_index":34,"time_elapsed":56086,"internal_node_id":"0.0-2.0-0.32"},{"rt":1450,"stimulus":"images/Cat/With_Backgrounds/difficulty7_image7.png","response":3,"category":"Cat","background_difficulty":"7","image_path":"images/Cat/With_Backgrounds/difficulty7_image7.png","trial_type":"image-button-response","trial_index":35,"time_elapsed":57537,"internal_node_id":"0.0-2.0-0.33"},{"rt":1201,"stimulus":"images/Dog/With_Backgrounds/difficulty5_image8.png","response":4,"category":"Dog","background_difficulty":"5","image_path":"images/Dog/With_Backgrounds/difficulty5_image8.png","trial_type":"image-button-response","trial_index":36,"time_elapsed":58739,"internal_node_id":"0.0-2.0-0.34"},{"rt":1031,"stimulus":"images/Human/With_Backgrounds/difficulty7_image9.png","response":5,"category":"Human","background_difficulty":"7","image_path":"images/Human/With_Backgrounds/difficulty7_image9.png","trial_type":"image-button-response","trial_index":37,"time_elapsed":59771,"internal_node_id":"0.0-2.0-0.35"},{"rt":1445,"stimulus":"images/Car/With_Backgrounds/difficulty0_image2.png","response":2,"category":"Car","background_difficulty":"0","image_path":"images/Car/With_Backgrounds/difficulty0_image2.png","trial_type":"image-button-response","trial_index":38,"time_elapsed":61217,"internal_node_id":"0.0-2.0-0.36"},{"rt":1662,"stimulus":"images/Human/With_Backgrounds/difficulty2_image4.png","response":5,"category":"Human","background_difficulty":"2","image_path":"images/Human/With_Backgrounds/difficulty2_image4.png","trial_type":"image-button-response","trial_index":39,"time_elapsed":62880,"internal_node_id":"0.0-2.0-0.37"},{"rt":1308,"stimulus":"images/Dog/With_Backgrounds/difficulty8_image5.png","response":4,"category":"Dog","background_difficulty":"8","image_path":"images/Dog/With_Backgrounds/difficulty8_image5.png","trial_type":"image-button-response","trial_index":40,"time_elapsed":64189,"internal_node_id":"0.0-2.0-0.38"},{"rt":1360,"stimulus":"images/Other/With_Backgrounds/difficulty2_image9.png","response":7,"category":"Other","background_difficulty":"2","image_path":"images/Other/With_Backgrounds/difficulty2_image9.png","trial_type":"image-button-response","trial_index":41,"time_elapsed":65550,"internal_node_id":"0.0-2.0-0.39"},{"rt":1641,"stimulus":"images/Car/With_Backgrounds/difficulty6_image7.png","response":2,"category":"Car","background_difficulty":"6","image_path":"images/Car/With_Backgrounds/difficulty6_image7.png","trial_type":"image-button-response","trial_index":42,"time_elapsed":67192,"internal_node_id":"0.0-2.0-0.40"},{"rt":1262,"stimulus":"images/Other/With_Backgrounds/difficulty0_image6.png","response":7,"category":"Other","background_difficulty":"0","image_path":"images/Other/With_Backgrounds/difficulty0_image6.png","trial_type":"image-button-response","trial_index":43,"time_elapsed":68456,"internal_node_id":"0.0-2.0-0.41"},{"rt":1134,"stimulus":"images/Broccoli/With_Backgrounds/difficulty4_image3.png","response":1,"category":"Broccoli","background_difficulty":"4","image_path":"images/Broccoli/With_Backgrounds/difficulty4_image3.png","trial_type":"image-button-response","trial_index":44,"time_elapsed":69591,"internal_node_id":"0.0-2.0-0.42"},{"rt":999,"stimulus":"images/Boat/With_Backgrounds/difficulty1_image5.png","response":0,"category":"Boat","background_difficulty":"1","image_path":"images/Boat/With_Backgrounds/difficulty1_image5.png","trial_type":"image-button-response","trial_index":45,"time_elapsed":70592,"internal_node_id":"0.0-2.0-0.43"},{"rt":1130,"stimulus":"images/Broccoli/With_Backgrounds/difficulty1_image8.png","response":1,"category":"Broccoli","background_difficulty":"1","image_path":"images/Broccoli/With_Backgrounds/difficulty1_image8.png","trial_type":"image-button-response","trial_index":46,"time_elapsed":71723,"internal_node_id":"0.0-2.0-0.44"},{"rt":1226,"stimulus":"images/Car/With_Backgrounds/difficulty4_image1.png","response":2,"category":"Car","background_difficulty":"4","image_path":"images/Car/With_Backgrounds/difficulty4_image1.png","trial_type":"image-button-response","trial_index":47,"time_elapsed":72951,"internal_node_id":"0.0-2.0-0.45"},{"rt":1399,"stimulus":"images/Car/With_Backgrounds/difficulty7_image6.png","response":2,"category":"Car","background_difficulty":"7","image_path":"images/Car/With_Backgrounds/difficulty7_image6.png","trial_type":"image-button-response","trial_index":48,"time_elapsed":74351,"internal_node_id":"0.0-2.0-0.46"},{"rt":1236,"stimulus":"images/Other/With_Backgrounds/difficulty7_image7.png","response":7,"category":"Other","background_difficulty":"7","image_path":"images/Other/With_Backgrounds/difficulty7_image7.png","trial_type":"image-button-response","trial_index":49,"time_elapsed":75588,"internal_node_id":"0.0-2.0-0.47"},{"rt":1031,"stimulus":"images/Other/With_Backgrounds/difficulty6_image8.png","response":7,"category":"Other","background_difficulty":"6","image_path":"images/Other/With_Backgrounds/difficulty6_image8.png","trial_type":"image-button-response","trial_index":50,"time_elapsed":76620,"internal_node_id":"0.0-2.0-0.48"},{"rt":1184,"stimulus":"images/Cat/With_Backgrounds/difficulty5_image4.png","response":3,"category":"Cat","background_difficulty":"5","image_path":"images/Cat/With_Backgrounds/difficulty5_image4.png","trial_type":"image-button-response","trial_index":51,"time_elapsed":77805,"internal_node_id":"0.0-2.0-0.49"},{"rt":973,"stimulus":"images/Cat/With_Backgrounds/difficulty8_image1.png","response":3,"category":"Cat","background_difficulty":"8","image_path":"images/Cat/With_Backgrounds/difficulty8_image1.png","trial_type":"image-button-response","trial_index":52,"time_elapsed":78779,"internal_node_id":"0.0-2.0-0.50"},{"rt":1075,"stimulus":"images/Human/With_Backgrounds/difficulty5_image3.png","response":5,"category":"Human","background_difficulty":"5","image_path":"images/Human/With_Backgrounds/difficulty5_image3.png","trial_type":"image-button-response","trial_index":53,"time_elapsed":79855,"internal_node_id":"0.0-2.0-0.51"},{"rt":894,"stimulus":"images/Human/With_Backgrounds/difficulty6_image8.png","response":5,"category":"Human","background_difficulty":"6","image_path":"images/Human/With_Backgrounds/difficulty6_image8.png","trial_type":"image-button-response","trial_index":54,"time_elapsed":80750,"internal_node_id":"0.0-2.0-0.52"},{"rt":1326,"stimulus":"images/Dog/With_Backgrounds/difficulty1_image9.png","response":4,"category":"Dog","background_difficulty":"1","image_path":"images/Dog/With_Backgrounds/difficulty1_image9.png","trial_type":"image-button-response","trial_index":55,"time_elapsed":82077,"internal_node_id":"0.0-2.0-0.53"},{"rt":1366,"stimulus":"images/Broccoli/With_Backgrounds/difficulty0_image6.png","response":1,"category":"Broccoli","background_difficulty":"0","image_path":"images/Broccoli/With_Backgrounds/difficulty0_image6.png","trial_type":"image-button-response","trial_index":56,"time_elapsed":83444,"internal_node_id":"0.0-2.0-0.54"},{"rt":1378,"stimulus":"images/Tree/With_Backgrounds/difficulty8_image6.png","response":6,"category":"Tree","background_difficulty":"8","image_path":"images/Tree/With_Backgrounds/difficulty8_image6.png","trial_type":"image-button-response","trial_index":57,"time_elapsed":84823,"internal_node_id":"0.0-2.0-0.55"},{"rt":1284,"stimulus":"images/Boat/With_Backgrounds/difficulty8_image9.png","response":0,"category":"Boat","background_difficulty":"8","image_path":"images/Boat/With_Backgrounds/difficulty8_image9.png","trial_type":"image-button-response","trial_index":58,"time_elapsed":86108,"internal_node_id":"0.0-2.0-0.56"},{"rt":1021,"stimulus":"images/Tree/With_Backgrounds/difficulty3_image4.png","response":0,"category":"Tree","background_difficulty":"3","image_path":"images/Tree/With_Backgrounds/difficulty3_image4.png","trial_type":"image-button-response","trial_index":59,"time_elapsed":87130,"internal_node_id":"0.0-2.0-0.57"},{"rt":1192,"stimulus":"images/Boat/With_Backgrounds/difficulty3_image3.png","response":0,"category":"Boat","background_difficulty":"3","image_path":"images/Boat/With_Backgrounds/difficulty3_image3.png","trial_type":"image-button-response","trial_index":60,"time_elapsed":88323,"internal_node_id":"0.0-2.0-0.58"},{"rt":1103,"stimulus":"images/Human/With_Backgrounds/difficulty3_image1.png","response":5,"category":"Human","background_difficulty":"3","image_path":"images/Human/With_Backgrounds/difficulty3_image1.png","trial_type":"image-button-response","trial_index":61,"time_elapsed":89428,"internal_node_id":"0.0-2.0-0.59"},{"rt":1121,"stimulus":"images/Dog/With_Backgrounds/difficulty3_image7.png","response":4,"category":"Dog","background_difficulty":"3","image_path":"images/Dog/With_Backgrounds/difficulty3_image7.png","trial_type":"image-button-response","trial_index":62,"time_elapsed":90549,"internal_node_id":"0.0-2.0-0.60"},{"rt":1415,"stimulus":"images/Tree/With_Backgrounds/difficulty7_image3.png","response":6,"category":"Tree","background_difficulty":"7","image_path":"images/Tree/With_Backgrounds/difficulty7_image3.png","trial_type":"image-button-response","trial_index":63,"time_elapsed":91965,"internal_node_id":"0.0-2.0-0.61"},{"rt":1312,"stimulus":"images/Broccoli/With_Backgrounds/difficulty3_image5.png","response":1,"category":"Broccoli","background_difficulty":"3","image_path":"images/Broccoli/With_Backgrounds/difficulty3_image5.png","trial_type":"image-button-response","trial_index":64,"time_elapsed":93278,"internal_node_id":"0.0-2.0-0.62"},{"rt":1187,"stimulus":"images/Car/With_Backgrounds/difficulty3_image0.png","response":2,"category":"Car","background_difficulty":"3","image_path":"images/Car/With_Backgrounds/difficulty3_image0.png","trial_type":"image-button-response","trial_index":65,"time_elapsed":94466,"internal_node_id":"0.0-2.0-0.63"},{"rt":1237,"stimulus":"images/Boat/With_Backgrounds/difficulty6_image4.png","response":0,"category":"Boat","background_difficulty":"6","image_path":"images/Boat/With_Backgrounds/difficulty6_image4.png","trial_type":"image-button-response","trial_index":66,"time_elapsed":95705,"internal_node_id":"0.0-2.0-0.64"},{"rt":2110,"stimulus":"images/Tree/With_Backgrounds/difficulty0_image2.png","response":6,"category":"Tree","background_difficulty":"0","image_path":"images/Tree/With_Backgrounds/difficulty0_image2.png","trial_type":"image-button-response","trial_index":67,"time_elapsed":97816,"internal_node_id":"0.0-2.0-0.65"},{"rt":1328,"stimulus":"images/Tree/With_Backgrounds/difficulty2_image9.png","response":6,"category":"Tree","background_difficulty":"2","image_path":"images/Tree/With_Backgrounds/difficulty2_image9.png","trial_type":"image-button-response","trial_index":68,"time_elapsed":99146,"internal_node_id":"0.0-2.0-0.66"},{"rt":1421,"stimulus":"images/Broccoli/With_Backgrounds/difficulty8_image9.png","response":1,"category":"Broccoli","background_difficulty":"8","image_path":"images/Broccoli/With_Backgrounds/difficulty8_image9.png","trial_type":"image-button-response","trial_index":69,"time_elapsed":100568,"internal_node_id":"0.0-2.0-0.67"},{"rt":1832,"stimulus":"images/Car/With_Backgrounds/difficulty1_image8.png","response":2,"category":"Car","background_difficulty":"1","image_path":"images/Car/With_Backgrounds/difficulty1_image8.png","trial_type":"image-button-response","trial_index":70,"time_elapsed":102401,"internal_node_id":"0.0-2.0-0.68"},{"rt":2529,"stimulus":"images/Broccoli/With_Backgrounds/difficulty7_image1.png","response":1,"category":"Broccoli","background_difficulty":"7","image_path":"images/Broccoli/With_Backgrounds/difficulty7_image1.png","trial_type":"image-button-response","trial_index":71,"time_elapsed":104931,"internal_node_id":"0.0-2.0-0.69"},{"rt":1355,"stimulus":"images/Dog/With_Backgrounds/difficulty0_image6.png","response":4,"category":"Dog","background_difficulty":"0","image_path":"images/Dog/With_Backgrounds/difficulty0_image6.png","trial_type":"image-button-response","trial_index":72,"time_elapsed":106287,"internal_node_id":"0.0-2.0-0.70"},{"rt":1021,"stimulus":"images/Dog/With_Backgrounds/difficulty6_image3.png","response":4,"category":"Dog","background_difficulty":"6","image_path":"images/Dog/With_Backgrounds/difficulty6_image3.png","trial_type":"image-button-response","trial_index":73,"time_elapsed":107309,"internal_node_id":"0.0-2.0-0.71"},{"rt":1435,"stimulus":["<h2>Press the button below to end experiment.</h2><p>Thank you for participating!</p>"],"response":0,"trial_type":"html-button-response","trial_index":74,"time_elapsed":108744,"internal_node_id":"0.0-3.0"}]