[{"success":true,"timeout":false,"failed_images":[],"failed_audio":[],"failed_video":[],"trial_type":"preload","trial_index":0,"time_elapsed":1999,"internal_node_id":"0.0-0.0"},{"rt":13141,"stimulus":["<h2>Noisy background image classification</h2><p>In this experiment you will briefly see images on top of colored squares of various sizes.</p><p>Your task is to report what each image is, selecting \"None of the Above\" if none of the given options are correct.</p> <p>The possible options are <strong>Boat</strong>, <strong>Broccoli</strong>, <strong>Car</strong>, <strong>Cat</strong>, <strong>Dog</strong>, <strong>Human</strong>, <strong>Tree</strong>, and <strong>None of the Above</strong>"],"response":0,"trial_type":"html-button-response","trial_index":1,"time_elapsed":15141,"internal_node_id":"0.0-1.0"},{"rt":1998,"stimulus":"images/Cat/With_Backgrounds/difficulty7_image6.png","response":3,"category":"Cat","background_difficulty":"7","image_path":"images/Cat/With_Backgrounds/difficulty7_image6.png","trial_type":"image-button-response","trial_index":2,"time_elapsed":17143,"internal_node_id":"0.0-2.0-0.0"},{"rt":2110,"stimulus":"images/Boat/With_Backgrounds/difficulty3_image2.png","response":0,"category":"Boat","background_difficulty":"3","image_path":"images/Boat/With_Backgrounds/difficulty3_image2.png","trial_type":"image-button-response","trial_index":3,"time_elapsed":19255,"internal_node_id":"0.0-2.0-0.1"},{"rt":2414,"stimulus":"images/Human/With_Backgrounds/difficulty6_image6.png","response":5,"category":"Human","background_difficulty":"6","image_path":"images/Human/With_Backgrounds/difficulty6_image6.png","trial_type":"image-button-response","trial_index":4,"time_elapsed":21670,"internal_node_id":"0.0-2.0-0.2"},{"rt":1895,"stimulus":"images/Car/With_Backgrounds/difficulty4_image7.png","response":2,"category":"Car","background_difficulty":"4","image_path":"images/Car/With_Backgrounds/difficulty4_image7.png","trial_type":"image-button-response","trial_index":5,"time_elapsed":23566,"internal_node_id":"0.0-2.0-0.3"},{"rt":2140,"stimulus":"images/Dog/With_Backgrounds/difficulty6_image3.png","response":4,"category":"Dog","background_difficulty":"6","image_path":"images/Dog/With_Backgrounds/difficulty6_image3.png","trial_type":"image-button-response","trial_index":6,"time_elapsed":25708,"internal_node_id":"0.0-2.0-0.4"},{"rt":1764,"stimulus":"images/Cat/With_Backgrounds/difficulty1_image1.png","response":3,"category":"Cat","background_difficulty":"1","image_path":"images/Cat/With_Backgrounds/difficulty1_image1.png","trial_type":"image-button-response","trial_index":7,"time_elapsed":27473,"internal_node_id":"0.0-2.0-0.5"},{"rt":1751,"stimulus":"images/Boat/With_Backgrounds/difficulty1_image6.png","response":0,"category":"Boat","background_difficulty":"1","image_path":"images/Boat/With_Backgrounds/difficulty1_image6.png","trial_type":"image-button-response","trial_index":8,"time_elapsed":29225,"internal_node_id":"0.0-2.0-0.6"},{"rt":1426,"stimulus":"images/Human/With_Backgrounds/difficulty8_image1.png","response":5,"category":"Human","background_difficulty":"8","image_path":"images/Human/With_Backgrounds/difficulty8_image1.png","trial_type":"image-button-response","trial_index":9,"time_elapsed":30653,"internal_node_id":"0.0-2.0-0.7"},{"rt":2163,"stimulus":"images/Tree/With_Backgrounds/difficulty7_image8.png","response":6,"category":"Tree","background_difficulty":"7","image_path":"images/Tree/With_Backgrounds/difficulty7_image8.png","trial_type":"image-button-response","trial_index":10,"time_elapsed":32817,"internal_node_id":"0.0-2.0-0.8"},{"rt":1366,"stimulus":"images/Car/With_Backgrounds/difficulty5_image5.png","response":2,"category":"Car","background_difficulty":"5","image_path":"images/Car/With_Backgrounds/difficulty5_image5.png","trial_type":"image-button-response","trial_index":11,"time_elapsed":34184,"internal_node_id":"0.0-2.0-0.9"},{"rt":1785,"stimulus":"images/Human/With_Backgrounds/difficulty1_image7.png","response":5,"category":"Human","background_difficulty":"1","image_path":"images/Human/With_Backgrounds/difficulty1_image7.png","trial_type":"image-button-response","trial_index":12,"time_elapsed":35970,"internal_node_id":"0.0-2.0-0.10"},{"rt":2003,"stimulus":"images/Tree/With_Backgrounds/difficulty3_image9.png","response":6,"category":"Tree","background_difficulty":"3","image_path":"images/Tree/With_Backgrounds/difficulty3_image9.png","trial_type":"image-button-response","trial_index":13,"time_elapsed":37975,"internal_node_id":"0.0-2.0-0.11"},{"rt":2880,"stimulus":"images/Car/With_Backgrounds/difficulty0_image3.png","response":2,"category":"Car","background_difficulty":"0","image_path":"images/Car/With_Backgrounds/difficulty0_image3.png","trial_type":"image-button-response","trial_index":14,"time_elapsed":40857,"internal_node_id":"0.0-2.0-0.12"},{"rt":1957,"stimulus":"images/Dog/With_Backgrounds/difficulty3_image8.png","response":4,"category":"Dog","background_difficulty":"3","image_path":"images/Dog/With_Backgrounds/difficulty3_image8.png","trial_type":"image-button-response","trial_index":15,"time_elapsed":42816,"internal_node_id":"0.0-2.0-0.13"},{"rt":1371,"stimulus":"images/Dog/With_Backgrounds/difficulty8_image9.png","response":4,"category":"Dog","background_difficulty":"8","image_path":"images/Dog/With_Backgrounds/difficulty8_image9.png","trial_type":"image-button-response","trial_index":16,"time_elapsed":44188,"internal_node_id":"0.0-2.0-0.14"},{"rt":2793,"stimulus":"images/Other/With_Backgrounds/difficulty0_image1.png","response":7,"category":"Other","background_difficulty":"0","image_path":"images/Other/With_Backgrounds/difficulty0_image1.png","trial_type":"image-button-response","trial_index":17,"time_elapsed":46983,"internal_node_id":"0.0-2.0-0.15"},{"rt":1572,"stimulus":"images/Boat/With_Backgrounds/difficulty8_image4.png","response":0,"category":"Boat","background_difficulty":"8","image_path":"images/Boat/With_Backgrounds/difficulty8_image4.png","trial_type":"image-button-response","trial_index":18,"time_elapsed":48556,"internal_node_id":"0.0-2.0-0.16"},{"rt":1104,"stimulus":"images/Broccoli/With_Backgrounds/difficulty8_image2.png","response":1,"category":"Broccoli","background_difficulty":"8","image_path":"images/Broccoli/With_Backgrounds/difficulty8_image2.png","trial_type":"image-button-response","trial_index":19,"time_elapsed":49661,"internal_node_id":"0.0-2.0-0.17"},{"rt":1199,"stimulus":"images/Broccoli/With_Backgrounds/difficulty4_image7.png","response":1,"category":"Broccoli","background_difficulty":"4","image_path":"images/Broccoli/With_Backgrounds/difficulty4_image7.png","trial_type":"image-button-response","trial_index":20,"time_elapsed":50861,"internal_node_id":"0.0-2.0-0.18"},{"rt":1417,"stimulus":"images/Car/With_Backgrounds/difficulty3_image2.png","response":2,"category":"Car","background_difficulty":"3","image_path":"images/Car/With_Backgrounds/difficulty3_image2.png","trial_type":"image-button-response","trial_index":21,"time_elapsed":52280,"internal_node_id":"0.0-2.0-0.19"},{"rt":2137,"stimulus":"images/Other/With_Backgrounds/difficulty3_image2.png","response":7,"category":"Other","background_difficulty":"3","image_path":"images/Other/With_Backgrounds/difficulty3_image2.png","trial_type":"image-button-response","trial_index":22,"time_elapsed":54418,"internal_node_id":"0.0-2.0-0.20"},{"rt":1251,"stimulus":"images/Dog/With_Backgrounds/difficulty5_image2.png","response":4,"category":"Dog","background_difficulty":"5","image_path":"images/Dog/With_Backgrounds/difficulty5_image2.png","trial_type":"image-button-response","trial_index":23,"time_elapsed":55670,"internal_node_id":"0.0-2.0-0.21"},{"rt":1260,"stimulus":"images/Dog/With_Backgrounds/difficulty0_image7.png","response":4,"category":"Dog","background_difficulty":"0","image_path":"images/Dog/With_Backgrounds/difficulty0_image7.png","trial_type":"image-button-response","trial_index":24,"time_elapsed":56931,"internal_node_id":"0.0-2.0-0.22"},{"rt":1469,"stimulus":"images/Dog/With_Backgrounds/difficulty7_image4.png","response":4,"category":"Dog","background_difficulty":"7","image_path":"images/Dog/With_Backgrounds/difficulty7_image4.png","trial_type":"image-button-response","trial_index":25,"time_elapsed":58402,"internal_node_id":"0.0-2.0-0.23"},{"rt":1157,"stimulus":"images/Dog/With_Backgrounds/difficulty1_image5.png","response":4,"category":"Dog","background_difficulty":"1","image_path":"images/Dog/With_Backgrounds/difficulty1_image5.png","trial_type":"image-button-response","trial_index":26,"time_elapsed":59561,"internal_node_id":"0.0-2.0-0.24"},{"rt":1229,"stimulus":"images/Cat/With_Backgrounds/difficulty8_image3.png","response":3,"category":"Cat","background_difficulty":"8","image_path":"images/Cat/With_Backgrounds/difficulty8_image3.png","trial_type":"image-button-response","trial_index":27,"time_elapsed":60792,"internal_node_id":"0.0-2.0-0.25"},{"rt":1253,"stimulus":"images/Human/With_Backgrounds/difficulty5_image3.png","response":5,"category":"Human","background_difficulty":"5","image_path":"images/Human/With_Backgrounds/difficulty5_image3.png","trial_type":"image-button-response","trial_index":28,"time_elapsed":62046,"internal_node_id":"0.0-2.0-0.26"},{"rt":1177,"stimulus":"images/Car/With_Backgrounds/difficulty2_image1.png","response":2,"category":"Car","background_difficulty":"2","image_path":"images/Car/With_Backgrounds/difficulty2_image1.png","trial_type":"image-button-response","trial_index":29,"time_elapsed":63224,"internal_node_id":"0.0-2.0-0.27"},{"rt":1505,"stimulus":"images/Cat/With_Backgrounds/difficulty2_image2.png","response":3,"category":"Cat","background_difficulty":"2","image_path":"images/Cat/With_Backgrounds/difficulty2_image2.png","trial_type":"image-button-response","trial_index":30,"time_elapsed":64730,"internal_node_id":"0.0-2.0-0.28"},{"rt":1196,"stimulus":"images/Cat/With_Backgrounds/difficulty6_image4.png","response":3,"category":"Cat","background_difficulty":"6","image_path":"images/Cat/With_Backgrounds/difficulty6_image4.png","trial_type":"image-button-response","trial_index":31,"time_elapsed":65928,"internal_node_id":"0.0-2.0-0.29"},{"rt":1091,"stimulus":"images/Cat/With_Backgrounds/difficulty5_image9.png","response":3,"category":"Cat","background_difficulty":"5","image_path":"images/Cat/With_Backgrounds/difficulty5_image9.png","trial_type":"image-button-response","trial_index":32,"time_elapsed":67020,"internal_node_id":"0.0-2.0-0.30"},{"rt":1137,"stimulus":"images/Human/With_Backgrounds/difficulty0_image4.png","response":5,"category":"Human","background_difficulty":"0","image_path":"images/Human/With_Backgrounds/difficulty0_image4.png","trial_type":"image-button-response","trial_index":33,"time_elapsed":68158,"internal_node_id":"0.0-2.0-0.31"},{"rt":2702,"stimulus":"images/Tree/With_Backgrounds/difficulty4_image2.png","response":6,"category":"Tree","background_difficulty":"4","image_path":"images/Tree/With_Backgrounds/difficulty4_image2.png","trial_type":"image-button-response","trial_index":34,"time_elapsed":70862,"internal_node_id":"0.0-2.0-0.32"},{"rt":1371,"stimulus":"images/Cat/With_Backgrounds/difficulty4_image8.png","response":3,"category":"Cat","background_difficulty":"4","image_path":"images/Cat/With_Backgrounds/difficulty4_image8.png","trial_type":"image-button-response","trial_index":35,"time_elapsed":72234,"internal_node_id":"0.0-2.0-0.33"},{"rt":1262,"stimulus":"images/Car/With_Backgrounds/difficulty8_image0.png","response":2,"category":"Car","background_difficulty":"8","image_path":"images/Car/With_Backgrounds/difficulty8_image0.png","trial_type":"image-button-response","trial_index":36,"time_elapsed":73497,"internal_node_id":"0.0-2.0-0.34"},{"rt":1854,"stimulus":"images/Tree/With_Backgrounds/difficulty0_image5.png","response":6,"category":"Tree","background_difficulty":"0","image_path":"images/Tree/With_Backgrounds/difficulty0_image5.png","trial_type":"image-button-response","trial_index":37,"time_elapsed":75353,"internal_node_id":"0.0-2.0-0.35"},{"rt":1299,"stimulus":"images/Broccoli/With_Backgrounds/difficulty6_image5.png","response":1,"category":"Broccoli","background_difficulty":"6","image_path":"images/Broccoli/With_Backgrounds/difficulty6_image5.png","trial_type":"image-button-response","trial_index":38,"time_elapsed":76653,"internal_node_id":"0.0-2.0-0.36"},{"rt":1820,"stimulus":"images/Other/With_Backgrounds/difficulty4_image8.png","response":7,"category":"Other","background_difficulty":"4","image_path":"images/Other/With_Backgrounds/difficulty4_image8.png","trial_type":"image-button-response","trial_index":39,"time_elapsed":78474,"internal_node_id":"0.0-2.0-0.37"},{"rt":1988,"stimulus":"images/Tree/With_Backgrounds/difficulty1_image0.png","response":6,"category":"Tree","background_difficulty":"1","image_path":"images/Tree/With_Backgrounds/difficulty1_image0.png","trial_type":"image-button-response","trial_index":40,"time_elapsed":80463,"internal_node_id":"0.0-2.0-0.38"},{"rt":1322,"stimulus":"images/Broccoli/With_Backgrounds/difficulty3_image0.png","response":1,"category":"Broccoli","background_difficulty":"3","image_path":"images/Broccoli/With_Backgrounds/difficulty3_image0.png","trial_type":"image-button-response","trial_index":41,"time_elapsed":81786,"internal_node_id":"0.0-2.0-0.39"},{"rt":1696,"stimulus":"images/Tree/With_Backgrounds/difficulty2_image1.png","response":6,"category":"Tree","background_difficulty":"2","image_path":"images/Tree/With_Backgrounds/difficulty2_image1.png","trial_type":"image-button-response","trial_index":42,"time_elapsed":83483,"internal_node_id":"0.0-2.0-0.40"},{"rt":1665,"stimulus":"images/Boat/With_Backgrounds/difficulty6_image8.png","response":0,"category":"Boat","background_difficulty":"6","image_path":"images/Boat/With_Backgrounds/difficulty6_image8.png","trial_type":"image-button-response","trial_index":43,"time_elapsed":85150,"internal_node_id":"0.0-2.0-0.41"},{"rt":1222,"stimulus":"images/Car/With_Backgrounds/difficulty7_image8.png","response":2,"category":"Car","background_difficulty":"7","image_path":"images/Car/With_Backgrounds/difficulty7_image8.png","trial_type":"image-button-response","trial_index":44,"time_elapsed":86374,"internal_node_id":"0.0-2.0-0.42"},{"rt":1314,"stimulus":"images/Other/With_Backgrounds/difficulty6_image9.png","response":7,"category":"Other","background_difficulty":"6","image_path":"images/Other/With_Backgrounds/difficulty6_image9.png","trial_type":"image-button-response","trial_index":45,"time_elapsed":87689,"internal_node_id":"0.0-2.0-0.43"},{"rt":1073,"stimulus":"images/Human/With_Backgrounds/difficulty7_image0.png","response":5,"category":"Human","background_difficulty":"7","image_path":"images/Human/With_Backgrounds/difficulty7_image0.png","trial_type":"image-button-response","trial_index":46,"time_elapsed":88764,"internal_node_id":"0.0-2.0-0.44"},{"rt":1033,"stimulus":"images/Human/With_Backgrounds/difficulty2_image8.png","response":5,"category":"Human","background_difficulty":"2","image_path":"images/Human/With_Backgrounds/difficulty2_image8.png","trial_type":"image-button-response","trial_index":47,"time_elapsed":89799,"internal_node_id":"0.0-2.0-0.45"},{"rt":913,"stimulus":"images/Human/With_Backgrounds/difficulty4_image9.png","response":5,"category":"Human","background_difficulty":"4","image_path":"images/Human/With_Backgrounds/difficulty4_image9.png","trial_type":"image-button-response","trial_index":48,"time_elapsed":90712,"internal_node_id":"0.0-2.0-0.46"},{"rt":1684,"stimulus":"images/Dog/With_Backgrounds/difficulty4_image0.png","response":4,"category":"Dog","background_difficulty":"4","image_path":"images/Dog/With_Backgrounds/difficulty4_image0.png","trial_type":"image-button-response","trial_index":49,"time_elapsed":92398,"internal_node_id":"0.0-2.0-0.47"},{"rt":1424,"stimulus":"images/Other/With_Backgrounds/difficulty7_image7.png","response":7,"category":"Other","background_difficulty":"7","image_path":"images/Other/With_Backgrounds/difficulty7_image7.png","trial_type":"image-button-response","trial_index":50,"time_elapsed":93823,"internal_node_id":"0.0-2.0-0.48"},{"rt":1198,"stimulus":"images/Broccoli/With_Backgrounds/difficulty2_image1.png","response":1,"category":"Broccoli","background_difficulty":"2","image_path":"images/Broccoli/With_Backgrounds/difficulty2_image1.png","trial_type":"image-button-response","trial_index":51,"time_elapsed":95023,"internal_node_id":"0.0-2.0-0.49"},{"rt":1802,"stimulus":"images/Tree/With_Backgrounds/difficulty8_image3.png","response":6,"category":"Tree","background_difficulty":"8","image_path":"images/Tree/With_Backgrounds/difficulty8_image3.png","trial_type":"image-button-response","trial_index":52,"time_elapsed":96826,"internal_node_id":"0.0-2.0-0.50"},{"rt":1823,"stimulus":"images/Cat/With_Backgrounds/difficulty0_image5.png","response":3,"category":"Cat","background_difficulty":"0","image_path":"images/Cat/With_Backgrounds/difficulty0_image5.png","trial_type":"image-button-response","trial_index":53,"time_elapsed":98649,"internal_node_id":"0.0-2.0-0.51"},{"rt":795,"stimulus":"images/Dog/With_Backgrounds/difficulty2_image6.png","response":5,"category":"Dog","background_difficulty":"2","image_path":"images/Dog/With_Backgrounds/difficulty2_image6.png","trial_type":"image-button-response","trial_index":54,"time_elapsed":99446,"internal_node_id":"0.0-2.0-0.52"},{"rt":3791,"stimulus":"images/Boat/With_Backgrounds/difficulty2_image5.png","response":4,"category":"Boat","background_difficulty":"2","image_path":"images/Boat/With_Backgrounds/difficulty2_image5.png","trial_type":"image-button-response","trial_index":55,"time_elapsed":103239,"internal_node_id":"0.0-2.0-0.53"},{"rt":918,"stimulus":"images/Cat/With_Backgrounds/difficulty3_image7.png","response":3,"category":"Cat","background_difficulty":"3","image_path":"images/Cat/With_Backgrounds/difficulty3_image7.png","trial_type":"image-button-response","trial_index":56,"time_elapsed":104158,"internal_node_id":"0.0-2.0-0.54"},{"rt":1685,"stimulus":"images/Car/With_Backgrounds/difficulty1_image4.png","response":2,"category":"Car","background_difficulty":"1","image_path":"images/Car/With_Backgrounds/difficulty1_image4.png","trial_type":"image-button-response","trial_index":57,"time_elapsed":105845,"internal_node_id":"0.0-2.0-0.55"},{"rt":1543,"stimulus":"images/Boat/With_Backgrounds/difficulty5_image9.png","response":0,"category":"Boat","background_difficulty":"5","image_path":"images/Boat/With_Backgrounds/difficulty5_image9.png","trial_type":"image-button-response","trial_index":58,"time_elapsed":107390,"internal_node_id":"0.0-2.0-0.56"},{"rt":1137,"stimulus":"images/Other/With_Backgrounds/difficulty2_image5.png","response":7,"category":"Other","background_difficulty":"2","image_path":"images/Other/With_Backgrounds/difficulty2_image5.png","trial_type":"image-button-response","trial_index":59,"time_elapsed":108528,"internal_node_id":"0.0-2.0-0.57"},{"rt":1763,"stimulus":"images/Tree/With_Backgrounds/difficulty5_image4.png","response":6,"category":"Tree","background_difficulty":"5","image_path":"images/Tree/With_Backgrounds/difficulty5_image4.png","trial_type":"image-button-response","trial_index":60,"time_elapsed":110292,"internal_node_id":"0.0-2.0-0.58"},{"rt":1268,"stimulus":"images/Other/With_Backgrounds/difficulty1_image0.png","response":7,"category":"Other","background_difficulty":"1","image_path":"images/Other/With_Backgrounds/difficulty1_image0.png","trial_type":"image-button-response","trial_index":61,"time_elapsed":111562,"internal_node_id":"0.0-2.0-0.59"},{"rt":1515,"stimulus":"images/Boat/With_Backgrounds/difficulty0_image3.png","response":0,"category":"Boat","background_difficulty":"0","image_path":"images/Boat/With_Backgrounds/difficulty0_image3.png","trial_type":"image-button-response","trial_index":62,"time_elapsed":113078,"internal_node_id":"0.0-2.0-0.60"},{"rt":1137,"stimulus":"images/Broccoli/With_Backgrounds/difficulty0_image4.png","response":1,"category":"Broccoli","background_difficulty":"0","image_path":"images/Broccoli/With_Backgrounds/difficulty0_image4.png","trial_type":"image-button-response","trial_index":63,"time_elapsed":114217,"internal_node_id":"0.0-2.0-0.61"},{"rt":903,"stimulus":"images/Broccoli/With_Backgrounds/difficulty7_image3.png","response":1,"category":"Broccoli","background_difficulty":"7","image_path":"images/Broccoli/With_Backgrounds/difficulty7_image3.png","trial_type":"image-button-response","trial_index":64,"time_elapsed":115122,"internal_node_id":"0.0-2.0-0.62"},{"rt":1256,"stimulus":"images/Human/With_Backgrounds/difficulty3_image5.png","response":5,"category":"Human","background_difficulty":"3","image_path":"images/Human/With_Backgrounds/difficulty3_image5.png","trial_type":"image-button-response","trial_index":65,"time_elapsed":116379,"internal_node_id":"0.0-2.0-0.63"},{"rt":1138,"stimulus":"images/Other/With_Backgrounds/difficulty5_image6.png","response":7,"category":"Other","background_difficulty":"5","image_path":"images/Other/With_Backgrounds/difficulty5_image6.png","trial_type":"image-button-response","trial_index":66,"time_elapsed":117519,"internal_node_id":"0.0-2.0-0.64"},{"rt":1333,"stimulus":"images/Car/With_Backgrounds/difficulty6_image9.png","response":2,"category":"Car","background_difficulty":"6","image_path":"images/Car/With_Backgrounds/difficulty6_image9.png","trial_type":"image-button-response","trial_index":67,"time_elapsed":118853,"internal_node_id":"0.0-2.0-0.65"},{"rt":1772,"stimulus":"images/Tree/With_Backgrounds/difficulty6_image7.png","response":6,"category":"Tree","background_difficulty":"6","image_path":"images/Tree/With_Backgrounds/difficulty6_image7.png","trial_type":"image-button-response","trial_index":68,"time_elapsed":120627,"internal_node_id":"0.0-2.0-0.66"},{"rt":1236,"stimulus":"images/Broccoli/With_Backgrounds/difficulty5_image6.png","response":1,"category":"Broccoli","background_difficulty":"5","image_path":"images/Broccoli/With_Backgrounds/difficulty5_image6.png","trial_type":"image-button-response","trial_index":69,"time_elapsed":121865,"internal_node_id":"0.0-2.0-0.67"},{"rt":926,"stimulus":"images/Broccoli/With_Backgrounds/difficulty1_image8.png","response":1,"category":"Broccoli","background_difficulty":"1","image_path":"images/Broccoli/With_Backgrounds/difficulty1_image8.png","trial_type":"image-button-response","trial_index":70,"time_elapsed":122792,"internal_node_id":"0.0-2.0-0.68"},{"rt":1489,"stimulus":"images/Boat/With_Backgrounds/difficulty4_image7.png","response":0,"category":"Boat","background_difficulty":"4","image_path":"images/Boat/With_Backgrounds/difficulty4_image7.png","trial_type":"image-button-response","trial_index":71,"time_elapsed":124282,"internal_node_id":"0.0-2.0-0.69"},{"rt":1139,"stimulus":"images/Other/With_Backgrounds/difficulty8_image3.png","response":7,"category":"Other","background_difficulty":"8","image_path":"images/Other/With_Backgrounds/difficulty8_image3.png","trial_type":"image-button-response","trial_index":72,"time_elapsed":125423,"internal_node_id":"0.0-2.0-0.70"},{"rt":1661,"stimulus":"images/Boat/With_Backgrounds/difficulty7_image0.png","response":0,"category":"Boat","background_difficulty":"7","image_path":"images/Boat/With_Backgrounds/difficulty7_image0.png","trial_type":"image-button-response","trial_index":73,"time_elapsed":127085,"internal_node_id":"0.0-2.0-0.71"},{"rt":1336,"stimulus":["<h2>Press the button below to end experiment.</h2><p>Thank you for participating!</p>"],"response":0,"trial_type":"html-button-response","trial_index":74,"time_elapsed":128423,"internal_node_id":"0.0-3.0"}]