[{"success":true,"timeout":false,"failed_images":[],"failed_audio":[],"failed_video":[],"trial_type":"preload","trial_index":0,"time_elapsed":1284,"internal_node_id":"0.0-0.0"},{"rt":5190,"stimulus":["<h2>Noisy background image classification</h2><p>In this experiment you will briefly see images on top of colored squares of various sizes.</p><p>Your task is to report what each image is, selecting \"None of the Above\" if none of the given options are correct.</p> <p>The possible options are <strong>Boat</strong>, <strong>Broccoli</strong>, <strong>Car</strong>, <strong>Cat</strong>, <strong>Dog</strong>, <strong>Human</strong>, <strong>Tree</strong>, and <strong>None of the Above</strong>"],"response":0,"trial_type":"html-button-response","trial_index":1,"time_elapsed":6476,"internal_node_id":"0.0-1.0"},{"rt":1739,"stimulus":"images/Dog/With_Backgrounds/difficulty8_image8.png","response":4,"category":"Dog","background_difficulty":"8","image_path":"images/Dog/With_Backgrounds/difficulty8_image8.png","trial_type":"image-button-response","trial_index":2,"time_elapsed":8217,"internal_node_id":"0.0-2.0-0.0"},{"rt":1336,"stimulus":"images/Human/With_Backgrounds/difficulty4_image2.png","response":5,"category":"Human","background_difficulty":"4","image_path":"images/Human/With_Backgrounds/difficulty4_image2.png","trial_type":"image-button-response","trial_index":3,"time_elapsed":9556,"internal_node_id":"0.0-2.0-0.1"},{"rt":1318,"stimulus":"images/Cat/With_Backgrounds/difficulty8_image0.png","response":3,"category":"Cat","background_difficulty":"8","image_path":"images/Cat/With_Backgrounds/difficulty8_image0.png","trial_type":"image-button-response","trial_index":4,"time_elapsed":10875,"internal_node_id":"0.0-2.0-0.2"},{"rt":1071,"stimulus":"images/Car/With_Backgrounds/difficulty0_image5.png","response":2,"category":"Car","background_difficulty":"0","image_path":"images/Car/With_Backgrounds/difficulty0_image5.png","trial_type":"image-button-response","trial_index":5,"time_elapsed":11947,"internal_node_id":"0.0-2.0-0.3"},{"rt":1898,"stimulus":"images/Other/With_Backgrounds/difficulty3_image6.png","response":7,"category":"Other","background_difficulty":"3","image_path":"images/Other/With_Backgrounds/difficulty3_image6.png","trial_type":"image-button-response","trial_index":6,"time_elapsed":13847,"internal_node_id":"0.0-2.0-0.4"},{"rt":2430,"stimulus":"images/Boat/With_Backgrounds/difficulty5_image3.png","response":0,"category":"Boat","background_difficulty":"5","image_path":"images/Boat/With_Backgrounds/difficulty5_image3.png","trial_type":"image-button-response","trial_index":7,"time_elapsed":16278,"internal_node_id":"0.0-2.0-0.5"},{"rt":1212,"stimulus":"images/Broccoli/With_Backgrounds/difficulty0_image2.png","response":1,"category":"Broccoli","background_difficulty":"0","image_path":"images/Broccoli/With_Backgrounds/difficulty0_image2.png","trial_type":"image-button-response","trial_index":8,"time_elapsed":17492,"internal_node_id":"0.0-2.0-0.6"},{"rt":1054,"stimulus":"images/Cat/With_Backgrounds/difficulty6_image6.png","response":3,"category":"Cat","background_difficulty":"6","image_path":"images/Cat/With_Backgrounds/difficulty6_image6.png","trial_type":"image-button-response","trial_index":9,"time_elapsed":18547,"internal_node_id":"0.0-2.0-0.7"},{"rt":1187,"stimulus":"images/Human/With_Backgrounds/difficulty8_image5.png","response":5,"category":"Human","background_difficulty":"8","image_path":"images/Human/With_Backgrounds/difficulty8_image5.png","trial_type":"image-button-response","trial_index":10,"time_elapsed":19735,"internal_node_id":"0.0-2.0-0.8"},{"rt":1391,"stimulus":"images/Car/With_Backgrounds/difficulty3_image7.png","response":2,"category":"Car","background_difficulty":"3","image_path":"images/Car/With_Backgrounds/difficulty3_image7.png","trial_type":"image-button-response","trial_index":11,"time_elapsed":21128,"internal_node_id":"0.0-2.0-0.9"},{"rt":1055,"stimulus":"images/Dog/With_Backgrounds/difficulty4_image3.png","response":4,"category":"Dog","background_difficulty":"4","image_path":"images/Dog/With_Backgrounds/difficulty4_image3.png","trial_type":"image-button-response","trial_index":12,"time_elapsed":22184,"internal_node_id":"0.0-2.0-0.10"},{"rt":874,"stimulus":"images/Dog/With_Backgrounds/difficulty1_image7.png","response":4,"category":"Dog","background_difficulty":"1","image_path":"images/Dog/With_Backgrounds/difficulty1_image7.png","trial_type":"image-button-response","trial_index":13,"time_elapsed":23059,"internal_node_id":"0.0-2.0-0.11"},{"rt":3159,"stimulus":"images/Other/With_Backgrounds/difficulty1_image8.png","response":7,"category":"Other","background_difficulty":"1","image_path":"images/Other/With_Backgrounds/difficulty1_image8.png","trial_type":"image-button-response","trial_index":14,"time_elapsed":26220,"internal_node_id":"0.0-2.0-0.12"},{"rt":1100,"stimulus":"images/Broccoli/With_Backgrounds/difficulty6_image3.png","response":1,"category":"Broccoli","background_difficulty":"6","image_path":"images/Broccoli/With_Backgrounds/difficulty6_image3.png","trial_type":"image-button-response","trial_index":15,"time_elapsed":27321,"internal_node_id":"0.0-2.0-0.13"},{"rt":1477,"stimulus":"images/Human/With_Backgrounds/difficulty3_image3.png","response":5,"category":"Human","background_difficulty":"3","image_path":"images/Human/With_Backgrounds/difficulty3_image3.png","trial_type":"image-button-response","trial_index":16,"time_elapsed":28800,"internal_node_id":"0.0-2.0-0.14"},{"rt":687,"stimulus":"images/Human/With_Backgrounds/difficulty7_image4.png","response":5,"category":"Human","background_difficulty":"7","image_path":"images/Human/With_Backgrounds/difficulty7_image4.png","trial_type":"image-button-response","trial_index":17,"time_elapsed":29488,"internal_node_id":"0.0-2.0-0.15"},{"rt":936,"stimulus":"images/Human/With_Backgrounds/difficulty1_image1.png","response":5,"category":"Human","background_difficulty":"1","image_path":"images/Human/With_Backgrounds/difficulty1_image1.png","trial_type":"image-button-response","trial_index":18,"time_elapsed":30426,"internal_node_id":"0.0-2.0-0.16"},{"rt":1869,"stimulus":"images/Other/With_Backgrounds/difficulty7_image2.png","response":7,"category":"Other","background_difficulty":"7","image_path":"images/Other/With_Backgrounds/difficulty7_image2.png","trial_type":"image-button-response","trial_index":19,"time_elapsed":32296,"internal_node_id":"0.0-2.0-0.17"},{"rt":2517,"stimulus":"images/Other/With_Backgrounds/difficulty5_image4.png","response":7,"category":"Other","background_difficulty":"5","image_path":"images/Other/With_Backgrounds/difficulty5_image4.png","trial_type":"image-button-response","trial_index":20,"time_elapsed":34814,"internal_node_id":"0.0-2.0-0.18"},{"rt":1969,"stimulus":"images/Boat/With_Backgrounds/difficulty0_image9.png","response":0,"category":"Boat","background_difficulty":"0","image_path":"images/Boat/With_Backgrounds/difficulty0_image9.png","trial_type":"image-button-response","trial_index":21,"time_elapsed":36784,"internal_node_id":"0.0-2.0-0.19"},{"rt":1406,"stimulus":"images/Cat/With_Backgrounds/difficulty4_image8.png","response":3,"category":"Cat","background_difficulty":"4","image_path":"images/Cat/With_Backgrounds/difficulty4_image8.png","trial_type":"image-button-response","trial_index":22,"time_elapsed":38191,"internal_node_id":"0.0-2.0-0.20"},{"rt":819,"stimulus":"images/Cat/With_Backgrounds/difficulty2_image9.png","response":3,"category":"Cat","background_difficulty":"2","image_path":"images/Cat/With_Backgrounds/difficulty2_image9.png","trial_type":"image-button-response","trial_index":23,"time_elapsed":39012,"internal_node_id":"0.0-2.0-0.21"},{"rt":1510,"stimulus":"images/Car/With_Backgrounds/difficulty1_image3.png","response":2,"category":"Car","background_difficulty":"1","image_path":"images/Car/With_Backgrounds/difficulty1_image3.png","trial_type":"image-button-response","trial_index":24,"time_elapsed":40523,"internal_node_id":"0.0-2.0-0.22"},{"rt":1178,"stimulus":"images/Dog/With_Backgrounds/difficulty0_image2.png","response":4,"category":"Dog","background_difficulty":"0","image_path":"images/Dog/With_Backgrounds/difficulty0_image2.png","trial_type":"image-button-response","trial_index":25,"time_elapsed":41702,"internal_node_id":"0.0-2.0-0.23"},{"rt":1197,"stimulus":"images/Human/With_Backgrounds/difficulty2_image6.png","response":5,"category":"Human","background_difficulty":"2","image_path":"images/Human/With_Backgrounds/difficulty2_image6.png","trial_type":"image-button-response","trial_index":26,"time_elapsed":42900,"internal_node_id":"0.0-2.0-0.24"},{"rt":961,"stimulus":"images/Broccoli/With_Backgrounds/difficulty4_image4.png","response":1,"category":"Broccoli","background_difficulty":"4","image_path":"images/Broccoli/With_Backgrounds/difficulty4_image4.png","trial_type":"image-button-response","trial_index":27,"time_elapsed":43862,"internal_node_id":"0.0-2.0-0.25"},{"rt":1562,"stimulus":"images/Boat/With_Backgrounds/difficulty1_image8.png","response":0,"category":"Boat","background_difficulty":"1","image_path":"images/Boat/With_Backgrounds/difficulty1_image8.png","trial_type":"image-button-response","trial_index":28,"time_elapsed":45426,"internal_node_id":"0.0-2.0-0.26"},{"rt":959,"stimulus":"images/Dog/With_Backgrounds/difficulty2_image6.png","response":4,"category":"Dog","background_difficulty":"2","image_path":"images/Dog/With_Backgrounds/difficulty2_image6.png","trial_type":"image-button-response","trial_index":29,"time_elapsed":46386,"internal_node_id":"0.0-2.0-0.27"},{"rt":1681,"stimulus":"images/Tree/With_Backgrounds/difficulty3_image4.png","response":6,"category":"Tree","background_difficulty":"3","image_path":"images/Tree/With_Backgrounds/difficulty3_image4.png","trial_type":"image-button-response","trial_index":30,"time_elapsed":48068,"internal_node_id":"0.0-2.0-0.28"},{"rt":969,"stimulus":"images/Dog/With_Backgrounds/difficulty7_image5.png","response":4,"category":"Dog","background_difficulty":"7","image_path":"images/Dog/With_Backgrounds/difficulty7_image5.png","trial_type":"image-button-response","trial_index":31,"time_elapsed":49039,"internal_node_id":"0.0-2.0-0.29"},{"rt":929,"stimulus":"images/Tree/With_Backgrounds/difficulty8_image2.png","response":6,"category":"Tree","background_difficulty":"8","image_path":"images/Tree/With_Backgrounds/difficulty8_image2.png","trial_type":"image-button-response","trial_index":32,"time_elapsed":49968,"internal_node_id":"0.0-2.0-0.30"},{"rt":1259,"stimulus":"images/Tree/With_Backgrounds/difficulty7_image8.png","response":6,"category":"Tree","background_difficulty":"7","image_path":"images/Tree/With_Backgrounds/difficulty7_image8.png","trial_type":"image-button-response","trial_index":33,"time_elapsed":51228,"internal_node_id":"0.0-2.0-0.31"},{"rt":945,"stimulus":"images/Cat/With_Backgrounds/difficulty7_image1.png","response":3,"category":"Cat","background_difficulty":"7","image_path":"images/Cat/With_Backgrounds/difficulty7_image1.png","trial_type":"image-button-response","trial_index":34,"time_elapsed":52175,"internal_node_id":"0.0-2.0-0.32"},{"rt":2133,"stimulus":"images/Other/With_Backgrounds/difficulty2_image0.png","response":7,"category":"Other","background_difficulty":"2","image_path":"images/Other/With_Backgrounds/difficulty2_image0.png","trial_type":"image-button-response","trial_index":35,"time_elapsed":54308,"internal_node_id":"0.0-2.0-0.33"},{"rt":1194,"stimulus":"images/Human/With_Backgrounds/difficulty0_image9.png","response":5,"category":"Human","background_difficulty":"0","image_path":"images/Human/With_Backgrounds/difficulty0_image9.png","trial_type":"image-button-response","trial_index":36,"time_elapsed":55504,"internal_node_id":"0.0-2.0-0.34"},{"rt":1329,"stimulus":"images/Car/With_Backgrounds/difficulty6_image9.png","response":2,"category":"Car","background_difficulty":"6","image_path":"images/Car/With_Backgrounds/difficulty6_image9.png","trial_type":"image-button-response","trial_index":37,"time_elapsed":56834,"internal_node_id":"0.0-2.0-0.35"},{"rt":1624,"stimulus":"images/Boat/With_Backgrounds/difficulty7_image1.png","response":0,"category":"Boat","background_difficulty":"7","image_path":"images/Boat/With_Backgrounds/difficulty7_image1.png","trial_type":"image-button-response","trial_index":38,"time_elapsed":58459,"internal_node_id":"0.0-2.0-0.36"},{"rt":1368,"stimulus":"images/Other/With_Backgrounds/difficulty0_image7.png","response":7,"category":"Other","background_difficulty":"0","image_path":"images/Other/With_Backgrounds/difficulty0_image7.png","trial_type":"image-button-response","trial_index":39,"time_elapsed":59828,"internal_node_id":"0.0-2.0-0.37"},{"rt":1164,"stimulus":"images/Cat/With_Backgrounds/difficulty1_image2.png","response":3,"category":"Cat","background_difficulty":"1","image_path":"images/Cat/With_Backgrounds/difficulty1_image2.png","trial_type":"image-button-response","trial_index":40,"time_elapsed":60993,"internal_node_id":"0.0-2.0-0.38"},{"rt":1422,"stimulus":"images/Broccoli/With_Backgrounds/difficulty5_image7.png","response":1,"category":"Broccoli","background_difficulty":"5","image_path":"images/Broccoli/With_Backgrounds/difficulty5_image7.png","trial_type":"image-button-response","trial_index":41,"time_elapsed":62416,"internal_node_id":"0.0-2.0-0.39"},{"rt":1696,"stimulus":"images/Dog/With_Backgrounds/difficulty3_image1.png","response":4,"category":"Dog","background_difficulty":"3","image_path":"images/Dog/With_Backgrounds/difficulty3_image1.png","trial_type":"image-button-response","trial_index":42,"time_elapsed":64114,"internal_node_id":"0.0-2.0-0.40"},{"rt":1085,"stimulus":"images/Car/With_Backgrounds/difficulty7_image1.png","response":2,"category":"Car","background_difficulty":"7","image_path":"images/Car/With_Backgrounds/difficulty7_image1.png","trial_type":"image-button-response","trial_index":43,"time_elapsed":65200,"internal_node_id":"0.0-2.0-0.41"},{"rt":1358,"stimulus":"images/Broccoli/With_Backgrounds/difficulty3_image8.png","response":1,"category":"Broccoli","background_difficulty":"3","image_path":"images/Broccoli/With_Backgrounds/difficulty3_image8.png","trial_type":"image-button-response","trial_index":44,"time_elapsed":66560,"internal_node_id":"0.0-2.0-0.42"},{"rt":1133,"stimulus":"images/Tree/With_Backgrounds/difficulty5_image7.png","response":6,"category":"Tree","background_difficulty":"5","image_path":"images/Tree/With_Backgrounds/difficulty5_image7.png","trial_type":"image-button-response","trial_index":45,"time_elapsed":67694,"internal_node_id":"0.0-2.0-0.43"},{"rt":1657,"stimulus":"images/Boat/With_Backgrounds/difficulty2_image7.png","response":0,"category":"Boat","background_difficulty":"2","image_path":"images/Boat/With_Backgrounds/difficulty2_image7.png","trial_type":"image-button-response","trial_index":46,"time_elapsed":69352,"internal_node_id":"0.0-2.0-0.44"},{"rt":1404,"stimulus":"images/Car/With_Backgrounds/difficulty5_image0.png","response":2,"category":"Car","background_difficulty":"5","image_path":"images/Car/With_Backgrounds/difficulty5_image0.png","trial_type":"image-button-response","trial_index":47,"time_elapsed":70758,"internal_node_id":"0.0-2.0-0.45"},{"rt":2152,"stimulus":"images/Boat/With_Backgrounds/difficulty6_image4.png","response":0,"category":"Boat","background_difficulty":"6","image_path":"images/Boat/With_Backgrounds/difficulty6_image4.png","trial_type":"image-button-response","trial_index":48,"time_elapsed":72911,"internal_node_id":"0.0-2.0-0.46"},{"rt":1577,"stimulus":"images/Dog/With_Backgrounds/difficulty6_image4.png","response":4,"category":"Dog","background_difficulty":"6","image_path":"images/Dog/With_Backgrounds/difficulty6_image4.png","trial_type":"image-button-response","trial_index":49,"time_elapsed":74488,"internal_node_id":"0.0-2.0-0.47"},{"rt":1539,"stimulus":"images/Car/With_Backgrounds/difficulty2_image6.png","response":2,"category":"Car","background_difficulty":"2","image_path":"images/Car/With_Backgrounds/difficulty2_image6.png","trial_type":"image-button-response","trial_index":50,"time_elapsed":76029,"internal_node_id":"0.0-2.0-0.48"},{"rt":1054,"stimulus":"images/Cat/With_Backgrounds/difficulty5_image4.png","response":3,"category":"Cat","background_difficulty":"5","image_path":"images/Cat/With_Backgrounds/difficulty5_image4.png","trial_type":"image-button-response","trial_index":51,"time_elapsed":77084,"internal_node_id":"0.0-2.0-0.49"},{"rt":1751,"stimulus":"images/Broccoli/With_Backgrounds/difficulty8_image6.png","response":1,"category":"Broccoli","background_difficulty":"8","image_path":"images/Broccoli/With_Backgrounds/difficulty8_image6.png","trial_type":"image-button-response","trial_index":52,"time_elapsed":78836,"internal_node_id":"0.0-2.0-0.50"},{"rt":1015,"stimulus":"images/Other/With_Backgrounds/difficulty8_image5.png","response":7,"category":"Other","background_difficulty":"8","image_path":"images/Other/With_Backgrounds/difficulty8_image5.png","trial_type":"image-button-response","trial_index":53,"time_elapsed":79852,"internal_node_id":"0.0-2.0-0.51"},{"rt":984,"stimulus":"images/Tree/With_Backgrounds/difficulty2_image1.png","response":6,"category":"Tree","background_difficulty":"2","image_path":"images/Tree/With_Backgrounds/difficulty2_image1.png","trial_type":"image-button-response","trial_index":54,"time_elapsed":80838,"internal_node_id":"0.0-2.0-0.52"},{"rt":1491,"stimulus":"images/Boat/With_Backgrounds/difficulty8_image5.png","response":0,"category":"Boat","background_difficulty":"8","image_path":"images/Boat/With_Backgrounds/difficulty8_image5.png","trial_type":"image-button-response","trial_index":55,"time_elapsed":82330,"internal_node_id":"0.0-2.0-0.53"},{"rt":1656,"stimulus":"images/Cat/With_Backgrounds/difficulty0_image3.png","response":3,"category":"Cat","background_difficulty":"0","image_path":"images/Cat/With_Backgrounds/difficulty0_image3.png","trial_type":"image-button-response","trial_index":56,"time_elapsed":83988,"internal_node_id":"0.0-2.0-0.54"},{"rt":1267,"stimulus":"images/Other/With_Backgrounds/difficulty4_image3.png","response":7,"category":"Other","background_difficulty":"4","image_path":"images/Other/With_Backgrounds/difficulty4_image3.png","trial_type":"image-button-response","trial_index":57,"time_elapsed":85256,"internal_node_id":"0.0-2.0-0.55"},{"rt":1483,"stimulus":"images/Car/With_Backgrounds/difficulty8_image8.png","response":2,"category":"Car","background_difficulty":"8","image_path":"images/Car/With_Backgrounds/difficulty8_image8.png","trial_type":"image-button-response","trial_index":58,"time_elapsed":86740,"internal_node_id":"0.0-2.0-0.56"},{"rt":1157,"stimulus":"images/Human/With_Backgrounds/difficulty5_image0.png","response":5,"category":"Human","background_difficulty":"5","image_path":"images/Human/With_Backgrounds/difficulty5_image0.png","trial_type":"image-button-response","trial_index":59,"time_elapsed":87899,"internal_node_id":"0.0-2.0-0.57"},{"rt":2001,"stimulus":"images/Tree/With_Backgrounds/difficulty0_image6.png","response":6,"category":"Tree","background_difficulty":"0","image_path":"images/Tree/With_Backgrounds/difficulty0_image6.png","trial_type":"image-button-response","trial_index":60,"time_elapsed":89901,"internal_node_id":"0.0-2.0-0.58"},{"rt":1273,"stimulus":"images/Broccoli/With_Backgrounds/difficulty1_image9.png","response":1,"category":"Broccoli","background_difficulty":"1","image_path":"images/Broccoli/With_Backgrounds/difficulty1_image9.png","trial_type":"image-button-response","trial_index":61,"time_elapsed":91175,"internal_node_id":"0.0-2.0-0.59"},{"rt":1219,"stimulus":"images/Dog/With_Backgrounds/difficulty5_image9.png","response":4,"category":"Dog","background_difficulty":"5","image_path":"images/Dog/With_Backgrounds/difficulty5_image9.png","trial_type":"image-button-response","trial_index":62,"time_elapsed":92395,"internal_node_id":"0.0-2.0-0.60"},{"rt":2313,"stimulus":"images/Car/With_Backgrounds/difficulty4_image2.png","response":2,"category":"Car","background_difficulty":"4","image_path":"images/Car/With_Backgrounds/difficulty4_image2.png","trial_type":"image-button-response","trial_index":63,"time_elapsed":94709,"internal_node_id":"0.0-2.0-0.61"},{"rt":2110,"stimulus":"images/Broccoli/With_Backgrounds/difficulty7_image0.png","response":1,"category":"Broccoli","background_difficulty":"7","image_path":"images/Broccoli/With_Backgrounds/difficulty7_image0.png","trial_type":"image-button-response","trial_index":64,"time_elapsed":96821,"internal_node_id":"0.0-2.0-0.62"},{"rt":937,"stimulus":"images/Human/With_Backgrounds/difficulty6_image8.png","response":5,"category":"Human","background_difficulty":"6","image_path":"images/Human/With_Backgrounds/difficulty6_image8.png","trial_type":"image-button-response","trial_index":65,"time_elapsed":97759,"internal_node_id":"0.0-2.0-0.63"},{"rt":1805,"stimulus":"images/Other/With_Backgrounds/difficulty6_image1.png","response":7,"category":"Other","background_difficulty":"6","image_path":"images/Other/With_Backgrounds/difficulty6_image1.png","trial_type":"image-button-response","trial_index":66,"time_elapsed":99565,"internal_node_id":"0.0-2.0-0.64"},{"rt":1265,"stimulus":"images/Tree/With_Backgrounds/difficulty6_image3.png","response":6,"category":"Tree","background_difficulty":"6","image_path":"images/Tree/With_Backgrounds/difficulty6_image3.png","trial_type":"image-button-response","trial_index":67,"time_elapsed":100831,"internal_node_id":"0.0-2.0-0.65"},{"rt":985,"stimulus":"images/Broccoli/With_Backgrounds/difficulty2_image1.png","response":1,"category":"Broccoli","background_difficulty":"2","image_path":"images/Broccoli/With_Backgrounds/difficulty2_image1.png","trial_type":"image-button-response","trial_index":68,"time_elapsed":101817,"internal_node_id":"0.0-2.0-0.66"},{"rt":1437,"stimulus":"images/Cat/With_Backgrounds/difficulty3_image5.png","response":3,"category":"Cat","background_difficulty":"3","image_path":"images/Cat/With_Backgrounds/difficulty3_image5.png","trial_type":"image-button-response","trial_index":69,"time_elapsed":103255,"internal_node_id":"0.0-2.0-0.67"},{"rt":1109,"stimulus":"images/Tree/With_Backgrounds/difficulty4_image5.png","response":6,"category":"Tree","background_difficulty":"4","image_path":"images/Tree/With_Backgrounds/difficulty4_image5.png","trial_type":"image-button-response","trial_index":70,"time_elapsed":104365,"internal_node_id":"0.0-2.0-0.68"},{"rt":1273,"stimulus":"images/Boat/With_Backgrounds/difficulty3_image0.png","response":0,"category":"Boat","background_difficulty":"3","image_path":"images/Boat/With_Backgrounds/difficulty3_image0.png","trial_type":"image-button-response","trial_index":71,"time_elapsed":105639,"internal_node_id":"0.0-2.0-0.69"},{"rt":1869,"stimulus":"images/Tree/With_Backgrounds/difficulty1_image0.png","response":6,"category":"Tree","background_difficulty":"1","image_path":"images/Tree/With_Backgrounds/difficulty1_image0.png","trial_type":"image-button-response","trial_index":72,"time_elapsed":107509,"internal_node_id":"0.0-2.0-0.70"},{"rt":2421,"stimulus":"images/Boat/With_Backgrounds/difficulty4_image6.png","response":0,"category":"Boat","background_difficulty":"4","image_path":"images/Boat/With_Backgrounds/difficulty4_image6.png","trial_type":"image-button-response","trial_index":73,"time_elapsed":109931,"internal_node_id":"0.0-2.0-0.71"},{"rt":1321,"stimulus":["<h2>Press the button below to end experiment.</h2><p>Thank you for participating!</p>"],"response":0,"trial_type":"html-button-response","trial_index":74,"time_elapsed":111253,"internal_node_id":"0.0-3.0"}]