[{"success":true,"timeout":false,"failed_images":[],"failed_audio":[],"failed_video":[],"trial_type":"preload","trial_index":0,"time_elapsed":1132,"internal_node_id":"0.0-0.0"},{"rt":18669,"stimulus":["<h2>Noisy background image classification</h2><p>In this experiment you will briefly see images on top of colored squares of various sizes.</p><p>Your task is to report what each image is, selecting \"None of the Above\" if none of the given options are correct.</p> <p>The possible options are <strong>Boat</strong>, <strong>Broccoli</strong>, <strong>Car</strong>, <strong>Cat</strong>, <strong>Dog</strong>, <strong>Human</strong>, <strong>Tree</strong>, and <strong>None of the Above</strong>"],"response":0,"trial_type":"html-button-response","trial_index":1,"time_elapsed":19805,"internal_node_id":"0.0-1.0"},{"rt":7495,"stimulus":"images/Other/With_Backgrounds/difficulty7_image3.png","response":7,"category":"Other","background_difficulty":"7","image_path":"images/Other/With_Backgrounds/difficulty7_image3.png","trial_type":"image-button-response","trial_index":2,"time_elapsed":27303,"internal_node_id":"0.0-2.0-0.0"},{"rt":1660,"stimulus":"images/Human/With_Backgrounds/difficulty8_image8.png","response":5,"category":"Human","background_difficulty":"8","image_path":"images/Human/With_Backgrounds/difficulty8_image8.png","trial_type":"image-button-response","trial_index":3,"time_elapsed":28968,"internal_node_id":"0.0-2.0-0.1"},{"rt":1583,"stimulus":"images/Car/With_Backgrounds/difficulty5_image1.png","response":2,"category":"Car","background_difficulty":"5","image_path":"images/Car/With_Backgrounds/difficulty5_image1.png","trial_type":"image-button-response","trial_index":4,"time_elapsed":30553,"internal_node_id":"0.0-2.0-0.2"},{"rt":5091,"stimulus":"images/Other/With_Backgrounds/difficulty3_image2.png","response":7,"category":"Other","background_difficulty":"3","image_path":"images/Other/With_Backgrounds/difficulty3_image2.png","trial_type":"image-button-response","trial_index":5,"time_elapsed":35657,"internal_node_id":"0.0-2.0-0.3"},{"rt":1416,"stimulus":"images/Dog/With_Backgrounds/difficulty7_image6.png","response":4,"category":"Dog","background_difficulty":"7","image_path":"images/Dog/With_Backgrounds/difficulty7_image6.png","trial_type":"image-button-response","trial_index":6,"time_elapsed":37076,"internal_node_id":"0.0-2.0-0.4"},{"rt":1802,"stimulus":"images/Car/With_Backgrounds/difficulty6_image2.png","response":2,"category":"Car","background_difficulty":"6","image_path":"images/Car/With_Backgrounds/difficulty6_image2.png","trial_type":"image-button-response","trial_index":7,"time_elapsed":38881,"internal_node_id":"0.0-2.0-0.5"},{"rt":1541,"stimulus":"images/Broccoli/With_Backgrounds/difficulty0_image9.png","response":1,"category":"Broccoli","background_difficulty":"0","image_path":"images/Broccoli/With_Backgrounds/difficulty0_image9.png","trial_type":"image-button-response","trial_index":8,"time_elapsed":40426,"internal_node_id":"0.0-2.0-0.6"},{"rt":1056,"stimulus":"images/Broccoli/With_Backgrounds/difficulty7_image0.png","response":1,"category":"Broccoli","background_difficulty":"7","image_path":"images/Broccoli/With_Backgrounds/difficulty7_image0.png","trial_type":"image-button-response","trial_index":9,"time_elapsed":41486,"internal_node_id":"0.0-2.0-0.7"},{"rt":1297,"stimulus":"images/Boat/With_Backgrounds/difficulty1_image8.png","response":0,"category":"Boat","background_difficulty":"1","image_path":"images/Boat/With_Backgrounds/difficulty1_image8.png","trial_type":"image-button-response","trial_index":10,"time_elapsed":42786,"internal_node_id":"0.0-2.0-0.8"},{"rt":1211,"stimulus":"images/Broccoli/With_Backgrounds/difficulty6_image6.png","response":1,"category":"Broccoli","background_difficulty":"6","image_path":"images/Broccoli/With_Backgrounds/difficulty6_image6.png","trial_type":"image-button-response","trial_index":11,"time_elapsed":44000,"internal_node_id":"0.0-2.0-0.9"},{"rt":1484,"stimulus":"images/Broccoli/With_Backgrounds/difficulty1_image5.png","response":1,"category":"Broccoli","background_difficulty":"1","image_path":"images/Broccoli/With_Backgrounds/difficulty1_image5.png","trial_type":"image-button-response","trial_index":12,"time_elapsed":45488,"internal_node_id":"0.0-2.0-0.10"},{"rt":2198,"stimulus":"images/Dog/With_Backgrounds/difficulty5_image4.png","response":4,"category":"Dog","background_difficulty":"5","image_path":"images/Dog/With_Backgrounds/difficulty5_image4.png","trial_type":"image-button-response","trial_index":13,"time_elapsed":47690,"internal_node_id":"0.0-2.0-0.11"},{"rt":1460,"stimulus":"images/Cat/With_Backgrounds/difficulty0_image8.png","response":3,"category":"Cat","background_difficulty":"0","image_path":"images/Cat/With_Backgrounds/difficulty0_image8.png","trial_type":"image-button-response","trial_index":14,"time_elapsed":49152,"internal_node_id":"0.0-2.0-0.12"},{"rt":2207,"stimulus":"images/Other/With_Backgrounds/difficulty0_image7.png","response":7,"category":"Other","background_difficulty":"0","image_path":"images/Other/With_Backgrounds/difficulty0_image7.png","trial_type":"image-button-response","trial_index":15,"time_elapsed":51362,"internal_node_id":"0.0-2.0-0.13"},{"rt":1814,"stimulus":"images/Human/With_Backgrounds/difficulty1_image9.png","response":5,"category":"Human","background_difficulty":"1","image_path":"images/Human/With_Backgrounds/difficulty1_image9.png","trial_type":"image-button-response","trial_index":16,"time_elapsed":53179,"internal_node_id":"0.0-2.0-0.14"},{"rt":1653,"stimulus":"images/Car/With_Backgrounds/difficulty0_image9.png","response":2,"category":"Car","background_difficulty":"0","image_path":"images/Car/With_Backgrounds/difficulty0_image9.png","trial_type":"image-button-response","trial_index":17,"time_elapsed":54837,"internal_node_id":"0.0-2.0-0.15"},{"rt":1873,"stimulus":"images/Cat/With_Backgrounds/difficulty1_image0.png","response":3,"category":"Cat","background_difficulty":"1","image_path":"images/Cat/With_Backgrounds/difficulty1_image0.png","trial_type":"image-button-response","trial_index":18,"time_elapsed":56714,"internal_node_id":"0.0-2.0-0.16"},{"rt":2235,"stimulus":"images/Dog/With_Backgrounds/difficulty6_image1.png","response":4,"category":"Dog","background_difficulty":"6","image_path":"images/Dog/With_Backgrounds/difficulty6_image1.png","trial_type":"image-button-response","trial_index":19,"time_elapsed":58953,"internal_node_id":"0.0-2.0-0.17"},{"rt":1219,"stimulus":"images/Human/With_Backgrounds/difficulty0_image3.png","response":5,"category":"Human","background_difficulty":"0","image_path":"images/Human/With_Backgrounds/difficulty0_image3.png","trial_type":"image-button-response","trial_index":20,"time_elapsed":60176,"internal_node_id":"0.0-2.0-0.18"},{"rt":1460,"stimulus":"images/Dog/With_Backgrounds/difficulty2_image3.png","response":4,"category":"Dog","background_difficulty":"2","image_path":"images/Dog/With_Backgrounds/difficulty2_image3.png","trial_type":"image-button-response","trial_index":21,"time_elapsed":61639,"internal_node_id":"0.0-2.0-0.19"},{"rt":1130,"stimulus":"images/Dog/With_Backgrounds/difficulty8_image8.png","response":4,"category":"Dog","background_difficulty":"8","image_path":"images/Dog/With_Backgrounds/difficulty8_image8.png","trial_type":"image-button-response","trial_index":22,"time_elapsed":62772,"internal_node_id":"0.0-2.0-0.20"},{"rt":1225,"stimulus":"images/Car/With_Backgrounds/difficulty2_image0.png","response":2,"category":"Car","background_difficulty":"2","image_path":"images/Car/With_Backgrounds/difficulty2_image0.png","trial_type":"image-button-response","trial_index":23,"time_elapsed":64000,"internal_node_id":"0.0-2.0-0.21"},{"rt":1218,"stimulus":"images/Cat/With_Backgrounds/difficulty6_image5.png","response":3,"category":"Cat","background_difficulty":"6","image_path":"images/Cat/With_Backgrounds/difficulty6_image5.png","trial_type":"image-button-response","trial_index":24,"time_elapsed":65222,"internal_node_id":"0.0-2.0-0.22"},{"rt":1291,"stimulus":"images/Human/With_Backgrounds/difficulty7_image4.png","response":5,"category":"Human","background_difficulty":"7","image_path":"images/Human/With_Backgrounds/difficulty7_image4.png","trial_type":"image-button-response","trial_index":25,"time_elapsed":66515,"internal_node_id":"0.0-2.0-0.23"},{"rt":1793,"stimulus":"images/Car/With_Backgrounds/difficulty4_image4.png","response":2,"category":"Car","background_difficulty":"4","image_path":"images/Car/With_Backgrounds/difficulty4_image4.png","trial_type":"image-button-response","trial_index":26,"time_elapsed":68311,"internal_node_id":"0.0-2.0-0.24"},{"rt":1903,"stimulus":"images/Tree/With_Backgrounds/difficulty5_image7.png","response":6,"category":"Tree","background_difficulty":"5","image_path":"images/Tree/With_Backgrounds/difficulty5_image7.png","trial_type":"image-button-response","trial_index":27,"time_elapsed":70219,"internal_node_id":"0.0-2.0-0.25"},{"rt":2034,"stimulus":"images/Other/With_Backgrounds/difficulty8_image1.png","response":7,"category":"Other","background_difficulty":"8","image_path":"images/Other/With_Backgrounds/difficulty8_image1.png","trial_type":"image-button-response","trial_index":28,"time_elapsed":72257,"internal_node_id":"0.0-2.0-0.26"},{"rt":1162,"stimulus":"images/Human/With_Backgrounds/difficulty2_image1.png","response":5,"category":"Human","background_difficulty":"2","image_path":"images/Human/With_Backgrounds/difficulty2_image1.png","trial_type":"image-button-response","trial_index":29,"time_elapsed":73421,"internal_node_id":"0.0-2.0-0.27"},{"rt":2433,"stimulus":"images/Car/With_Backgrounds/difficulty1_image8.png","response":2,"category":"Car","background_difficulty":"1","image_path":"images/Car/With_Backgrounds/difficulty1_image8.png","trial_type":"image-button-response","trial_index":30,"time_elapsed":75857,"internal_node_id":"0.0-2.0-0.28"},{"rt":1701,"stimulus":"images/Broccoli/With_Backgrounds/difficulty2_image1.png","response":1,"category":"Broccoli","background_difficulty":"2","image_path":"images/Broccoli/With_Backgrounds/difficulty2_image1.png","trial_type":"image-button-response","trial_index":31,"time_elapsed":77561,"internal_node_id":"0.0-2.0-0.29"},{"rt":1493,"stimulus":"images/Car/With_Backgrounds/difficulty7_image6.png","response":2,"category":"Car","background_difficulty":"7","image_path":"images/Car/With_Backgrounds/difficulty7_image6.png","trial_type":"image-button-response","trial_index":32,"time_elapsed":79058,"internal_node_id":"0.0-2.0-0.30"},{"rt":1338,"stimulus":"images/Tree/With_Backgrounds/difficulty2_image4.png","response":6,"category":"Tree","background_difficulty":"2","image_path":"images/Tree/With_Backgrounds/difficulty2_image4.png","trial_type":"image-button-response","trial_index":33,"time_elapsed":80400,"internal_node_id":"0.0-2.0-0.31"},{"rt":1145,"stimulus":"images/Tree/With_Backgrounds/difficulty7_image2.png","response":6,"category":"Tree","background_difficulty":"7","image_path":"images/Tree/With_Backgrounds/difficulty7_image2.png","trial_type":"image-button-response","trial_index":34,"time_elapsed":81550,"internal_node_id":"0.0-2.0-0.32"},{"rt":1224,"stimulus":"images/Other/With_Backgrounds/difficulty1_image5.png","response":7,"category":"Other","background_difficulty":"1","image_path":"images/Other/With_Backgrounds/difficulty1_image5.png","trial_type":"image-button-response","trial_index":35,"time_elapsed":82777,"internal_node_id":"0.0-2.0-0.33"},{"rt":1610,"stimulus":"images/Broccoli/With_Backgrounds/difficulty5_image3.png","response":1,"category":"Broccoli","background_difficulty":"5","image_path":"images/Broccoli/With_Backgrounds/difficulty5_image3.png","trial_type":"image-button-response","trial_index":36,"time_elapsed":84390,"internal_node_id":"0.0-2.0-0.34"},{"rt":1144,"stimulus":"images/Boat/With_Backgrounds/difficulty0_image3.png","response":0,"category":"Boat","background_difficulty":"0","image_path":"images/Boat/With_Backgrounds/difficulty0_image3.png","trial_type":"image-button-response","trial_index":37,"time_elapsed":85536,"internal_node_id":"0.0-2.0-0.35"},{"rt":1405,"stimulus":"images/Tree/With_Backgrounds/difficulty1_image6.png","response":6,"category":"Tree","background_difficulty":"1","image_path":"images/Tree/With_Backgrounds/difficulty1_image6.png","trial_type":"image-button-response","trial_index":38,"time_elapsed":86943,"internal_node_id":"0.0-2.0-0.36"},{"rt":1558,"stimulus":"images/Boat/With_Backgrounds/difficulty4_image2.png","response":0,"category":"Boat","background_difficulty":"4","image_path":"images/Boat/With_Backgrounds/difficulty4_image2.png","trial_type":"image-button-response","trial_index":39,"time_elapsed":88504,"internal_node_id":"0.0-2.0-0.37"},{"rt":1419,"stimulus":"images/Human/With_Backgrounds/difficulty6_image6.png","response":5,"category":"Human","background_difficulty":"6","image_path":"images/Human/With_Backgrounds/difficulty6_image6.png","trial_type":"image-button-response","trial_index":40,"time_elapsed":89926,"internal_node_id":"0.0-2.0-0.38"},{"rt":1705,"stimulus":"images/Boat/With_Backgrounds/difficulty6_image4.png","response":0,"category":"Boat","background_difficulty":"6","image_path":"images/Boat/With_Backgrounds/difficulty6_image4.png","trial_type":"image-button-response","trial_index":41,"time_elapsed":91633,"internal_node_id":"0.0-2.0-0.39"},{"rt":1066,"stimulus":"images/Boat/With_Backgrounds/difficulty8_image0.png","response":0,"category":"Boat","background_difficulty":"8","image_path":"images/Boat/With_Backgrounds/difficulty8_image0.png","trial_type":"image-button-response","trial_index":42,"time_elapsed":92701,"internal_node_id":"0.0-2.0-0.40"},{"rt":1089,"stimulus":"images/Boat/With_Backgrounds/difficulty2_image7.png","response":0,"category":"Boat","background_difficulty":"2","image_path":"images/Boat/With_Backgrounds/difficulty2_image7.png","trial_type":"image-button-response","trial_index":43,"time_elapsed":93793,"internal_node_id":"0.0-2.0-0.41"},{"rt":1429,"stimulus":"images/Other/With_Backgrounds/difficulty2_image6.png","response":7,"category":"Other","background_difficulty":"2","image_path":"images/Other/With_Backgrounds/difficulty2_image6.png","trial_type":"image-button-response","trial_index":44,"time_elapsed":95226,"internal_node_id":"0.0-2.0-0.42"},{"rt":1419,"stimulus":"images/Dog/With_Backgrounds/difficulty0_image7.png","response":4,"category":"Dog","background_difficulty":"0","image_path":"images/Dog/With_Backgrounds/difficulty0_image7.png","trial_type":"image-button-response","trial_index":45,"time_elapsed":96648,"internal_node_id":"0.0-2.0-0.43"},{"rt":1282,"stimulus":"images/Cat/With_Backgrounds/difficulty8_image7.png","response":3,"category":"Cat","background_difficulty":"8","image_path":"images/Cat/With_Backgrounds/difficulty8_image7.png","trial_type":"image-button-response","trial_index":46,"time_elapsed":97933,"internal_node_id":"0.0-2.0-0.44"},{"rt":1519,"stimulus":"images/Boat/With_Backgrounds/difficulty5_image9.png","response":0,"category":"Boat","background_difficulty":"5","image_path":"images/Boat/With_Backgrounds/difficulty5_image9.png","trial_type":"image-button-response","trial_index":47,"time_elapsed":99454,"internal_node_id":"0.0-2.0-0.45"},{"rt":1453,"stimulus":"images/Tree/With_Backgrounds/difficulty0_image9.png","response":6,"category":"Tree","background_difficulty":"0","image_path":"images/Tree/With_Backgrounds/difficulty0_image9.png","trial_type":"image-button-response","trial_index":48,"time_elapsed":100908,"internal_node_id":"0.0-2.0-0.46"},{"rt":1826,"stimulus":"images/Dog/With_Backgrounds/difficulty4_image5.png","response":4,"category":"Dog","background_difficulty":"4","image_path":"images/Dog/With_Backgrounds/difficulty4_image5.png","trial_type":"image-button-response","trial_index":49,"time_elapsed":102737,"internal_node_id":"0.0-2.0-0.47"},{"rt":990,"stimulus":"images/Dog/With_Backgrounds/difficulty1_image2.png","response":4,"category":"Dog","background_difficulty":"1","image_path":"images/Dog/With_Backgrounds/difficulty1_image2.png","trial_type":"image-button-response","trial_index":50,"time_elapsed":103731,"internal_node_id":"0.0-2.0-0.48"},{"rt":1155,"stimulus":"images/Human/With_Backgrounds/difficulty5_image2.png","response":5,"category":"Human","background_difficulty":"5","image_path":"images/Human/With_Backgrounds/difficulty5_image2.png","trial_type":"image-button-response","trial_index":51,"time_elapsed":104888,"internal_node_id":"0.0-2.0-0.49"},{"rt":1074,"stimulus":"images/Dog/With_Backgrounds/difficulty3_image0.png","response":4,"category":"Dog","background_difficulty":"3","image_path":"images/Dog/With_Backgrounds/difficulty3_image0.png","trial_type":"image-button-response","trial_index":52,"time_elapsed":105964,"internal_node_id":"0.0-2.0-0.50"},{"rt":1439,"stimulus":"images/Tree/With_Backgrounds/difficulty6_image1.png","response":6,"category":"Tree","background_difficulty":"6","image_path":"images/Tree/With_Backgrounds/difficulty6_image1.png","trial_type":"image-button-response","trial_index":53,"time_elapsed":107406,"internal_node_id":"0.0-2.0-0.51"},{"rt":1409,"stimulus":"images/Cat/With_Backgrounds/difficulty3_image3.png","response":3,"category":"Cat","background_difficulty":"3","image_path":"images/Cat/With_Backgrounds/difficulty3_image3.png","trial_type":"image-button-response","trial_index":54,"time_elapsed":108819,"internal_node_id":"0.0-2.0-0.52"},{"rt":1518,"stimulus":"images/Car/With_Backgrounds/difficulty3_image5.png","response":2,"category":"Car","background_difficulty":"3","image_path":"images/Car/With_Backgrounds/difficulty3_image5.png","trial_type":"image-button-response","trial_index":55,"time_elapsed":110339,"internal_node_id":"0.0-2.0-0.53"},{"rt":1121,"stimulus":"images/Cat/With_Backgrounds/difficulty2_image2.png","response":3,"category":"Cat","background_difficulty":"2","image_path":"images/Cat/With_Backgrounds/difficulty2_image2.png","trial_type":"image-button-response","trial_index":56,"time_elapsed":111463,"internal_node_id":"0.0-2.0-0.54"},{"rt":1087,"stimulus":"images/Car/With_Backgrounds/difficulty8_image7.png","response":2,"category":"Car","background_difficulty":"8","image_path":"images/Car/With_Backgrounds/difficulty8_image7.png","trial_type":"image-button-response","trial_index":57,"time_elapsed":112554,"internal_node_id":"0.0-2.0-0.55"},{"rt":1277,"stimulus":"images/Human/With_Backgrounds/difficulty4_image7.png","response":5,"category":"Human","background_difficulty":"4","image_path":"images/Human/With_Backgrounds/difficulty4_image7.png","trial_type":"image-button-response","trial_index":58,"time_elapsed":113833,"internal_node_id":"0.0-2.0-0.56"},{"rt":1241,"stimulus":"images/Broccoli/With_Backgrounds/difficulty3_image2.png","response":1,"category":"Broccoli","background_difficulty":"3","image_path":"images/Broccoli/With_Backgrounds/difficulty3_image2.png","trial_type":"image-button-response","trial_index":59,"time_elapsed":115078,"internal_node_id":"0.0-2.0-0.57"},{"rt":2704,"stimulus":"images/Tree/With_Backgrounds/difficulty8_image5.png","response":6,"category":"Tree","background_difficulty":"8","image_path":"images/Tree/With_Backgrounds/difficulty8_image5.png","trial_type":"image-button-response","trial_index":60,"time_elapsed":117787,"internal_node_id":"0.0-2.0-0.58"},{"rt":1319,"stimulus":"images/Broccoli/With_Backgrounds/difficulty8_image4.png","response":1,"category":"Broccoli","background_difficulty":"8","image_path":"images/Broccoli/With_Backgrounds/difficulty8_image4.png","trial_type":"image-button-response","trial_index":61,"time_elapsed":119109,"internal_node_id":"0.0-2.0-0.59"},{"rt":1998,"stimulus":"images/Human/With_Backgrounds/difficulty3_image0.png","response":5,"category":"Human","background_difficulty":"3","image_path":"images/Human/With_Backgrounds/difficulty3_image0.png","trial_type":"image-button-response","trial_index":62,"time_elapsed":121110,"internal_node_id":"0.0-2.0-0.60"},{"rt":1430,"stimulus":"images/Cat/With_Backgrounds/difficulty5_image9.png","response":3,"category":"Cat","background_difficulty":"5","image_path":"images/Cat/With_Backgrounds/difficulty5_image9.png","trial_type":"image-button-response","trial_index":63,"time_elapsed":122548,"internal_node_id":"0.0-2.0-0.61"},{"rt":1706,"stimulus":"images/Other/With_Backgrounds/difficulty5_image0.png","response":7,"category":"Other","background_difficulty":"5","image_path":"images/Other/With_Backgrounds/difficulty5_image0.png","trial_type":"image-button-response","trial_index":64,"time_elapsed":124257,"internal_node_id":"0.0-2.0-0.62"},{"rt":1412,"stimulus":"images/Cat/With_Backgrounds/difficulty4_image4.png","response":3,"category":"Cat","background_difficulty":"4","image_path":"images/Cat/With_Backgrounds/difficulty4_image4.png","trial_type":"image-button-response","trial_index":65,"time_elapsed":125672,"internal_node_id":"0.0-2.0-0.63"},{"rt":1031,"stimulus":"images/Cat/With_Backgrounds/difficulty7_image1.png","response":3,"category":"Cat","background_difficulty":"7","image_path":"images/Cat/With_Backgrounds/difficulty7_image1.png","trial_type":"image-button-response","trial_index":66,"time_elapsed":126707,"internal_node_id":"0.0-2.0-0.64"},{"rt":2474,"stimulus":"images/Other/With_Backgrounds/difficulty6_image9.png","response":7,"category":"Other","background_difficulty":"6","image_path":"images/Other/With_Backgrounds/difficulty6_image9.png","trial_type":"image-button-response","trial_index":67,"time_elapsed":129185,"internal_node_id":"0.0-2.0-0.65"},{"rt":1602,"stimulus":"images/Boat/With_Backgrounds/difficulty3_image6.png","response":0,"category":"Boat","background_difficulty":"3","image_path":"images/Boat/With_Backgrounds/difficulty3_image6.png","trial_type":"image-button-response","trial_index":68,"time_elapsed":130789,"internal_node_id":"0.0-2.0-0.66"},{"rt":1041,"stimulus":"images/Boat/With_Backgrounds/difficulty7_image5.png","response":0,"category":"Boat","background_difficulty":"7","image_path":"images/Boat/With_Backgrounds/difficulty7_image5.png","trial_type":"image-button-response","trial_index":69,"time_elapsed":131834,"internal_node_id":"0.0-2.0-0.67"},{"rt":1488,"stimulus":"images/Other/With_Backgrounds/difficulty4_image4.png","response":7,"category":"Other","background_difficulty":"4","image_path":"images/Other/With_Backgrounds/difficulty4_image4.png","trial_type":"image-button-response","trial_index":70,"time_elapsed":133324,"internal_node_id":"0.0-2.0-0.68"},{"rt":1491,"stimulus":"images/Tree/With_Backgrounds/difficulty3_image3.png","response":6,"category":"Tree","background_difficulty":"3","image_path":"images/Tree/With_Backgrounds/difficulty3_image3.png","trial_type":"image-button-response","trial_index":71,"time_elapsed":134819,"internal_node_id":"0.0-2.0-0.69"},{"rt":934,"stimulus":"images/Tree/With_Backgrounds/difficulty4_image0.png","response":6,"category":"Tree","background_difficulty":"4","image_path":"images/Tree/With_Backgrounds/difficulty4_image0.png","trial_type":"image-button-response","trial_index":72,"time_elapsed":135757,"internal_node_id":"0.0-2.0-0.70"},{"rt":1323,"stimulus":"images/Broccoli/With_Backgrounds/difficulty4_image7.png","response":1,"category":"Broccoli","background_difficulty":"4","image_path":"images/Broccoli/With_Backgrounds/difficulty4_image7.png","trial_type":"image-button-response","trial_index":73,"time_elapsed":137083,"internal_node_id":"0.0-2.0-0.71"},{"rt":1456,"stimulus":["<h2>Press the button below to end experiment.</h2><p>Thank you for participating!</p>"],"response":0,"trial_type":"html-button-response","trial_index":74,"time_elapsed":138541,"internal_node_id":"0.0-3.0"}]