[{"success":true,"timeout":false,"failed_images":[],"failed_audio":[],"failed_video":[],"trial_type":"preload","trial_index":0,"time_elapsed":2224,"internal_node_id":"0.0-0.0"},{"rt":8169,"stimulus":["<h2>Noisy background image classification</h2><p>In this experiment you will briefly see images on top of colored squares of various sizes.</p><p>Your task is to report what each image is, selecting \"None of the Above\" if none of the given options are correct.</p> <p>The possible options are <strong>Boat</strong>, <strong>Broccoli</strong>, <strong>Car</strong>, <strong>Cat</strong>, <strong>Dog</strong>, <strong>Human</strong>, <strong>Tree</strong>, and <strong>None of the Above</strong>"],"response":0,"trial_type":"html-button-response","trial_index":1,"time_elapsed":10395,"internal_node_id":"0.0-1.0"},{"rt":4473,"stimulus":"images/Tree/With_Backgrounds/difficulty6_image1.png","response":6,"category":"Tree","background_difficulty":"6","image_path":"images/Tree/With_Backgrounds/difficulty6_image1.png","trial_type":"image-button-response","trial_index":2,"time_elapsed":14871,"internal_node_id":"0.0-2.0-0.0"},{"rt":1421,"stimulus":"images/Broccoli/With_Backgrounds/difficulty8_image1.png","response":1,"category":"Broccoli","background_difficulty":"8","image_path":"images/Broccoli/With_Backgrounds/difficulty8_image1.png","trial_type":"image-button-response","trial_index":3,"time_elapsed":16300,"internal_node_id":"0.0-2.0-0.1"},{"rt":1338,"stimulus":"images/Car/With_Backgrounds/difficulty8_image9.png","response":2,"category":"Car","background_difficulty":"8","image_path":"images/Car/With_Backgrounds/difficulty8_image9.png","trial_type":"image-button-response","trial_index":4,"time_elapsed":17646,"internal_node_id":"0.0-2.0-0.2"},{"rt":2309,"stimulus":"images/Human/With_Backgrounds/difficulty8_image6.png","response":5,"category":"Human","background_difficulty":"8","image_path":"images/Human/With_Backgrounds/difficulty8_image6.png","trial_type":"image-button-response","trial_index":5,"time_elapsed":19962,"internal_node_id":"0.0-2.0-0.3"},{"rt":3394,"stimulus":"images/Other/With_Backgrounds/difficulty4_image5.png","response":7,"category":"Other","background_difficulty":"4","image_path":"images/Other/With_Backgrounds/difficulty4_image5.png","trial_type":"image-button-response","trial_index":6,"time_elapsed":23359,"internal_node_id":"0.0-2.0-0.4"},{"rt":2371,"stimulus":"images/Tree/With_Backgrounds/difficulty0_image6.png","response":6,"category":"Tree","background_difficulty":"0","image_path":"images/Tree/With_Backgrounds/difficulty0_image6.png","trial_type":"image-button-response","trial_index":7,"time_elapsed":25733,"internal_node_id":"0.0-2.0-0.5"},{"rt":1571,"stimulus":"images/Dog/With_Backgrounds/difficulty0_image5.png","response":4,"category":"Dog","background_difficulty":"0","image_path":"images/Dog/With_Backgrounds/difficulty0_image5.png","trial_type":"image-button-response","trial_index":8,"time_elapsed":27306,"internal_node_id":"0.0-2.0-0.6"},{"rt":1248,"stimulus":"images/Cat/With_Backgrounds/difficulty6_image7.png","response":3,"category":"Cat","background_difficulty":"6","image_path":"images/Cat/With_Backgrounds/difficulty6_image7.png","trial_type":"image-button-response","trial_index":9,"time_elapsed":28555,"internal_node_id":"0.0-2.0-0.7"},{"rt":1429,"stimulus":"images/Broccoli/With_Backgrounds/difficulty7_image9.png","response":1,"category":"Broccoli","background_difficulty":"7","image_path":"images/Broccoli/With_Backgrounds/difficulty7_image9.png","trial_type":"image-button-response","trial_index":10,"time_elapsed":29986,"internal_node_id":"0.0-2.0-0.8"},{"rt":1491,"stimulus":"images/Cat/With_Backgrounds/difficulty1_image5.png","response":3,"category":"Cat","background_difficulty":"1","image_path":"images/Cat/With_Backgrounds/difficulty1_image5.png","trial_type":"image-button-response","trial_index":11,"time_elapsed":31481,"internal_node_id":"0.0-2.0-0.9"},{"rt":1625,"stimulus":"images/Tree/With_Backgrounds/difficulty4_image8.png","response":6,"category":"Tree","background_difficulty":"4","image_path":"images/Tree/With_Backgrounds/difficulty4_image8.png","trial_type":"image-button-response","trial_index":12,"time_elapsed":33108,"internal_node_id":"0.0-2.0-0.10"},{"rt":1340,"stimulus":"images/Dog/With_Backgrounds/difficulty3_image7.png","response":4,"category":"Dog","background_difficulty":"3","image_path":"images/Dog/With_Backgrounds/difficulty3_image7.png","trial_type":"image-button-response","trial_index":13,"time_elapsed":34450,"internal_node_id":"0.0-2.0-0.11"},{"rt":1719,"stimulus":"images/Broccoli/With_Backgrounds/difficulty3_image6.png","response":1,"category":"Broccoli","background_difficulty":"3","image_path":"images/Broccoli/With_Backgrounds/difficulty3_image6.png","trial_type":"image-button-response","trial_index":14,"time_elapsed":36171,"internal_node_id":"0.0-2.0-0.12"},{"rt":967,"stimulus":"images/Broccoli/With_Backgrounds/difficulty0_image5.png","response":1,"category":"Broccoli","background_difficulty":"0","image_path":"images/Broccoli/With_Backgrounds/difficulty0_image5.png","trial_type":"image-button-response","trial_index":15,"time_elapsed":37139,"internal_node_id":"0.0-2.0-0.13"},{"rt":2314,"stimulus":"images/Tree/With_Backgrounds/difficulty7_image0.png","response":6,"category":"Tree","background_difficulty":"7","image_path":"images/Tree/With_Backgrounds/difficulty7_image0.png","trial_type":"image-button-response","trial_index":16,"time_elapsed":39455,"internal_node_id":"0.0-2.0-0.14"},{"rt":1455,"stimulus":"images/Cat/With_Backgrounds/difficulty4_image3.png","response":3,"category":"Cat","background_difficulty":"4","image_path":"images/Cat/With_Backgrounds/difficulty4_image3.png","trial_type":"image-button-response","trial_index":17,"time_elapsed":40912,"internal_node_id":"0.0-2.0-0.15"},{"rt":2851,"stimulus":"images/Boat/With_Backgrounds/difficulty3_image3.png","response":0,"category":"Boat","background_difficulty":"3","image_path":"images/Boat/With_Backgrounds/difficulty3_image3.png","trial_type":"image-button-response","trial_index":18,"time_elapsed":43765,"internal_node_id":"0.0-2.0-0.16"},{"rt":1859,"stimulus":"images/Human/With_Backgrounds/difficulty3_image2.png","response":5,"category":"Human","background_difficulty":"3","image_path":"images/Human/With_Backgrounds/difficulty3_image2.png","trial_type":"image-button-response","trial_index":19,"time_elapsed":45625,"internal_node_id":"0.0-2.0-0.17"},{"rt":3355,"stimulus":"images/Other/With_Backgrounds/difficulty5_image6.png","response":7,"category":"Other","background_difficulty":"5","image_path":"images/Other/With_Backgrounds/difficulty5_image6.png","trial_type":"image-button-response","trial_index":20,"time_elapsed":48981,"internal_node_id":"0.0-2.0-0.18"},{"rt":1549,"stimulus":"images/Other/With_Backgrounds/difficulty8_image3.png","response":7,"category":"Other","background_difficulty":"8","image_path":"images/Other/With_Backgrounds/difficulty8_image3.png","trial_type":"image-button-response","trial_index":21,"time_elapsed":50533,"internal_node_id":"0.0-2.0-0.19"},{"rt":1739,"stimulus":"images/Human/With_Backgrounds/difficulty0_image0.png","response":5,"category":"Human","background_difficulty":"0","image_path":"images/Human/With_Backgrounds/difficulty0_image0.png","trial_type":"image-button-response","trial_index":22,"time_elapsed":52275,"internal_node_id":"0.0-2.0-0.20"},{"rt":1755,"stimulus":"images/Other/With_Backgrounds/difficulty7_image9.png","response":7,"category":"Other","background_difficulty":"7","image_path":"images/Other/With_Backgrounds/difficulty7_image9.png","trial_type":"image-button-response","trial_index":23,"time_elapsed":54033,"internal_node_id":"0.0-2.0-0.21"},{"rt":1187,"stimulus":"images/Other/With_Backgrounds/difficulty0_image0.png","response":7,"category":"Other","background_difficulty":"0","image_path":"images/Other/With_Backgrounds/difficulty0_image0.png","trial_type":"image-button-response","trial_index":24,"time_elapsed":55221,"internal_node_id":"0.0-2.0-0.22"},{"rt":1664,"stimulus":"images/Human/With_Backgrounds/difficulty4_image8.png","response":5,"category":"Human","background_difficulty":"4","image_path":"images/Human/With_Backgrounds/difficulty4_image8.png","trial_type":"image-button-response","trial_index":25,"time_elapsed":56888,"internal_node_id":"0.0-2.0-0.23"},{"rt":1458,"stimulus":"images/Car/With_Backgrounds/difficulty7_image4.png","response":2,"category":"Car","background_difficulty":"7","image_path":"images/Car/With_Backgrounds/difficulty7_image4.png","trial_type":"image-button-response","trial_index":26,"time_elapsed":58349,"internal_node_id":"0.0-2.0-0.24"},{"rt":1582,"stimulus":"images/Cat/With_Backgrounds/difficulty7_image9.png","response":3,"category":"Cat","background_difficulty":"7","image_path":"images/Cat/With_Backgrounds/difficulty7_image9.png","trial_type":"image-button-response","trial_index":27,"time_elapsed":59932,"internal_node_id":"0.0-2.0-0.25"},{"rt":1042,"stimulus":"images/Cat/With_Backgrounds/difficulty2_image1.png","response":3,"category":"Cat","background_difficulty":"2","image_path":"images/Cat/With_Backgrounds/difficulty2_image1.png","trial_type":"image-button-response","trial_index":28,"time_elapsed":60975,"internal_node_id":"0.0-2.0-0.26"},{"rt":1940,"stimulus":"images/Tree/With_Backgrounds/difficulty1_image3.png","response":6,"category":"Tree","background_difficulty":"1","image_path":"images/Tree/With_Backgrounds/difficulty1_image3.png","trial_type":"image-button-response","trial_index":29,"time_elapsed":62917,"internal_node_id":"0.0-2.0-0.27"},{"rt":1521,"stimulus":"images/Human/With_Backgrounds/difficulty1_image7.png","response":5,"category":"Human","background_difficulty":"1","image_path":"images/Human/With_Backgrounds/difficulty1_image7.png","trial_type":"image-button-response","trial_index":30,"time_elapsed":64441,"internal_node_id":"0.0-2.0-0.28"},{"rt":2949,"stimulus":"images/Boat/With_Backgrounds/difficulty4_image6.png","response":0,"category":"Boat","background_difficulty":"4","image_path":"images/Boat/With_Backgrounds/difficulty4_image6.png","trial_type":"image-button-response","trial_index":31,"time_elapsed":67390,"internal_node_id":"0.0-2.0-0.29"},{"rt":2733,"stimulus":"images/Car/With_Backgrounds/difficulty0_image1.png","response":2,"category":"Car","background_difficulty":"0","image_path":"images/Car/With_Backgrounds/difficulty0_image1.png","trial_type":"image-button-response","trial_index":32,"time_elapsed":70124,"internal_node_id":"0.0-2.0-0.30"},{"rt":1765,"stimulus":"images/Other/With_Backgrounds/difficulty2_image2.png","response":7,"category":"Other","background_difficulty":"2","image_path":"images/Other/With_Backgrounds/difficulty2_image2.png","trial_type":"image-button-response","trial_index":33,"time_elapsed":71890,"internal_node_id":"0.0-2.0-0.31"},{"rt":2968,"stimulus":"images/Boat/With_Backgrounds/difficulty5_image1.png","response":0,"category":"Boat","background_difficulty":"5","image_path":"images/Boat/With_Backgrounds/difficulty5_image1.png","trial_type":"image-button-response","trial_index":34,"time_elapsed":74864,"internal_node_id":"0.0-2.0-0.32"},{"rt":1362,"stimulus":"images/Car/With_Backgrounds/difficulty2_image3.png","response":2,"category":"Car","background_difficulty":"2","image_path":"images/Car/With_Backgrounds/difficulty2_image3.png","trial_type":"image-button-response","trial_index":35,"time_elapsed":76230,"internal_node_id":"0.0-2.0-0.33"},{"rt":1135,"stimulus":"images/Cat/With_Backgrounds/difficulty5_image4.png","response":3,"category":"Cat","background_difficulty":"5","image_path":"images/Cat/With_Backgrounds/difficulty5_image4.png","trial_type":"image-button-response","trial_index":36,"time_elapsed":77367,"internal_node_id":"0.0-2.0-0.34"},{"rt":1793,"stimulus":"images/Boat/With_Backgrounds/difficulty0_image7.png","response":0,"category":"Boat","background_difficulty":"0","image_path":"images/Boat/With_Backgrounds/difficulty0_image7.png","trial_type":"image-button-response","trial_index":37,"time_elapsed":79165,"internal_node_id":"0.0-2.0-0.35"},{"rt":1646,"stimulus":"images/Dog/With_Backgrounds/difficulty6_image4.png","response":4,"category":"Dog","background_difficulty":"6","image_path":"images/Dog/With_Backgrounds/difficulty6_image4.png","trial_type":"image-button-response","trial_index":38,"time_elapsed":80815,"internal_node_id":"0.0-2.0-0.36"},{"rt":1571,"stimulus":"images/Human/With_Backgrounds/difficulty2_image4.png","response":5,"category":"Human","background_difficulty":"2","image_path":"images/Human/With_Backgrounds/difficulty2_image4.png","trial_type":"image-button-response","trial_index":39,"time_elapsed":82387,"internal_node_id":"0.0-2.0-0.37"},{"rt":1395,"stimulus":"images/Boat/With_Backgrounds/difficulty6_image2.png","response":0,"category":"Boat","background_difficulty":"6","image_path":"images/Boat/With_Backgrounds/difficulty6_image2.png","trial_type":"image-button-response","trial_index":40,"time_elapsed":83786,"internal_node_id":"0.0-2.0-0.38"},{"rt":1932,"stimulus":"images/Tree/With_Backgrounds/difficulty8_image5.png","response":6,"category":"Tree","background_difficulty":"8","image_path":"images/Tree/With_Backgrounds/difficulty8_image5.png","trial_type":"image-button-response","trial_index":41,"time_elapsed":85720,"internal_node_id":"0.0-2.0-0.39"},{"rt":1131,"stimulus":"images/Dog/With_Backgrounds/difficulty8_image0.png","response":4,"category":"Dog","background_difficulty":"8","image_path":"images/Dog/With_Backgrounds/difficulty8_image0.png","trial_type":"image-button-response","trial_index":42,"time_elapsed":86854,"internal_node_id":"0.0-2.0-0.40"},{"rt":1379,"stimulus":"images/Cat/With_Backgrounds/difficulty3_image2.png","response":3,"category":"Cat","background_difficulty":"3","image_path":"images/Cat/With_Backgrounds/difficulty3_image2.png","trial_type":"image-button-response","trial_index":43,"time_elapsed":88234,"internal_node_id":"0.0-2.0-0.41"},{"rt":1594,"stimulus":"images/Human/With_Backgrounds/difficulty5_image3.png","response":5,"category":"Human","background_difficulty":"5","image_path":"images/Human/With_Backgrounds/difficulty5_image3.png","trial_type":"image-button-response","trial_index":44,"time_elapsed":89829,"internal_node_id":"0.0-2.0-0.42"},{"rt":1409,"stimulus":"images/Boat/With_Backgrounds/difficulty7_image0.png","response":0,"category":"Boat","background_difficulty":"7","image_path":"images/Boat/With_Backgrounds/difficulty7_image0.png","trial_type":"image-button-response","trial_index":45,"time_elapsed":91240,"internal_node_id":"0.0-2.0-0.43"},{"rt":1292,"stimulus":"images/Human/With_Backgrounds/difficulty6_image9.png","response":5,"category":"Human","background_difficulty":"6","image_path":"images/Human/With_Backgrounds/difficulty6_image9.png","trial_type":"image-button-response","trial_index":46,"time_elapsed":92535,"internal_node_id":"0.0-2.0-0.44"},{"rt":1913,"stimulus":"images/Cat/With_Backgrounds/difficulty0_image0.png","response":3,"category":"Cat","background_difficulty":"0","image_path":"images/Cat/With_Backgrounds/difficulty0_image0.png","trial_type":"image-button-response","trial_index":47,"time_elapsed":94448,"internal_node_id":"0.0-2.0-0.45"},{"rt":2080,"stimulus":"images/Tree/With_Backgrounds/difficulty3_image4.png","response":6,"category":"Tree","background_difficulty":"3","image_path":"images/Tree/With_Backgrounds/difficulty3_image4.png","trial_type":"image-button-response","trial_index":48,"time_elapsed":96529,"internal_node_id":"0.0-2.0-0.46"},{"rt":1766,"stimulus":"images/Broccoli/With_Backgrounds/difficulty5_image0.png","response":1,"category":"Broccoli","background_difficulty":"5","image_path":"images/Broccoli/With_Backgrounds/difficulty5_image0.png","trial_type":"image-button-response","trial_index":49,"time_elapsed":98297,"internal_node_id":"0.0-2.0-0.47"},{"rt":1911,"stimulus":"images/Boat/With_Backgrounds/difficulty1_image8.png","response":0,"category":"Boat","background_difficulty":"1","image_path":"images/Boat/With_Backgrounds/difficulty1_image8.png","trial_type":"image-button-response","trial_index":50,"time_elapsed":100209,"internal_node_id":"0.0-2.0-0.48"},{"rt":1267,"stimulus":"images/Other/With_Backgrounds/difficulty3_image8.png","response":7,"category":"Other","background_difficulty":"3","image_path":"images/Other/With_Backgrounds/difficulty3_image8.png","trial_type":"image-button-response","trial_index":51,"time_elapsed":101477,"internal_node_id":"0.0-2.0-0.49"},{"rt":1491,"stimulus":"images/Car/With_Backgrounds/difficulty5_image8.png","response":2,"category":"Car","background_difficulty":"5","image_path":"images/Car/With_Backgrounds/difficulty5_image8.png","trial_type":"image-button-response","trial_index":52,"time_elapsed":102970,"internal_node_id":"0.0-2.0-0.50"},{"rt":1151,"stimulus":"images/Dog/With_Backgrounds/difficulty7_image3.png","response":4,"category":"Dog","background_difficulty":"7","image_path":"images/Dog/With_Backgrounds/difficulty7_image3.png","trial_type":"image-button-response","trial_index":53,"time_elapsed":104124,"internal_node_id":"0.0-2.0-0.51"},{"rt":975,"stimulus":"images/Dog/With_Backgrounds/difficulty2_image2.png","response":4,"category":"Dog","background_difficulty":"2","image_path":"images/Dog/With_Backgrounds/difficulty2_image2.png","trial_type":"image-button-response","trial_index":54,"time_elapsed":105100,"internal_node_id":"0.0-2.0-0.52"},{"rt":883,"stimulus":"images/Dog/With_Backgrounds/difficulty4_image9.png","response":4,"category":"Dog","background_difficulty":"4","image_path":"images/Dog/With_Backgrounds/difficulty4_image9.png","trial_type":"image-button-response","trial_index":55,"time_elapsed":105984,"internal_node_id":"0.0-2.0-0.53"},{"rt":1208,"stimulus":"images/Boat/With_Backgrounds/difficulty2_image5.png","response":0,"category":"Boat","background_difficulty":"2","image_path":"images/Boat/With_Backgrounds/difficulty2_image5.png","trial_type":"image-button-response","trial_index":56,"time_elapsed":107194,"internal_node_id":"0.0-2.0-0.54"},{"rt":1418,"stimulus":"images/Car/With_Backgrounds/difficulty3_image7.png","response":2,"category":"Car","background_difficulty":"3","image_path":"images/Car/With_Backgrounds/difficulty3_image7.png","trial_type":"image-button-response","trial_index":57,"time_elapsed":108614,"internal_node_id":"0.0-2.0-0.55"},{"rt":1451,"stimulus":"images/Dog/With_Backgrounds/difficulty5_image1.png","response":4,"category":"Dog","background_difficulty":"5","image_path":"images/Dog/With_Backgrounds/difficulty5_image1.png","trial_type":"image-button-response","trial_index":58,"time_elapsed":110068,"internal_node_id":"0.0-2.0-0.56"},{"rt":2509,"stimulus":"images/Other/With_Backgrounds/difficulty6_image1.png","response":7,"category":"Other","background_difficulty":"6","image_path":"images/Other/With_Backgrounds/difficulty6_image1.png","trial_type":"image-button-response","trial_index":59,"time_elapsed":112579,"internal_node_id":"0.0-2.0-0.57"},{"rt":2059,"stimulus":"images/Tree/With_Backgrounds/difficulty2_image2.png","response":6,"category":"Tree","background_difficulty":"2","image_path":"images/Tree/With_Backgrounds/difficulty2_image2.png","trial_type":"image-button-response","trial_index":60,"time_elapsed":114639,"internal_node_id":"0.0-2.0-0.58"},{"rt":947,"stimulus":"images/Tree/With_Backgrounds/difficulty5_image7.png","response":6,"category":"Tree","background_difficulty":"5","image_path":"images/Tree/With_Backgrounds/difficulty5_image7.png","trial_type":"image-button-response","trial_index":61,"time_elapsed":115588,"internal_node_id":"0.0-2.0-0.59"},{"rt":1683,"stimulus":"images/Car/With_Backgrounds/difficulty6_image6.png","response":2,"category":"Car","background_difficulty":"6","image_path":"images/Car/With_Backgrounds/difficulty6_image6.png","trial_type":"image-button-response","trial_index":62,"time_elapsed":117274,"internal_node_id":"0.0-2.0-0.60"},{"rt":1763,"stimulus":"images/Broccoli/With_Backgrounds/difficulty1_image3.png","response":1,"category":"Broccoli","background_difficulty":"1","image_path":"images/Broccoli/With_Backgrounds/difficulty1_image3.png","trial_type":"image-button-response","trial_index":63,"time_elapsed":119039,"internal_node_id":"0.0-2.0-0.61"},{"rt":808,"stimulus":"images/Broccoli/With_Backgrounds/difficulty6_image2.png","response":1,"category":"Broccoli","background_difficulty":"6","image_path":"images/Broccoli/With_Backgrounds/difficulty6_image2.png","trial_type":"image-button-response","trial_index":64,"time_elapsed":119850,"internal_node_id":"0.0-2.0-0.62"},{"rt":728,"stimulus":"images/Broccoli/With_Backgrounds/difficulty4_image7.png","response":1,"category":"Broccoli","background_difficulty":"4","image_path":"images/Broccoli/With_Backgrounds/difficulty4_image7.png","trial_type":"image-button-response","trial_index":65,"time_elapsed":120578,"internal_node_id":"0.0-2.0-0.63"},{"rt":1009,"stimulus":"images/Broccoli/With_Backgrounds/difficulty2_image8.png","response":1,"category":"Broccoli","background_difficulty":"2","image_path":"images/Broccoli/With_Backgrounds/difficulty2_image8.png","trial_type":"image-button-response","trial_index":66,"time_elapsed":121589,"internal_node_id":"0.0-2.0-0.64"},{"rt":1306,"stimulus":"images/Dog/With_Backgrounds/difficulty1_image6.png","response":4,"category":"Dog","background_difficulty":"1","image_path":"images/Dog/With_Backgrounds/difficulty1_image6.png","trial_type":"image-button-response","trial_index":67,"time_elapsed":122896,"internal_node_id":"0.0-2.0-0.65"},{"rt":1187,"stimulus":"images/Boat/With_Backgrounds/difficulty8_image4.png","response":0,"category":"Boat","background_difficulty":"8","image_path":"images/Boat/With_Backgrounds/difficulty8_image4.png","trial_type":"image-button-response","trial_index":68,"time_elapsed":124085,"internal_node_id":"0.0-2.0-0.66"},{"rt":1323,"stimulus":"images/Other/With_Backgrounds/difficulty1_image7.png","response":7,"category":"Other","background_difficulty":"1","image_path":"images/Other/With_Backgrounds/difficulty1_image7.png","trial_type":"image-button-response","trial_index":69,"time_elapsed":125410,"internal_node_id":"0.0-2.0-0.67"},{"rt":1179,"stimulus":"images/Cat/With_Backgrounds/difficulty8_image6.png","response":3,"category":"Cat","background_difficulty":"8","image_path":"images/Cat/With_Backgrounds/difficulty8_image6.png","trial_type":"image-button-response","trial_index":70,"time_elapsed":126591,"internal_node_id":"0.0-2.0-0.68"},{"rt":2051,"stimulus":"images/Car/With_Backgrounds/difficulty4_image0.png","response":2,"category":"Car","background_difficulty":"4","image_path":"images/Car/With_Backgrounds/difficulty4_image0.png","trial_type":"image-button-response","trial_index":71,"time_elapsed":128643,"internal_node_id":"0.0-2.0-0.69"},{"rt":1197,"stimulus":"images/Human/With_Backgrounds/difficulty7_image5.png","response":5,"category":"Human","background_difficulty":"7","image_path":"images/Human/With_Backgrounds/difficulty7_image5.png","trial_type":"image-button-response","trial_index":72,"time_elapsed":129841,"internal_node_id":"0.0-2.0-0.70"},{"rt":2028,"stimulus":"images/Car/With_Backgrounds/difficulty1_image5.png","response":2,"category":"Car","background_difficulty":"1","image_path":"images/Car/With_Backgrounds/difficulty1_image5.png","trial_type":"image-button-response","trial_index":73,"time_elapsed":131871,"internal_node_id":"0.0-2.0-0.71"},{"rt":1489,"stimulus":["<h2>Press the button below to end experiment.</h2><p>Thank you for participating!</p>"],"response":0,"trial_type":"html-button-response","trial_index":74,"time_elapsed":133363,"internal_node_id":"0.0-3.0"}]