[{"success":true,"timeout":false,"failed_images":[],"failed_audio":[],"failed_video":[],"trial_type":"preload","trial_index":0,"time_elapsed":9314,"internal_node_id":"0.0-0.0"},{"rt":15977,"stimulus":["<h2>Noisy background image classification</h2><p>In this experiment you will briefly see images on top of colored squares of various sizes.</p><p>Your task is to report what each image is, selecting \"None of the Above\" if none of the given options are correct.</p> <p>The possible options are <strong>Boat</strong>, <strong>Broccoli</strong>, <strong>Car</strong>, <strong>Cat</strong>, <strong>Dog</strong>, <strong>Human</strong>, <strong>Tree</strong>, and <strong>None of the Above</strong>"],"response":0,"trial_type":"html-button-response","trial_index":1,"time_elapsed":25292,"internal_node_id":"0.0-1.0"},{"rt":2043,"stimulus":"images/Tree/With_Backgrounds/difficulty0_image5.png","response":6,"category":"Tree","background_difficulty":"0","image_path":"images/Tree/With_Backgrounds/difficulty0_image5.png","trial_type":"image-button-response","trial_index":2,"time_elapsed":27345,"internal_node_id":"0.0-2.0-0.0"},{"rt":1988,"stimulus":"images/Dog/With_Backgrounds/difficulty1_image4.png","response":4,"category":"Dog","background_difficulty":"1","image_path":"images/Dog/With_Backgrounds/difficulty1_image4.png","trial_type":"image-button-response","trial_index":3,"time_elapsed":29335,"internal_node_id":"0.0-2.0-0.1"},{"rt":1787,"stimulus":"images/Cat/With_Backgrounds/difficulty7_image9.png","response":3,"category":"Cat","background_difficulty":"7","image_path":"images/Cat/With_Backgrounds/difficulty7_image9.png","trial_type":"image-button-response","trial_index":4,"time_elapsed":31123,"internal_node_id":"0.0-2.0-0.2"},{"rt":1004,"stimulus":"images/Cat/With_Backgrounds/difficulty6_image0.png","response":3,"category":"Cat","background_difficulty":"6","image_path":"images/Cat/With_Backgrounds/difficulty6_image0.png","trial_type":"image-button-response","trial_index":5,"time_elapsed":32129,"internal_node_id":"0.0-2.0-0.3"},{"rt":1175,"stimulus":"images/Dog/With_Backgrounds/difficulty2_image9.png","response":4,"category":"Dog","background_difficulty":"2","image_path":"images/Dog/With_Backgrounds/difficulty2_image9.png","trial_type":"image-button-response","trial_index":6,"time_elapsed":33305,"internal_node_id":"0.0-2.0-0.4"},{"rt":1605,"stimulus":"images/Cat/With_Backgrounds/difficulty0_image3.png","response":3,"category":"Cat","background_difficulty":"0","image_path":"images/Cat/With_Backgrounds/difficulty0_image3.png","trial_type":"image-button-response","trial_index":7,"time_elapsed":34911,"internal_node_id":"0.0-2.0-0.5"},{"rt":2168,"stimulus":"images/Boat/With_Backgrounds/difficulty3_image3.png","response":0,"category":"Boat","background_difficulty":"3","image_path":"images/Boat/With_Backgrounds/difficulty3_image3.png","trial_type":"image-button-response","trial_index":8,"time_elapsed":37080,"internal_node_id":"0.0-2.0-0.6"},{"rt":1233,"stimulus":"images/Boat/With_Backgrounds/difficulty1_image1.png","response":0,"category":"Boat","background_difficulty":"1","image_path":"images/Boat/With_Backgrounds/difficulty1_image1.png","trial_type":"image-button-response","trial_index":9,"time_elapsed":38314,"internal_node_id":"0.0-2.0-0.7"},{"rt":1027,"stimulus":"images/Boat/With_Backgrounds/difficulty4_image8.png","response":0,"category":"Boat","background_difficulty":"4","image_path":"images/Boat/With_Backgrounds/difficulty4_image8.png","trial_type":"image-button-response","trial_index":10,"time_elapsed":39343,"internal_node_id":"0.0-2.0-0.8"},{"rt":2095,"stimulus":"images/Tree/With_Backgrounds/difficulty7_image4.png","response":6,"category":"Tree","background_difficulty":"7","image_path":"images/Tree/With_Backgrounds/difficulty7_image4.png","trial_type":"image-button-response","trial_index":11,"time_elapsed":41439,"internal_node_id":"0.0-2.0-0.9"},{"rt":1767,"stimulus":"images/Car/With_Backgrounds/difficulty8_image0.png","response":2,"category":"Car","background_difficulty":"8","image_path":"images/Car/With_Backgrounds/difficulty8_image0.png","trial_type":"image-button-response","trial_index":12,"time_elapsed":43207,"internal_node_id":"0.0-2.0-0.10"},{"rt":1800,"stimulus":"images/Broccoli/With_Backgrounds/difficulty8_image1.png","response":1,"category":"Broccoli","background_difficulty":"8","image_path":"images/Broccoli/With_Backgrounds/difficulty8_image1.png","trial_type":"image-button-response","trial_index":13,"time_elapsed":45009,"internal_node_id":"0.0-2.0-0.11"},{"rt":825,"stimulus":"images/Broccoli/With_Backgrounds/difficulty6_image8.png","response":1,"category":"Broccoli","background_difficulty":"6","image_path":"images/Broccoli/With_Backgrounds/difficulty6_image8.png","trial_type":"image-button-response","trial_index":14,"time_elapsed":45835,"internal_node_id":"0.0-2.0-0.12"},{"rt":1483,"stimulus":"images/Dog/With_Backgrounds/difficulty0_image8.png","response":4,"category":"Dog","background_difficulty":"0","image_path":"images/Dog/With_Backgrounds/difficulty0_image8.png","trial_type":"image-button-response","trial_index":15,"time_elapsed":47319,"internal_node_id":"0.0-2.0-0.13"},{"rt":1328,"stimulus":"images/Boat/With_Backgrounds/difficulty7_image0.png","response":0,"category":"Boat","background_difficulty":"7","image_path":"images/Boat/With_Backgrounds/difficulty7_image0.png","trial_type":"image-button-response","trial_index":16,"time_elapsed":48648,"internal_node_id":"0.0-2.0-0.14"},{"rt":3821,"stimulus":"images/Other/With_Backgrounds/difficulty7_image1.png","response":7,"category":"Other","background_difficulty":"7","image_path":"images/Other/With_Backgrounds/difficulty7_image1.png","trial_type":"image-button-response","trial_index":17,"time_elapsed":52470,"internal_node_id":"0.0-2.0-0.15"},{"rt":2255,"stimulus":"images/Human/With_Backgrounds/difficulty0_image4.png","response":5,"category":"Human","background_difficulty":"0","image_path":"images/Human/With_Backgrounds/difficulty0_image4.png","trial_type":"image-button-response","trial_index":18,"time_elapsed":54726,"internal_node_id":"0.0-2.0-0.16"},{"rt":2155,"stimulus":"images/Other/With_Backgrounds/difficulty1_image2.png","response":7,"category":"Other","background_difficulty":"1","image_path":"images/Other/With_Backgrounds/difficulty1_image2.png","trial_type":"image-button-response","trial_index":19,"time_elapsed":56882,"internal_node_id":"0.0-2.0-0.17"},{"rt":1988,"stimulus":"images/Tree/With_Backgrounds/difficulty4_image2.png","response":6,"category":"Tree","background_difficulty":"4","image_path":"images/Tree/With_Backgrounds/difficulty4_image2.png","trial_type":"image-button-response","trial_index":20,"time_elapsed":58871,"internal_node_id":"0.0-2.0-0.18"},{"rt":1670,"stimulus":"images/Boat/With_Backgrounds/difficulty2_image2.png","response":0,"category":"Boat","background_difficulty":"2","image_path":"images/Boat/With_Backgrounds/difficulty2_image2.png","trial_type":"image-button-response","trial_index":21,"time_elapsed":60542,"internal_node_id":"0.0-2.0-0.19"},{"rt":794,"stimulus":"images/Boat/With_Backgrounds/difficulty8_image9.png","response":0,"category":"Boat","background_difficulty":"8","image_path":"images/Boat/With_Backgrounds/difficulty8_image9.png","trial_type":"image-button-response","trial_index":22,"time_elapsed":61337,"internal_node_id":"0.0-2.0-0.20"},{"rt":724,"stimulus":"images/Boat/With_Backgrounds/difficulty0_image4.png","response":0,"category":"Boat","background_difficulty":"0","image_path":"images/Boat/With_Backgrounds/difficulty0_image4.png","trial_type":"image-button-response","trial_index":23,"time_elapsed":62062,"internal_node_id":"0.0-2.0-0.21"},{"rt":1341,"stimulus":"images/Broccoli/With_Backgrounds/difficulty3_image5.png","response":1,"category":"Broccoli","background_difficulty":"3","image_path":"images/Broccoli/With_Backgrounds/difficulty3_image5.png","trial_type":"image-button-response","trial_index":24,"time_elapsed":63404,"internal_node_id":"0.0-2.0-0.22"},{"rt":1501,"stimulus":"images/Cat/With_Backgrounds/difficulty5_image8.png","response":3,"category":"Cat","background_difficulty":"5","image_path":"images/Cat/With_Backgrounds/difficulty5_image8.png","trial_type":"image-button-response","trial_index":25,"time_elapsed":64906,"internal_node_id":"0.0-2.0-0.23"},{"rt":536,"stimulus":"images/Cat/With_Backgrounds/difficulty3_image2.png","response":3,"category":"Cat","background_difficulty":"3","image_path":"images/Cat/With_Backgrounds/difficulty3_image2.png","trial_type":"image-button-response","trial_index":26,"time_elapsed":65443,"internal_node_id":"0.0-2.0-0.24"},{"rt":725,"stimulus":"images/Cat/With_Backgrounds/difficulty4_image4.png","response":3,"category":"Cat","background_difficulty":"4","image_path":"images/Cat/With_Backgrounds/difficulty4_image4.png","trial_type":"image-button-response","trial_index":27,"time_elapsed":66169,"internal_node_id":"0.0-2.0-0.25"},{"rt":2026,"stimulus":"images/Other/With_Backgrounds/difficulty2_image8.png","response":7,"category":"Other","background_difficulty":"2","image_path":"images/Other/With_Backgrounds/difficulty2_image8.png","trial_type":"image-button-response","trial_index":28,"time_elapsed":68196,"internal_node_id":"0.0-2.0-0.26"},{"rt":1417,"stimulus":"images/Tree/With_Backgrounds/difficulty2_image6.png","response":6,"category":"Tree","background_difficulty":"2","image_path":"images/Tree/With_Backgrounds/difficulty2_image6.png","trial_type":"image-button-response","trial_index":29,"time_elapsed":69614,"internal_node_id":"0.0-2.0-0.27"},{"rt":1897,"stimulus":"images/Dog/With_Backgrounds/difficulty6_image7.png","response":4,"category":"Dog","background_difficulty":"6","image_path":"images/Dog/With_Backgrounds/difficulty6_image7.png","trial_type":"image-button-response","trial_index":30,"time_elapsed":71512,"internal_node_id":"0.0-2.0-0.28"},{"rt":1585,"stimulus":"images/Broccoli/With_Backgrounds/difficulty1_image3.png","response":1,"category":"Broccoli","background_difficulty":"1","image_path":"images/Broccoli/With_Backgrounds/difficulty1_image3.png","trial_type":"image-button-response","trial_index":31,"time_elapsed":73099,"internal_node_id":"0.0-2.0-0.29"},{"rt":1572,"stimulus":"images/Dog/With_Backgrounds/difficulty8_image6.png","response":4,"category":"Dog","background_difficulty":"8","image_path":"images/Dog/With_Backgrounds/difficulty8_image6.png","trial_type":"image-button-response","trial_index":32,"time_elapsed":74671,"internal_node_id":"0.0-2.0-0.30"},{"rt":559,"stimulus":"images/Dog/With_Backgrounds/difficulty5_image5.png","response":4,"category":"Dog","background_difficulty":"5","image_path":"images/Dog/With_Backgrounds/difficulty5_image5.png","trial_type":"image-button-response","trial_index":33,"time_elapsed":75231,"internal_node_id":"0.0-2.0-0.31"},{"rt":1738,"stimulus":"images/Other/With_Backgrounds/difficulty5_image6.png","response":7,"category":"Other","background_difficulty":"5","image_path":"images/Other/With_Backgrounds/difficulty5_image6.png","trial_type":"image-button-response","trial_index":34,"time_elapsed":76970,"internal_node_id":"0.0-2.0-0.32"},{"rt":1435,"stimulus":"images/Broccoli/With_Backgrounds/difficulty2_image4.png","response":1,"category":"Broccoli","background_difficulty":"2","image_path":"images/Broccoli/With_Backgrounds/difficulty2_image4.png","trial_type":"image-button-response","trial_index":35,"time_elapsed":78407,"internal_node_id":"0.0-2.0-0.33"},{"rt":1436,"stimulus":"images/Boat/With_Backgrounds/difficulty5_image7.png","response":0,"category":"Boat","background_difficulty":"5","image_path":"images/Boat/With_Backgrounds/difficulty5_image7.png","trial_type":"image-button-response","trial_index":36,"time_elapsed":79844,"internal_node_id":"0.0-2.0-0.34"},{"rt":2204,"stimulus":"images/Other/With_Backgrounds/difficulty3_image5.png","response":7,"category":"Other","background_difficulty":"3","image_path":"images/Other/With_Backgrounds/difficulty3_image5.png","trial_type":"image-button-response","trial_index":37,"time_elapsed":82048,"internal_node_id":"0.0-2.0-0.35"},{"rt":1408,"stimulus":"images/Other/With_Backgrounds/difficulty0_image3.png","response":7,"category":"Other","background_difficulty":"0","image_path":"images/Other/With_Backgrounds/difficulty0_image3.png","trial_type":"image-button-response","trial_index":38,"time_elapsed":83458,"internal_node_id":"0.0-2.0-0.36"},{"rt":1873,"stimulus":"images/Car/With_Backgrounds/difficulty4_image9.png","response":2,"category":"Car","background_difficulty":"4","image_path":"images/Car/With_Backgrounds/difficulty4_image9.png","trial_type":"image-button-response","trial_index":39,"time_elapsed":85332,"internal_node_id":"0.0-2.0-0.37"},{"rt":1373,"stimulus":"images/Tree/With_Backgrounds/difficulty1_image1.png","response":6,"category":"Tree","background_difficulty":"1","image_path":"images/Tree/With_Backgrounds/difficulty1_image1.png","trial_type":"image-button-response","trial_index":40,"time_elapsed":86706,"internal_node_id":"0.0-2.0-0.38"},{"rt":640,"stimulus":"images/Tree/With_Backgrounds/difficulty6_image0.png","response":6,"category":"Tree","background_difficulty":"6","image_path":"images/Tree/With_Backgrounds/difficulty6_image0.png","trial_type":"image-button-response","trial_index":41,"time_elapsed":87347,"internal_node_id":"0.0-2.0-0.39"},{"rt":1743,"stimulus":"images/Car/With_Backgrounds/difficulty2_image2.png","response":2,"category":"Car","background_difficulty":"2","image_path":"images/Car/With_Backgrounds/difficulty2_image2.png","trial_type":"image-button-response","trial_index":42,"time_elapsed":89090,"internal_node_id":"0.0-2.0-0.40"},{"rt":1504,"stimulus":"images/Cat/With_Backgrounds/difficulty1_image6.png","response":3,"category":"Cat","background_difficulty":"1","image_path":"images/Cat/With_Backgrounds/difficulty1_image6.png","trial_type":"image-button-response","trial_index":43,"time_elapsed":90595,"internal_node_id":"0.0-2.0-0.41"},{"rt":2432,"stimulus":"images/Other/With_Backgrounds/difficulty8_image0.png","response":7,"category":"Other","background_difficulty":"8","image_path":"images/Other/With_Backgrounds/difficulty8_image0.png","trial_type":"image-button-response","trial_index":44,"time_elapsed":93029,"internal_node_id":"0.0-2.0-0.42"},{"rt":1936,"stimulus":"images/Other/With_Backgrounds/difficulty4_image4.png","response":7,"category":"Other","background_difficulty":"4","image_path":"images/Other/With_Backgrounds/difficulty4_image4.png","trial_type":"image-button-response","trial_index":45,"time_elapsed":94965,"internal_node_id":"0.0-2.0-0.43"},{"rt":1355,"stimulus":"images/Human/With_Backgrounds/difficulty7_image1.png","response":5,"category":"Human","background_difficulty":"7","image_path":"images/Human/With_Backgrounds/difficulty7_image1.png","trial_type":"image-button-response","trial_index":46,"time_elapsed":96322,"internal_node_id":"0.0-2.0-0.44"},{"rt":1346,"stimulus":"images/Broccoli/With_Backgrounds/difficulty4_image6.png","response":1,"category":"Broccoli","background_difficulty":"4","image_path":"images/Broccoli/With_Backgrounds/difficulty4_image6.png","trial_type":"image-button-response","trial_index":47,"time_elapsed":97670,"internal_node_id":"0.0-2.0-0.45"},{"rt":641,"stimulus":"images/Broccoli/With_Backgrounds/difficulty0_image9.png","response":1,"category":"Broccoli","background_difficulty":"0","image_path":"images/Broccoli/With_Backgrounds/difficulty0_image9.png","trial_type":"image-button-response","trial_index":48,"time_elapsed":98312,"internal_node_id":"0.0-2.0-0.46"},{"rt":1639,"stimulus":"images/Cat/With_Backgrounds/difficulty8_image5.png","response":3,"category":"Cat","background_difficulty":"8","image_path":"images/Cat/With_Backgrounds/difficulty8_image5.png","trial_type":"image-button-response","trial_index":49,"time_elapsed":99951,"internal_node_id":"0.0-2.0-0.47"},{"rt":1246,"stimulus":"images/Dog/With_Backgrounds/difficulty4_image0.png","response":4,"category":"Dog","background_difficulty":"4","image_path":"images/Dog/With_Backgrounds/difficulty4_image0.png","trial_type":"image-button-response","trial_index":50,"time_elapsed":101199,"internal_node_id":"0.0-2.0-0.48"},{"rt":1059,"stimulus":"images/Human/With_Backgrounds/difficulty1_image2.png","response":5,"category":"Human","background_difficulty":"1","image_path":"images/Human/With_Backgrounds/difficulty1_image2.png","trial_type":"image-button-response","trial_index":51,"time_elapsed":102260,"internal_node_id":"0.0-2.0-0.49"},{"rt":1281,"stimulus":"images/Car/With_Backgrounds/difficulty1_image4.png","response":2,"category":"Car","background_difficulty":"1","image_path":"images/Car/With_Backgrounds/difficulty1_image4.png","trial_type":"image-button-response","trial_index":52,"time_elapsed":103542,"internal_node_id":"0.0-2.0-0.50"},{"rt":1160,"stimulus":"images/Dog/With_Backgrounds/difficulty3_image2.png","response":4,"category":"Dog","background_difficulty":"3","image_path":"images/Dog/With_Backgrounds/difficulty3_image2.png","trial_type":"image-button-response","trial_index":53,"time_elapsed":104703,"internal_node_id":"0.0-2.0-0.51"},{"rt":1133,"stimulus":"images/Cat/With_Backgrounds/difficulty2_image7.png","response":3,"category":"Cat","background_difficulty":"2","image_path":"images/Cat/With_Backgrounds/difficulty2_image7.png","trial_type":"image-button-response","trial_index":54,"time_elapsed":105837,"internal_node_id":"0.0-2.0-0.52"},{"rt":1417,"stimulus":"images/Car/With_Backgrounds/difficulty3_image8.png","response":2,"category":"Car","background_difficulty":"3","image_path":"images/Car/With_Backgrounds/difficulty3_image8.png","trial_type":"image-button-response","trial_index":55,"time_elapsed":107255,"internal_node_id":"0.0-2.0-0.53"},{"rt":812,"stimulus":"images/Car/With_Backgrounds/difficulty6_image7.png","response":2,"category":"Car","background_difficulty":"6","image_path":"images/Car/With_Backgrounds/difficulty6_image7.png","trial_type":"image-button-response","trial_index":56,"time_elapsed":108068,"internal_node_id":"0.0-2.0-0.54"},{"rt":608,"stimulus":"images/Car/With_Backgrounds/difficulty7_image1.png","response":2,"category":"Car","background_difficulty":"7","image_path":"images/Car/With_Backgrounds/difficulty7_image1.png","trial_type":"image-button-response","trial_index":57,"time_elapsed":108677,"internal_node_id":"0.0-2.0-0.55"},{"rt":2363,"stimulus":"images/Tree/With_Backgrounds/difficulty5_image8.png","response":6,"category":"Tree","background_difficulty":"5","image_path":"images/Tree/With_Backgrounds/difficulty5_image8.png","trial_type":"image-button-response","trial_index":58,"time_elapsed":111041,"internal_node_id":"0.0-2.0-0.56"},{"rt":1212,"stimulus":"images/Broccoli/With_Backgrounds/difficulty5_image2.png","response":1,"category":"Broccoli","background_difficulty":"5","image_path":"images/Broccoli/With_Backgrounds/difficulty5_image2.png","trial_type":"image-button-response","trial_index":59,"time_elapsed":112254,"internal_node_id":"0.0-2.0-0.57"},{"rt":1629,"stimulus":"images/Human/With_Backgrounds/difficulty6_image9.png","response":5,"category":"Human","background_difficulty":"6","image_path":"images/Human/With_Backgrounds/difficulty6_image9.png","trial_type":"image-button-response","trial_index":60,"time_elapsed":113884,"internal_node_id":"0.0-2.0-0.58"},{"rt":709,"stimulus":"images/Human/With_Backgrounds/difficulty5_image8.png","response":5,"category":"Human","background_difficulty":"5","image_path":"images/Human/With_Backgrounds/difficulty5_image8.png","trial_type":"image-button-response","trial_index":61,"time_elapsed":114594,"internal_node_id":"0.0-2.0-0.59"},{"rt":625,"stimulus":"images/Human/With_Backgrounds/difficulty4_image5.png","response":5,"category":"Human","background_difficulty":"4","image_path":"images/Human/With_Backgrounds/difficulty4_image5.png","trial_type":"image-button-response","trial_index":62,"time_elapsed":115220,"internal_node_id":"0.0-2.0-0.60"},{"rt":1239,"stimulus":"images/Dog/With_Backgrounds/difficulty7_image1.png","response":4,"category":"Dog","background_difficulty":"7","image_path":"images/Dog/With_Backgrounds/difficulty7_image1.png","trial_type":"image-button-response","trial_index":63,"time_elapsed":116460,"internal_node_id":"0.0-2.0-0.61"},{"rt":1380,"stimulus":"images/Tree/With_Backgrounds/difficulty8_image3.png","response":6,"category":"Tree","background_difficulty":"8","image_path":"images/Tree/With_Backgrounds/difficulty8_image3.png","trial_type":"image-button-response","trial_index":64,"time_elapsed":117840,"internal_node_id":"0.0-2.0-0.62"},{"rt":1136,"stimulus":"images/Human/With_Backgrounds/difficulty3_image3.png","response":5,"category":"Human","background_difficulty":"3","image_path":"images/Human/With_Backgrounds/difficulty3_image3.png","trial_type":"image-button-response","trial_index":65,"time_elapsed":118978,"internal_node_id":"0.0-2.0-0.63"},{"rt":1727,"stimulus":"images/Other/With_Backgrounds/difficulty6_image7.png","response":7,"category":"Other","background_difficulty":"6","image_path":"images/Other/With_Backgrounds/difficulty6_image7.png","trial_type":"image-button-response","trial_index":66,"time_elapsed":120706,"internal_node_id":"0.0-2.0-0.64"},{"rt":2624,"stimulus":"images/Car/With_Backgrounds/difficulty0_image6.png","response":2,"category":"Car","background_difficulty":"0","image_path":"images/Car/With_Backgrounds/difficulty0_image6.png","trial_type":"image-button-response","trial_index":67,"time_elapsed":123331,"internal_node_id":"0.0-2.0-0.65"},{"rt":1136,"stimulus":"images/Broccoli/With_Backgrounds/difficulty7_image7.png","response":1,"category":"Broccoli","background_difficulty":"7","image_path":"images/Broccoli/With_Backgrounds/difficulty7_image7.png","trial_type":"image-button-response","trial_index":68,"time_elapsed":124468,"internal_node_id":"0.0-2.0-0.66"},{"rt":1386,"stimulus":"images/Tree/With_Backgrounds/difficulty3_image9.png","response":6,"category":"Tree","background_difficulty":"3","image_path":"images/Tree/With_Backgrounds/difficulty3_image9.png","trial_type":"image-button-response","trial_index":69,"time_elapsed":125855,"internal_node_id":"0.0-2.0-0.67"},{"rt":1125,"stimulus":"images/Human/With_Backgrounds/difficulty8_image7.png","response":5,"category":"Human","background_difficulty":"8","image_path":"images/Human/With_Backgrounds/difficulty8_image7.png","trial_type":"image-button-response","trial_index":70,"time_elapsed":126982,"internal_node_id":"0.0-2.0-0.68"},{"rt":674,"stimulus":"images/Human/With_Backgrounds/difficulty2_image6.png","response":5,"category":"Human","background_difficulty":"2","image_path":"images/Human/With_Backgrounds/difficulty2_image6.png","trial_type":"image-button-response","trial_index":71,"time_elapsed":127657,"internal_node_id":"0.0-2.0-0.69"},{"rt":1149,"stimulus":"images/Boat/With_Backgrounds/difficulty6_image5.png","response":0,"category":"Boat","background_difficulty":"6","image_path":"images/Boat/With_Backgrounds/difficulty6_image5.png","trial_type":"image-button-response","trial_index":72,"time_elapsed":128807,"internal_node_id":"0.0-2.0-0.70"},{"rt":1676,"stimulus":"images/Car/With_Backgrounds/difficulty5_image3.png","response":2,"category":"Car","background_difficulty":"5","image_path":"images/Car/With_Backgrounds/difficulty5_image3.png","trial_type":"image-button-response","trial_index":73,"time_elapsed":130484,"internal_node_id":"0.0-2.0-0.71"},{"rt":1878,"stimulus":["<h2>Press the button below to end experiment.</h2><p>Thank you for participating!</p>"],"response":0,"trial_type":"html-button-response","trial_index":74,"time_elapsed":132363,"internal_node_id":"0.0-3.0"}]