[{"success":true,"timeout":false,"failed_images":[],"failed_audio":[],"failed_video":[],"trial_type":"preload","trial_index":0,"time_elapsed":1797,"internal_node_id":"0.0-0.0"},{"rt":7423,"stimulus":["<h2>Noisy background image classification</h2><p>In this experiment you will briefly see images on top of colored squares of various sizes.</p><p>Your task is to report what each image is, selecting \"None of the Above\" if none of the given options are correct.</p> <p>The possible options are <strong>Boat</strong>, <strong>Broccoli</strong>, <strong>Car</strong>, <strong>Cat</strong>, <strong>Dog</strong>, <strong>Human</strong>, <strong>Tree</strong>, and <strong>None of the Above</strong>"],"response":0,"trial_type":"html-button-response","trial_index":1,"time_elapsed":9235,"internal_node_id":"0.0-1.0"},{"rt":2042,"stimulus":"images/Human/With_Backgrounds/difficulty8_image2.png","response":5,"category":"Human","background_difficulty":"8","image_path":"images/Human/With_Backgrounds/difficulty8_image2.png","trial_type":"image-button-response","trial_index":2,"time_elapsed":11284,"internal_node_id":"0.0-2.0-0.0"},{"rt":3184,"stimulus":"images/Boat/With_Backgrounds/difficulty3_image5.png","response":0,"category":"Boat","background_difficulty":"3","image_path":"images/Boat/With_Backgrounds/difficulty3_image5.png","trial_type":"image-button-response","trial_index":3,"time_elapsed":14471,"internal_node_id":"0.0-2.0-0.1"},{"rt":1700,"stimulus":"images/Dog/With_Backgrounds/difficulty8_image8.png","response":4,"category":"Dog","background_difficulty":"8","image_path":"images/Dog/With_Backgrounds/difficulty8_image8.png","trial_type":"image-button-response","trial_index":4,"time_elapsed":16172,"internal_node_id":"0.0-2.0-0.2"},{"rt":2176,"stimulus":"images/Tree/With_Backgrounds/difficulty0_image8.png","response":6,"category":"Tree","background_difficulty":"0","image_path":"images/Tree/With_Backgrounds/difficulty0_image8.png","trial_type":"image-button-response","trial_index":5,"time_elapsed":18349,"internal_node_id":"0.0-2.0-0.3"},{"rt":992,"stimulus":"images/Tree/With_Backgrounds/difficulty5_image2.png","response":6,"category":"Tree","background_difficulty":"5","image_path":"images/Tree/With_Backgrounds/difficulty5_image2.png","trial_type":"image-button-response","trial_index":6,"time_elapsed":19343,"internal_node_id":"0.0-2.0-0.4"},{"rt":1930,"stimulus":"images/Cat/With_Backgrounds/difficulty6_image5.png","response":3,"category":"Cat","background_difficulty":"6","image_path":"images/Cat/With_Backgrounds/difficulty6_image5.png","trial_type":"image-button-response","trial_index":7,"time_elapsed":21276,"internal_node_id":"0.0-2.0-0.5"},{"rt":1629,"stimulus":"images/Human/With_Backgrounds/difficulty2_image1.png","response":5,"category":"Human","background_difficulty":"2","image_path":"images/Human/With_Backgrounds/difficulty2_image1.png","trial_type":"image-button-response","trial_index":8,"time_elapsed":22907,"internal_node_id":"0.0-2.0-0.6"},{"rt":1728,"stimulus":"images/Human/With_Backgrounds/difficulty6_image6.png","response":5,"category":"Human","background_difficulty":"6","image_path":"images/Human/With_Backgrounds/difficulty6_image6.png","trial_type":"image-button-response","trial_index":9,"time_elapsed":24637,"internal_node_id":"0.0-2.0-0.7"},{"rt":2218,"stimulus":"images/Cat/With_Backgrounds/difficulty3_image8.png","response":3,"category":"Cat","background_difficulty":"3","image_path":"images/Cat/With_Backgrounds/difficulty3_image8.png","trial_type":"image-button-response","trial_index":10,"time_elapsed":26857,"internal_node_id":"0.0-2.0-0.8"},{"rt":1650,"stimulus":"images/Broccoli/With_Backgrounds/difficulty0_image7.png","response":1,"category":"Broccoli","background_difficulty":"0","image_path":"images/Broccoli/With_Backgrounds/difficulty0_image7.png","trial_type":"image-button-response","trial_index":11,"time_elapsed":28509,"internal_node_id":"0.0-2.0-0.9"},{"rt":3730,"stimulus":"images/Other/With_Backgrounds/difficulty4_image8.png","response":7,"category":"Other","background_difficulty":"4","image_path":"images/Other/With_Backgrounds/difficulty4_image8.png","trial_type":"image-button-response","trial_index":12,"time_elapsed":32241,"internal_node_id":"0.0-2.0-0.10"},{"rt":2407,"stimulus":"images/Car/With_Backgrounds/difficulty8_image9.png","response":2,"category":"Car","background_difficulty":"8","image_path":"images/Car/With_Backgrounds/difficulty8_image9.png","trial_type":"image-button-response","trial_index":13,"time_elapsed":34650,"internal_node_id":"0.0-2.0-0.11"},{"rt":1741,"stimulus":"images/Broccoli/With_Backgrounds/difficulty1_image6.png","response":1,"category":"Broccoli","background_difficulty":"1","image_path":"images/Broccoli/With_Backgrounds/difficulty1_image6.png","trial_type":"image-button-response","trial_index":14,"time_elapsed":36392,"internal_node_id":"0.0-2.0-0.12"},{"rt":1520,"stimulus":"images/Cat/With_Backgrounds/difficulty8_image6.png","response":3,"category":"Cat","background_difficulty":"8","image_path":"images/Cat/With_Backgrounds/difficulty8_image6.png","trial_type":"image-button-response","trial_index":15,"time_elapsed":37914,"internal_node_id":"0.0-2.0-0.13"},{"rt":1153,"stimulus":"images/Broccoli/With_Backgrounds/difficulty6_image2.png","response":1,"category":"Broccoli","background_difficulty":"6","image_path":"images/Broccoli/With_Backgrounds/difficulty6_image2.png","trial_type":"image-button-response","trial_index":16,"time_elapsed":39068,"internal_node_id":"0.0-2.0-0.14"},{"rt":2300,"stimulus":"images/Dog/With_Backgrounds/difficulty7_image9.png","response":4,"category":"Dog","background_difficulty":"7","image_path":"images/Dog/With_Backgrounds/difficulty7_image9.png","trial_type":"image-button-response","trial_index":17,"time_elapsed":41370,"internal_node_id":"0.0-2.0-0.15"},{"rt":1315,"stimulus":"images/Cat/With_Backgrounds/difficulty0_image1.png","response":3,"category":"Cat","background_difficulty":"0","image_path":"images/Cat/With_Backgrounds/difficulty0_image1.png","trial_type":"image-button-response","trial_index":18,"time_elapsed":42687,"internal_node_id":"0.0-2.0-0.16"},{"rt":2284,"stimulus":"images/Other/With_Backgrounds/difficulty8_image4.png","response":7,"category":"Other","background_difficulty":"8","image_path":"images/Other/With_Backgrounds/difficulty8_image4.png","trial_type":"image-button-response","trial_index":19,"time_elapsed":44973,"internal_node_id":"0.0-2.0-0.17"},{"rt":1949,"stimulus":"images/Boat/With_Backgrounds/difficulty5_image2.png","response":0,"category":"Boat","background_difficulty":"5","image_path":"images/Boat/With_Backgrounds/difficulty5_image2.png","trial_type":"image-button-response","trial_index":20,"time_elapsed":46924,"internal_node_id":"0.0-2.0-0.18"},{"rt":1252,"stimulus":"images/Broccoli/With_Backgrounds/difficulty7_image0.png","response":1,"category":"Broccoli","background_difficulty":"7","image_path":"images/Broccoli/With_Backgrounds/difficulty7_image0.png","trial_type":"image-button-response","trial_index":21,"time_elapsed":48178,"internal_node_id":"0.0-2.0-0.19"},{"rt":1644,"stimulus":"images/Dog/With_Backgrounds/difficulty3_image4.png","response":4,"category":"Dog","background_difficulty":"3","image_path":"images/Dog/With_Backgrounds/difficulty3_image4.png","trial_type":"image-button-response","trial_index":22,"time_elapsed":49824,"internal_node_id":"0.0-2.0-0.20"},{"rt":1820,"stimulus":"images/Tree/With_Backgrounds/difficulty2_image4.png","response":6,"category":"Tree","background_difficulty":"2","image_path":"images/Tree/With_Backgrounds/difficulty2_image4.png","trial_type":"image-button-response","trial_index":23,"time_elapsed":51646,"internal_node_id":"0.0-2.0-0.21"},{"rt":2176,"stimulus":"images/Broccoli/With_Backgrounds/difficulty3_image8.png","response":1,"category":"Broccoli","background_difficulty":"3","image_path":"images/Broccoli/With_Backgrounds/difficulty3_image8.png","trial_type":"image-button-response","trial_index":24,"time_elapsed":53823,"internal_node_id":"0.0-2.0-0.22"},{"rt":1447,"stimulus":"images/Human/With_Backgrounds/difficulty4_image9.png","response":5,"category":"Human","background_difficulty":"4","image_path":"images/Human/With_Backgrounds/difficulty4_image9.png","trial_type":"image-button-response","trial_index":25,"time_elapsed":55272,"internal_node_id":"0.0-2.0-0.23"},{"rt":2247,"stimulus":"images/Car/With_Backgrounds/difficulty5_image7.png","response":2,"category":"Car","background_difficulty":"5","image_path":"images/Car/With_Backgrounds/difficulty5_image7.png","trial_type":"image-button-response","trial_index":26,"time_elapsed":57521,"internal_node_id":"0.0-2.0-0.24"},{"rt":1427,"stimulus":"images/Dog/With_Backgrounds/difficulty5_image6.png","response":4,"category":"Dog","background_difficulty":"5","image_path":"images/Dog/With_Backgrounds/difficulty5_image6.png","trial_type":"image-button-response","trial_index":27,"time_elapsed":58950,"internal_node_id":"0.0-2.0-0.25"},{"rt":1371,"stimulus":"images/Boat/With_Backgrounds/difficulty7_image1.png","response":0,"category":"Boat","background_difficulty":"7","image_path":"images/Boat/With_Backgrounds/difficulty7_image1.png","trial_type":"image-button-response","trial_index":28,"time_elapsed":60322,"internal_node_id":"0.0-2.0-0.26"},{"rt":1454,"stimulus":"images/Dog/With_Backgrounds/difficulty6_image0.png","response":4,"category":"Dog","background_difficulty":"6","image_path":"images/Dog/With_Backgrounds/difficulty6_image0.png","trial_type":"image-button-response","trial_index":29,"time_elapsed":61778,"internal_node_id":"0.0-2.0-0.27"},{"rt":1336,"stimulus":"images/Boat/With_Backgrounds/difficulty4_image6.png","response":0,"category":"Boat","background_difficulty":"4","image_path":"images/Boat/With_Backgrounds/difficulty4_image6.png","trial_type":"image-button-response","trial_index":30,"time_elapsed":63116,"internal_node_id":"0.0-2.0-0.28"},{"rt":1448,"stimulus":"images/Other/With_Backgrounds/difficulty5_image9.png","response":7,"category":"Other","background_difficulty":"5","image_path":"images/Other/With_Backgrounds/difficulty5_image9.png","trial_type":"image-button-response","trial_index":31,"time_elapsed":64565,"internal_node_id":"0.0-2.0-0.29"},{"rt":2847,"stimulus":"images/Dog/With_Backgrounds/difficulty4_image3.png","response":4,"category":"Dog","background_difficulty":"4","image_path":"images/Dog/With_Backgrounds/difficulty4_image3.png","trial_type":"image-button-response","trial_index":32,"time_elapsed":67414,"internal_node_id":"0.0-2.0-0.30"},{"rt":1168,"stimulus":"images/Cat/With_Backgrounds/difficulty2_image7.png","response":3,"category":"Cat","background_difficulty":"2","image_path":"images/Cat/With_Backgrounds/difficulty2_image7.png","trial_type":"image-button-response","trial_index":33,"time_elapsed":68584,"internal_node_id":"0.0-2.0-0.31"},{"rt":1190,"stimulus":"images/Cat/With_Backgrounds/difficulty5_image4.png","response":3,"category":"Cat","background_difficulty":"5","image_path":"images/Cat/With_Backgrounds/difficulty5_image4.png","trial_type":"image-button-response","trial_index":34,"time_elapsed":69775,"internal_node_id":"0.0-2.0-0.32"},{"rt":1839,"stimulus":"images/Tree/With_Backgrounds/difficulty8_image1.png","response":6,"category":"Tree","background_difficulty":"8","image_path":"images/Tree/With_Backgrounds/difficulty8_image1.png","trial_type":"image-button-response","trial_index":35,"time_elapsed":71616,"internal_node_id":"0.0-2.0-0.33"},{"rt":2519,"stimulus":"images/Other/With_Backgrounds/difficulty6_image5.png","response":7,"category":"Other","background_difficulty":"6","image_path":"images/Other/With_Backgrounds/difficulty6_image5.png","trial_type":"image-button-response","trial_index":36,"time_elapsed":74137,"internal_node_id":"0.0-2.0-0.34"},{"rt":1637,"stimulus":"images/Broccoli/With_Backgrounds/difficulty8_image5.png","response":1,"category":"Broccoli","background_difficulty":"8","image_path":"images/Broccoli/With_Backgrounds/difficulty8_image5.png","trial_type":"image-button-response","trial_index":37,"time_elapsed":75776,"internal_node_id":"0.0-2.0-0.35"},{"rt":1918,"stimulus":"images/Tree/With_Backgrounds/difficulty1_image7.png","response":6,"category":"Tree","background_difficulty":"1","image_path":"images/Tree/With_Backgrounds/difficulty1_image7.png","trial_type":"image-button-response","trial_index":38,"time_elapsed":77696,"internal_node_id":"0.0-2.0-0.36"},{"rt":1553,"stimulus":"images/Boat/With_Backgrounds/difficulty6_image3.png","response":0,"category":"Boat","background_difficulty":"6","image_path":"images/Boat/With_Backgrounds/difficulty6_image3.png","trial_type":"image-button-response","trial_index":39,"time_elapsed":79251,"internal_node_id":"0.0-2.0-0.37"},{"rt":1624,"stimulus":"images/Cat/With_Backgrounds/difficulty7_image9.png","response":3,"category":"Cat","background_difficulty":"7","image_path":"images/Cat/With_Backgrounds/difficulty7_image9.png","trial_type":"image-button-response","trial_index":40,"time_elapsed":80876,"internal_node_id":"0.0-2.0-0.38"},{"rt":1693,"stimulus":"images/Car/With_Backgrounds/difficulty7_image4.png","response":2,"category":"Car","background_difficulty":"7","image_path":"images/Car/With_Backgrounds/difficulty7_image4.png","trial_type":"image-button-response","trial_index":41,"time_elapsed":82571,"internal_node_id":"0.0-2.0-0.39"},{"rt":1385,"stimulus":"images/Human/With_Backgrounds/difficulty5_image8.png","response":5,"category":"Human","background_difficulty":"5","image_path":"images/Human/With_Backgrounds/difficulty5_image8.png","trial_type":"image-button-response","trial_index":42,"time_elapsed":83958,"internal_node_id":"0.0-2.0-0.40"},{"rt":1547,"stimulus":"images/Broccoli/With_Backgrounds/difficulty2_image3.png","response":1,"category":"Broccoli","background_difficulty":"2","image_path":"images/Broccoli/With_Backgrounds/difficulty2_image3.png","trial_type":"image-button-response","trial_index":43,"time_elapsed":85507,"internal_node_id":"0.0-2.0-0.41"},{"rt":2157,"stimulus":"images/Other/With_Backgrounds/difficulty3_image0.png","response":7,"category":"Other","background_difficulty":"3","image_path":"images/Other/With_Backgrounds/difficulty3_image0.png","trial_type":"image-button-response","trial_index":44,"time_elapsed":87666,"internal_node_id":"0.0-2.0-0.42"},{"rt":1520,"stimulus":"images/Human/With_Backgrounds/difficulty7_image4.png","response":5,"category":"Human","background_difficulty":"7","image_path":"images/Human/With_Backgrounds/difficulty7_image4.png","trial_type":"image-button-response","trial_index":45,"time_elapsed":89187,"internal_node_id":"0.0-2.0-0.43"},{"rt":1646,"stimulus":"images/Other/With_Backgrounds/difficulty2_image2.png","response":7,"category":"Other","background_difficulty":"2","image_path":"images/Other/With_Backgrounds/difficulty2_image2.png","trial_type":"image-button-response","trial_index":46,"time_elapsed":90835,"internal_node_id":"0.0-2.0-0.44"},{"rt":1763,"stimulus":"images/Car/With_Backgrounds/difficulty3_image6.png","response":2,"category":"Car","background_difficulty":"3","image_path":"images/Car/With_Backgrounds/difficulty3_image6.png","trial_type":"image-button-response","trial_index":47,"time_elapsed":92600,"internal_node_id":"0.0-2.0-0.45"},{"rt":1744,"stimulus":"images/Other/With_Backgrounds/difficulty7_image1.png","response":7,"category":"Other","background_difficulty":"7","image_path":"images/Other/With_Backgrounds/difficulty7_image1.png","trial_type":"image-button-response","trial_index":48,"time_elapsed":94346,"internal_node_id":"0.0-2.0-0.46"},{"rt":1466,"stimulus":"images/Broccoli/With_Backgrounds/difficulty5_image1.png","response":1,"category":"Broccoli","background_difficulty":"5","image_path":"images/Broccoli/With_Backgrounds/difficulty5_image1.png","trial_type":"image-button-response","trial_index":49,"time_elapsed":95813,"internal_node_id":"0.0-2.0-0.47"},{"rt":1371,"stimulus":"images/Human/With_Backgrounds/difficulty3_image5.png","response":5,"category":"Human","background_difficulty":"3","image_path":"images/Human/With_Backgrounds/difficulty3_image5.png","trial_type":"image-button-response","trial_index":50,"time_elapsed":97186,"internal_node_id":"0.0-2.0-0.48"},{"rt":1574,"stimulus":"images/Tree/With_Backgrounds/difficulty3_image5.png","response":6,"category":"Tree","background_difficulty":"3","image_path":"images/Tree/With_Backgrounds/difficulty3_image5.png","trial_type":"image-button-response","trial_index":51,"time_elapsed":98763,"internal_node_id":"0.0-2.0-0.49"},{"rt":1952,"stimulus":"images/Dog/With_Backgrounds/difficulty2_image7.png","response":4,"category":"Dog","background_difficulty":"2","image_path":"images/Dog/With_Backgrounds/difficulty2_image7.png","trial_type":"image-button-response","trial_index":52,"time_elapsed":100716,"internal_node_id":"0.0-2.0-0.50"},{"rt":1391,"stimulus":"images/Boat/With_Backgrounds/difficulty2_image0.png","response":0,"category":"Boat","background_difficulty":"2","image_path":"images/Boat/With_Backgrounds/difficulty2_image0.png","trial_type":"image-button-response","trial_index":53,"time_elapsed":102109,"internal_node_id":"0.0-2.0-0.51"},{"rt":1721,"stimulus":"images/Car/With_Backgrounds/difficulty2_image2.png","response":2,"category":"Car","background_difficulty":"2","image_path":"images/Car/With_Backgrounds/difficulty2_image2.png","trial_type":"image-button-response","trial_index":54,"time_elapsed":103831,"internal_node_id":"0.0-2.0-0.52"},{"rt":1309,"stimulus":"images/Car/With_Backgrounds/difficulty0_image0.png","response":2,"category":"Car","background_difficulty":"0","image_path":"images/Car/With_Backgrounds/difficulty0_image0.png","trial_type":"image-button-response","trial_index":55,"time_elapsed":105142,"internal_node_id":"0.0-2.0-0.53"},{"rt":1348,"stimulus":"images/Tree/With_Backgrounds/difficulty7_image3.png","response":6,"category":"Tree","background_difficulty":"7","image_path":"images/Tree/With_Backgrounds/difficulty7_image3.png","trial_type":"image-button-response","trial_index":56,"time_elapsed":106492,"internal_node_id":"0.0-2.0-0.54"},{"rt":1344,"stimulus":"images/Broccoli/With_Backgrounds/difficulty4_image9.png","response":1,"category":"Broccoli","background_difficulty":"4","image_path":"images/Broccoli/With_Backgrounds/difficulty4_image9.png","trial_type":"image-button-response","trial_index":57,"time_elapsed":107837,"internal_node_id":"0.0-2.0-0.55"},{"rt":1547,"stimulus":"images/Cat/With_Backgrounds/difficulty1_image0.png","response":3,"category":"Cat","background_difficulty":"1","image_path":"images/Cat/With_Backgrounds/difficulty1_image0.png","trial_type":"image-button-response","trial_index":58,"time_elapsed":109387,"internal_node_id":"0.0-2.0-0.56"},{"rt":1524,"stimulus":"images/Other/With_Backgrounds/difficulty0_image6.png","response":7,"category":"Other","background_difficulty":"0","image_path":"images/Other/With_Backgrounds/difficulty0_image6.png","trial_type":"image-button-response","trial_index":59,"time_elapsed":110912,"internal_node_id":"0.0-2.0-0.57"},{"rt":1245,"stimulus":"images/Human/With_Backgrounds/difficulty1_image3.png","response":5,"category":"Human","background_difficulty":"1","image_path":"images/Human/With_Backgrounds/difficulty1_image3.png","trial_type":"image-button-response","trial_index":60,"time_elapsed":112158,"internal_node_id":"0.0-2.0-0.58"},{"rt":1533,"stimulus":"images/Car/With_Backgrounds/difficulty6_image1.png","response":2,"category":"Car","background_difficulty":"6","image_path":"images/Car/With_Backgrounds/difficulty6_image1.png","trial_type":"image-button-response","trial_index":61,"time_elapsed":113693,"internal_node_id":"0.0-2.0-0.59"},{"rt":1411,"stimulus":"images/Dog/With_Backgrounds/difficulty0_image2.png","response":4,"category":"Dog","background_difficulty":"0","image_path":"images/Dog/With_Backgrounds/difficulty0_image2.png","trial_type":"image-button-response","trial_index":62,"time_elapsed":115106,"internal_node_id":"0.0-2.0-0.60"},{"rt":1561,"stimulus":"images/Tree/With_Backgrounds/difficulty4_image0.png","response":6,"category":"Tree","background_difficulty":"4","image_path":"images/Tree/With_Backgrounds/difficulty4_image0.png","trial_type":"image-button-response","trial_index":63,"time_elapsed":116668,"internal_node_id":"0.0-2.0-0.61"},{"rt":1371,"stimulus":"images/Dog/With_Backgrounds/difficulty1_image5.png","response":4,"category":"Dog","background_difficulty":"1","image_path":"images/Dog/With_Backgrounds/difficulty1_image5.png","trial_type":"image-button-response","trial_index":64,"time_elapsed":118042,"internal_node_id":"0.0-2.0-0.62"},{"rt":1767,"stimulus":"images/Tree/With_Backgrounds/difficulty6_image6.png","response":6,"category":"Tree","background_difficulty":"6","image_path":"images/Tree/With_Backgrounds/difficulty6_image6.png","trial_type":"image-button-response","trial_index":65,"time_elapsed":119810,"internal_node_id":"0.0-2.0-0.63"},{"rt":1290,"stimulus":"images/Other/With_Backgrounds/difficulty1_image3.png","response":7,"category":"Other","background_difficulty":"1","image_path":"images/Other/With_Backgrounds/difficulty1_image3.png","trial_type":"image-button-response","trial_index":66,"time_elapsed":121102,"internal_node_id":"0.0-2.0-0.64"},{"rt":1210,"stimulus":"images/Car/With_Backgrounds/difficulty4_image8.png","response":2,"category":"Car","background_difficulty":"4","image_path":"images/Car/With_Backgrounds/difficulty4_image8.png","trial_type":"image-button-response","trial_index":67,"time_elapsed":122313,"internal_node_id":"0.0-2.0-0.65"},{"rt":1215,"stimulus":"images/Boat/With_Backgrounds/difficulty8_image4.png","response":0,"category":"Boat","background_difficulty":"8","image_path":"images/Boat/With_Backgrounds/difficulty8_image4.png","trial_type":"image-button-response","trial_index":68,"time_elapsed":123530,"internal_node_id":"0.0-2.0-0.66"},{"rt":1218,"stimulus":"images/Car/With_Backgrounds/difficulty1_image5.png","response":2,"category":"Car","background_difficulty":"1","image_path":"images/Car/With_Backgrounds/difficulty1_image5.png","trial_type":"image-button-response","trial_index":69,"time_elapsed":124750,"internal_node_id":"0.0-2.0-0.67"},{"rt":1833,"stimulus":"images/Cat/With_Backgrounds/difficulty4_image3.png","response":3,"category":"Cat","background_difficulty":"4","image_path":"images/Cat/With_Backgrounds/difficulty4_image3.png","trial_type":"image-button-response","trial_index":70,"time_elapsed":126585,"internal_node_id":"0.0-2.0-0.68"},{"rt":1399,"stimulus":"images/Boat/With_Backgrounds/difficulty0_image7.png","response":0,"category":"Boat","background_difficulty":"0","image_path":"images/Boat/With_Backgrounds/difficulty0_image7.png","trial_type":"image-button-response","trial_index":71,"time_elapsed":127986,"internal_node_id":"0.0-2.0-0.69"},{"rt":1119,"stimulus":"images/Boat/With_Backgrounds/difficulty1_image8.png","response":0,"category":"Boat","background_difficulty":"1","image_path":"images/Boat/With_Backgrounds/difficulty1_image8.png","trial_type":"image-button-response","trial_index":72,"time_elapsed":129107,"internal_node_id":"0.0-2.0-0.70"},{"rt":1391,"stimulus":"images/Human/With_Backgrounds/difficulty0_image7.png","response":5,"category":"Human","background_difficulty":"0","image_path":"images/Human/With_Backgrounds/difficulty0_image7.png","trial_type":"image-button-response","trial_index":73,"time_elapsed":130500,"internal_node_id":"0.0-2.0-0.71"},{"rt":1871,"stimulus":["<h2>Press the button below to end experiment.</h2><p>Thank you for participating!</p>"],"response":0,"trial_type":"html-button-response","trial_index":74,"time_elapsed":132371,"internal_node_id":"0.0-3.0"}]