[{"success":true,"timeout":false,"failed_images":[],"failed_audio":[],"failed_video":[],"trial_type":"preload","trial_index":0,"time_elapsed":1467,"internal_node_id":"0.0-0.0"},{"rt":13912,"stimulus":["<h2>Noisy background image classification</h2><p>In this experiment you will briefly see images on top of colored squares of various sizes.</p><p>Your task is to report what each image is, selecting \"None of the Above\" if none of the given options are correct.</p> <p>The possible options are <strong>Boat</strong>, <strong>Broccoli</strong>, <strong>Car</strong>, <strong>Cat</strong>, <strong>Dog</strong>, <strong>Human</strong>, <strong>Tree</strong>, and <strong>None of the Above</strong>"],"response":0,"trial_type":"html-button-response","trial_index":1,"time_elapsed":15380,"internal_node_id":"0.0-1.0"},{"rt":2153,"stimulus":"images/Dog/With_Backgrounds/difficulty3_image6.png","response":4,"category":"Dog","background_difficulty":"3","image_path":"images/Dog/With_Backgrounds/difficulty3_image6.png","trial_type":"image-button-response","trial_index":2,"time_elapsed":17543,"internal_node_id":"0.0-2.0-0.0"},{"rt":1110,"stimulus":"images/Dog/With_Backgrounds/difficulty2_image1.png","response":4,"category":"Dog","background_difficulty":"2","image_path":"images/Dog/With_Backgrounds/difficulty2_image1.png","trial_type":"image-button-response","trial_index":3,"time_elapsed":18654,"internal_node_id":"0.0-2.0-0.1"},{"rt":5828,"stimulus":"images/Other/With_Backgrounds/difficulty6_image3.png","response":7,"category":"Other","background_difficulty":"6","image_path":"images/Other/With_Backgrounds/difficulty6_image3.png","trial_type":"image-button-response","trial_index":4,"time_elapsed":24484,"internal_node_id":"0.0-2.0-0.2"},{"rt":1843,"stimulus":"images/Broccoli/With_Backgrounds/difficulty7_image3.png","response":1,"category":"Broccoli","background_difficulty":"7","image_path":"images/Broccoli/With_Backgrounds/difficulty7_image3.png","trial_type":"image-button-response","trial_index":5,"time_elapsed":26329,"internal_node_id":"0.0-2.0-0.3"},{"rt":2091,"stimulus":"images/Tree/With_Backgrounds/difficulty6_image6.png","response":6,"category":"Tree","background_difficulty":"6","image_path":"images/Tree/With_Backgrounds/difficulty6_image6.png","trial_type":"image-button-response","trial_index":6,"time_elapsed":28421,"internal_node_id":"0.0-2.0-0.4"},{"rt":1539,"stimulus":"images/Dog/With_Backgrounds/difficulty0_image9.png","response":4,"category":"Dog","background_difficulty":"0","image_path":"images/Dog/With_Backgrounds/difficulty0_image9.png","trial_type":"image-button-response","trial_index":7,"time_elapsed":29961,"internal_node_id":"0.0-2.0-0.5"},{"rt":3222,"stimulus":"images/Other/With_Backgrounds/difficulty2_image4.png","response":7,"category":"Other","background_difficulty":"2","image_path":"images/Other/With_Backgrounds/difficulty2_image4.png","trial_type":"image-button-response","trial_index":8,"time_elapsed":33185,"internal_node_id":"0.0-2.0-0.6"},{"rt":1677,"stimulus":"images/Dog/With_Backgrounds/difficulty1_image7.png","response":4,"category":"Dog","background_difficulty":"1","image_path":"images/Dog/With_Backgrounds/difficulty1_image7.png","trial_type":"image-button-response","trial_index":9,"time_elapsed":34863,"internal_node_id":"0.0-2.0-0.7"},{"rt":3054,"stimulus":"images/Car/With_Backgrounds/difficulty5_image7.png","response":2,"category":"Car","background_difficulty":"5","image_path":"images/Car/With_Backgrounds/difficulty5_image7.png","trial_type":"image-button-response","trial_index":10,"time_elapsed":37918,"internal_node_id":"0.0-2.0-0.8"},{"rt":1779,"stimulus":"images/Boat/With_Backgrounds/difficulty6_image0.png","response":0,"category":"Boat","background_difficulty":"6","image_path":"images/Boat/With_Backgrounds/difficulty6_image0.png","trial_type":"image-button-response","trial_index":11,"time_elapsed":39698,"internal_node_id":"0.0-2.0-0.9"},{"rt":2452,"stimulus":"images/Tree/With_Backgrounds/difficulty2_image4.png","response":6,"category":"Tree","background_difficulty":"2","image_path":"images/Tree/With_Backgrounds/difficulty2_image4.png","trial_type":"image-button-response","trial_index":12,"time_elapsed":42151,"internal_node_id":"0.0-2.0-0.10"},{"rt":1211,"stimulus":"images/Tree/With_Backgrounds/difficulty5_image7.png","response":6,"category":"Tree","background_difficulty":"5","image_path":"images/Tree/With_Backgrounds/difficulty5_image7.png","trial_type":"image-button-response","trial_index":13,"time_elapsed":43363,"internal_node_id":"0.0-2.0-0.11"},{"rt":1716,"stimulus":"images/Broccoli/With_Backgrounds/difficulty2_image6.png","response":1,"category":"Broccoli","background_difficulty":"2","image_path":"images/Broccoli/With_Backgrounds/difficulty2_image6.png","trial_type":"image-button-response","trial_index":14,"time_elapsed":45080,"internal_node_id":"0.0-2.0-0.12"},{"rt":1785,"stimulus":"images/Human/With_Backgrounds/difficulty0_image4.png","response":5,"category":"Human","background_difficulty":"0","image_path":"images/Human/With_Backgrounds/difficulty0_image4.png","trial_type":"image-button-response","trial_index":15,"time_elapsed":46866,"internal_node_id":"0.0-2.0-0.13"},{"rt":2710,"stimulus":"images/Other/With_Backgrounds/difficulty7_image7.png","response":7,"category":"Other","background_difficulty":"7","image_path":"images/Other/With_Backgrounds/difficulty7_image7.png","trial_type":"image-button-response","trial_index":16,"time_elapsed":49577,"internal_node_id":"0.0-2.0-0.14"},{"rt":2080,"stimulus":"images/Cat/With_Backgrounds/difficulty8_image9.png","response":3,"category":"Cat","background_difficulty":"8","image_path":"images/Cat/With_Backgrounds/difficulty8_image9.png","trial_type":"image-button-response","trial_index":17,"time_elapsed":51658,"internal_node_id":"0.0-2.0-0.15"},{"rt":1765,"stimulus":"images/Boat/With_Backgrounds/difficulty2_image2.png","response":0,"category":"Boat","background_difficulty":"2","image_path":"images/Boat/With_Backgrounds/difficulty2_image2.png","trial_type":"image-button-response","trial_index":18,"time_elapsed":53425,"internal_node_id":"0.0-2.0-0.16"},{"rt":1590,"stimulus":"images/Human/With_Backgrounds/difficulty1_image3.png","response":5,"category":"Human","background_difficulty":"1","image_path":"images/Human/With_Backgrounds/difficulty1_image3.png","trial_type":"image-button-response","trial_index":19,"time_elapsed":55016,"internal_node_id":"0.0-2.0-0.17"},{"rt":2069,"stimulus":"images/Tree/With_Backgrounds/difficulty8_image1.png","response":6,"category":"Tree","background_difficulty":"8","image_path":"images/Tree/With_Backgrounds/difficulty8_image1.png","trial_type":"image-button-response","trial_index":20,"time_elapsed":57086,"internal_node_id":"0.0-2.0-0.18"},{"rt":1548,"stimulus":"images/Boat/With_Backgrounds/difficulty5_image4.png","response":0,"category":"Boat","background_difficulty":"5","image_path":"images/Boat/With_Backgrounds/difficulty5_image4.png","trial_type":"image-button-response","trial_index":21,"time_elapsed":58635,"internal_node_id":"0.0-2.0-0.19"},{"rt":1597,"stimulus":"images/Tree/With_Backgrounds/difficulty4_image8.png","response":6,"category":"Tree","background_difficulty":"4","image_path":"images/Tree/With_Backgrounds/difficulty4_image8.png","trial_type":"image-button-response","trial_index":22,"time_elapsed":60234,"internal_node_id":"0.0-2.0-0.20"},{"rt":1188,"stimulus":"images/Human/With_Backgrounds/difficulty5_image5.png","response":5,"category":"Human","background_difficulty":"5","image_path":"images/Human/With_Backgrounds/difficulty5_image5.png","trial_type":"image-button-response","trial_index":23,"time_elapsed":61423,"internal_node_id":"0.0-2.0-0.21"},{"rt":1434,"stimulus":"images/Other/With_Backgrounds/difficulty3_image2.png","response":7,"category":"Other","background_difficulty":"3","image_path":"images/Other/With_Backgrounds/difficulty3_image2.png","trial_type":"image-button-response","trial_index":24,"time_elapsed":62858,"internal_node_id":"0.0-2.0-0.22"},{"rt":1619,"stimulus":"images/Other/With_Backgrounds/difficulty5_image6.png","response":7,"category":"Other","background_difficulty":"5","image_path":"images/Other/With_Backgrounds/difficulty5_image6.png","trial_type":"image-button-response","trial_index":25,"time_elapsed":64479,"internal_node_id":"0.0-2.0-0.23"},{"rt":1944,"stimulus":"images/Dog/With_Backgrounds/difficulty6_image5.png","response":4,"category":"Dog","background_difficulty":"6","image_path":"images/Dog/With_Backgrounds/difficulty6_image5.png","trial_type":"image-button-response","trial_index":26,"time_elapsed":66424,"internal_node_id":"0.0-2.0-0.24"},{"rt":1465,"stimulus":"images/Boat/With_Backgrounds/difficulty4_image5.png","response":0,"category":"Boat","background_difficulty":"4","image_path":"images/Boat/With_Backgrounds/difficulty4_image5.png","trial_type":"image-button-response","trial_index":27,"time_elapsed":67890,"internal_node_id":"0.0-2.0-0.25"},{"rt":1222,"stimulus":"images/Human/With_Backgrounds/difficulty4_image6.png","response":5,"category":"Human","background_difficulty":"4","image_path":"images/Human/With_Backgrounds/difficulty4_image6.png","trial_type":"image-button-response","trial_index":28,"time_elapsed":69113,"internal_node_id":"0.0-2.0-0.26"},{"rt":1636,"stimulus":"images/Boat/With_Backgrounds/difficulty1_image3.png","response":0,"category":"Boat","background_difficulty":"1","image_path":"images/Boat/With_Backgrounds/difficulty1_image3.png","trial_type":"image-button-response","trial_index":29,"time_elapsed":70751,"internal_node_id":"0.0-2.0-0.27"},{"rt":1440,"stimulus":"images/Tree/With_Backgrounds/difficulty7_image0.png","response":6,"category":"Tree","background_difficulty":"7","image_path":"images/Tree/With_Backgrounds/difficulty7_image0.png","trial_type":"image-button-response","trial_index":30,"time_elapsed":72192,"internal_node_id":"0.0-2.0-0.28"},{"rt":1513,"stimulus":"images/Cat/With_Backgrounds/difficulty7_image0.png","response":3,"category":"Cat","background_difficulty":"7","image_path":"images/Cat/With_Backgrounds/difficulty7_image0.png","trial_type":"image-button-response","trial_index":31,"time_elapsed":73706,"internal_node_id":"0.0-2.0-0.29"},{"rt":1074,"stimulus":"images/Cat/With_Backgrounds/difficulty5_image3.png","response":3,"category":"Cat","background_difficulty":"5","image_path":"images/Cat/With_Backgrounds/difficulty5_image3.png","trial_type":"image-button-response","trial_index":32,"time_elapsed":74781,"internal_node_id":"0.0-2.0-0.30"},{"rt":1077,"stimulus":"images/Dog/With_Backgrounds/difficulty8_image0.png","response":4,"category":"Dog","background_difficulty":"8","image_path":"images/Dog/With_Backgrounds/difficulty8_image0.png","trial_type":"image-button-response","trial_index":33,"time_elapsed":75859,"internal_node_id":"0.0-2.0-0.31"},{"rt":1535,"stimulus":"images/Other/With_Backgrounds/difficulty4_image0.png","response":7,"category":"Other","background_difficulty":"4","image_path":"images/Other/With_Backgrounds/difficulty4_image0.png","trial_type":"image-button-response","trial_index":34,"time_elapsed":77395,"internal_node_id":"0.0-2.0-0.32"},{"rt":1711,"stimulus":"images/Boat/With_Backgrounds/difficulty0_image7.png","response":0,"category":"Boat","background_difficulty":"0","image_path":"images/Boat/With_Backgrounds/difficulty0_image7.png","trial_type":"image-button-response","trial_index":35,"time_elapsed":79107,"internal_node_id":"0.0-2.0-0.33"},{"rt":1258,"stimulus":"images/Cat/With_Backgrounds/difficulty3_image5.png","response":3,"category":"Cat","background_difficulty":"3","image_path":"images/Cat/With_Backgrounds/difficulty3_image5.png","trial_type":"image-button-response","trial_index":36,"time_elapsed":80365,"internal_node_id":"0.0-2.0-0.34"},{"rt":1237,"stimulus":"images/Human/With_Backgrounds/difficulty8_image2.png","response":5,"category":"Human","background_difficulty":"8","image_path":"images/Human/With_Backgrounds/difficulty8_image2.png","trial_type":"image-button-response","trial_index":37,"time_elapsed":81603,"internal_node_id":"0.0-2.0-0.35"},{"rt":1421,"stimulus":"images/Tree/With_Backgrounds/difficulty3_image2.png","response":6,"category":"Tree","background_difficulty":"3","image_path":"images/Tree/With_Backgrounds/difficulty3_image2.png","trial_type":"image-button-response","trial_index":38,"time_elapsed":83025,"internal_node_id":"0.0-2.0-0.36"},{"rt":1367,"stimulus":"images/Boat/With_Backgrounds/difficulty8_image8.png","response":0,"category":"Boat","background_difficulty":"8","image_path":"images/Boat/With_Backgrounds/difficulty8_image8.png","trial_type":"image-button-response","trial_index":39,"time_elapsed":84393,"internal_node_id":"0.0-2.0-0.37"},{"rt":1333,"stimulus":"images/Cat/With_Backgrounds/difficulty0_image6.png","response":3,"category":"Cat","background_difficulty":"0","image_path":"images/Cat/With_Backgrounds/difficulty0_image6.png","trial_type":"image-button-response","trial_index":40,"time_elapsed":85727,"internal_node_id":"0.0-2.0-0.38"},{"rt":1007,"stimulus":"images/Cat/With_Backgrounds/difficulty1_image7.png","response":3,"category":"Cat","background_difficulty":"1","image_path":"images/Cat/With_Backgrounds/difficulty1_image7.png","trial_type":"image-button-response","trial_index":41,"time_elapsed":86735,"internal_node_id":"0.0-2.0-0.39"},{"rt":957,"stimulus":"images/Cat/With_Backgrounds/difficulty4_image2.png","response":3,"category":"Cat","background_difficulty":"4","image_path":"images/Cat/With_Backgrounds/difficulty4_image2.png","trial_type":"image-button-response","trial_index":42,"time_elapsed":87693,"internal_node_id":"0.0-2.0-0.40"},{"rt":1347,"stimulus":"images/Boat/With_Backgrounds/difficulty3_image6.png","response":0,"category":"Boat","background_difficulty":"3","image_path":"images/Boat/With_Backgrounds/difficulty3_image6.png","trial_type":"image-button-response","trial_index":43,"time_elapsed":89041,"internal_node_id":"0.0-2.0-0.41"},{"rt":1476,"stimulus":"images/Human/With_Backgrounds/difficulty3_image7.png","response":5,"category":"Human","background_difficulty":"3","image_path":"images/Human/With_Backgrounds/difficulty3_image7.png","trial_type":"image-button-response","trial_index":44,"time_elapsed":90518,"internal_node_id":"0.0-2.0-0.42"},{"rt":1947,"stimulus":"images/Human/With_Backgrounds/difficulty2_image1.png","response":5,"category":"Human","background_difficulty":"2","image_path":"images/Human/With_Backgrounds/difficulty2_image1.png","trial_type":"image-button-response","trial_index":45,"time_elapsed":92467,"internal_node_id":"0.0-2.0-0.43"},{"rt":1242,"stimulus":"images/Dog/With_Backgrounds/difficulty5_image8.png","response":4,"category":"Dog","background_difficulty":"5","image_path":"images/Dog/With_Backgrounds/difficulty5_image8.png","trial_type":"image-button-response","trial_index":46,"time_elapsed":93710,"internal_node_id":"0.0-2.0-0.44"},{"rt":1262,"stimulus":"images/Car/With_Backgrounds/difficulty7_image2.png","response":2,"category":"Car","background_difficulty":"7","image_path":"images/Car/With_Backgrounds/difficulty7_image2.png","trial_type":"image-button-response","trial_index":47,"time_elapsed":94972,"internal_node_id":"0.0-2.0-0.45"},{"rt":889,"stimulus":"images/Car/With_Backgrounds/difficulty0_image6.png","response":2,"category":"Car","background_difficulty":"0","image_path":"images/Car/With_Backgrounds/difficulty0_image6.png","trial_type":"image-button-response","trial_index":48,"time_elapsed":95862,"internal_node_id":"0.0-2.0-0.46"},{"rt":1659,"stimulus":"images/Other/With_Backgrounds/difficulty8_image5.png","response":7,"category":"Other","background_difficulty":"8","image_path":"images/Other/With_Backgrounds/difficulty8_image5.png","trial_type":"image-button-response","trial_index":49,"time_elapsed":97523,"internal_node_id":"0.0-2.0-0.47"},{"rt":1274,"stimulus":"images/Dog/With_Backgrounds/difficulty4_image3.png","response":4,"category":"Dog","background_difficulty":"4","image_path":"images/Dog/With_Backgrounds/difficulty4_image3.png","trial_type":"image-button-response","trial_index":50,"time_elapsed":98798,"internal_node_id":"0.0-2.0-0.48"},{"rt":1341,"stimulus":"images/Car/With_Backgrounds/difficulty1_image9.png","response":2,"category":"Car","background_difficulty":"1","image_path":"images/Car/With_Backgrounds/difficulty1_image9.png","trial_type":"image-button-response","trial_index":51,"time_elapsed":100141,"internal_node_id":"0.0-2.0-0.49"},{"rt":789,"stimulus":"images/Car/With_Backgrounds/difficulty4_image5.png","response":2,"category":"Car","background_difficulty":"4","image_path":"images/Car/With_Backgrounds/difficulty4_image5.png","trial_type":"image-button-response","trial_index":52,"time_elapsed":100931,"internal_node_id":"0.0-2.0-0.50"},{"rt":1234,"stimulus":"images/Broccoli/With_Backgrounds/difficulty1_image8.png","response":1,"category":"Broccoli","background_difficulty":"1","image_path":"images/Broccoli/With_Backgrounds/difficulty1_image8.png","trial_type":"image-button-response","trial_index":53,"time_elapsed":102166,"internal_node_id":"0.0-2.0-0.51"},{"rt":877,"stimulus":"images/Broccoli/With_Backgrounds/difficulty4_image7.png","response":1,"category":"Broccoli","background_difficulty":"4","image_path":"images/Broccoli/With_Backgrounds/difficulty4_image7.png","trial_type":"image-button-response","trial_index":54,"time_elapsed":103044,"internal_node_id":"0.0-2.0-0.52"},{"rt":2659,"stimulus":"images/Other/With_Backgrounds/difficulty0_image8.png","response":7,"category":"Other","background_difficulty":"0","image_path":"images/Other/With_Backgrounds/difficulty0_image8.png","trial_type":"image-button-response","trial_index":55,"time_elapsed":105705,"internal_node_id":"0.0-2.0-0.53"},{"rt":1324,"stimulus":"images/Broccoli/With_Backgrounds/difficulty5_image4.png","response":1,"category":"Broccoli","background_difficulty":"5","image_path":"images/Broccoli/With_Backgrounds/difficulty5_image4.png","trial_type":"image-button-response","trial_index":56,"time_elapsed":107030,"internal_node_id":"0.0-2.0-0.54"},{"rt":1514,"stimulus":"images/Tree/With_Backgrounds/difficulty1_image9.png","response":6,"category":"Tree","background_difficulty":"1","image_path":"images/Tree/With_Backgrounds/difficulty1_image9.png","trial_type":"image-button-response","trial_index":57,"time_elapsed":108544,"internal_node_id":"0.0-2.0-0.55"},{"rt":1360,"stimulus":"images/Cat/With_Backgrounds/difficulty6_image1.png","response":3,"category":"Cat","background_difficulty":"6","image_path":"images/Cat/With_Backgrounds/difficulty6_image1.png","trial_type":"image-button-response","trial_index":58,"time_elapsed":109905,"internal_node_id":"0.0-2.0-0.56"},{"rt":1371,"stimulus":"images/Other/With_Backgrounds/difficulty1_image9.png","response":7,"category":"Other","background_difficulty":"1","image_path":"images/Other/With_Backgrounds/difficulty1_image9.png","trial_type":"image-button-response","trial_index":59,"time_elapsed":111277,"internal_node_id":"0.0-2.0-0.57"},{"rt":1369,"stimulus":"images/Broccoli/With_Backgrounds/difficulty8_image0.png","response":1,"category":"Broccoli","background_difficulty":"8","image_path":"images/Broccoli/With_Backgrounds/difficulty8_image0.png","trial_type":"image-button-response","trial_index":60,"time_elapsed":112647,"internal_node_id":"0.0-2.0-0.58"},{"rt":1754,"stimulus":"images/Tree/With_Backgrounds/difficulty0_image5.png","response":6,"category":"Tree","background_difficulty":"0","image_path":"images/Tree/With_Backgrounds/difficulty0_image5.png","trial_type":"image-button-response","trial_index":61,"time_elapsed":114403,"internal_node_id":"0.0-2.0-0.59"},{"rt":1491,"stimulus":"images/Car/With_Backgrounds/difficulty8_image4.png","response":2,"category":"Car","background_difficulty":"8","image_path":"images/Car/With_Backgrounds/difficulty8_image4.png","trial_type":"image-button-response","trial_index":62,"time_elapsed":115895,"internal_node_id":"0.0-2.0-0.60"},{"rt":1228,"stimulus":"images/Cat/With_Backgrounds/difficulty2_image8.png","response":3,"category":"Cat","background_difficulty":"2","image_path":"images/Cat/With_Backgrounds/difficulty2_image8.png","trial_type":"image-button-response","trial_index":63,"time_elapsed":117124,"internal_node_id":"0.0-2.0-0.61"},{"rt":1104,"stimulus":"images/Broccoli/With_Backgrounds/difficulty0_image1.png","response":1,"category":"Broccoli","background_difficulty":"0","image_path":"images/Broccoli/With_Backgrounds/difficulty0_image1.png","trial_type":"image-button-response","trial_index":64,"time_elapsed":118229,"internal_node_id":"0.0-2.0-0.62"},{"rt":1204,"stimulus":"images/Car/With_Backgrounds/difficulty2_image0.png","response":2,"category":"Car","background_difficulty":"2","image_path":"images/Car/With_Backgrounds/difficulty2_image0.png","trial_type":"image-button-response","trial_index":65,"time_elapsed":119434,"internal_node_id":"0.0-2.0-0.63"},{"rt":1128,"stimulus":"images/Human/With_Backgrounds/difficulty6_image0.png","response":5,"category":"Human","background_difficulty":"6","image_path":"images/Human/With_Backgrounds/difficulty6_image0.png","trial_type":"image-button-response","trial_index":66,"time_elapsed":120563,"internal_node_id":"0.0-2.0-0.64"},{"rt":907,"stimulus":"images/Human/With_Backgrounds/difficulty7_image8.png","response":5,"category":"Human","background_difficulty":"7","image_path":"images/Human/With_Backgrounds/difficulty7_image8.png","trial_type":"image-button-response","trial_index":67,"time_elapsed":121472,"internal_node_id":"0.0-2.0-0.65"},{"rt":1676,"stimulus":"images/Broccoli/With_Backgrounds/difficulty6_image9.png","response":1,"category":"Broccoli","background_difficulty":"6","image_path":"images/Broccoli/With_Backgrounds/difficulty6_image9.png","trial_type":"image-button-response","trial_index":68,"time_elapsed":123149,"internal_node_id":"0.0-2.0-0.66"},{"rt":1656,"stimulus":"images/Boat/With_Backgrounds/difficulty7_image1.png","response":0,"category":"Boat","background_difficulty":"7","image_path":"images/Boat/With_Backgrounds/difficulty7_image1.png","trial_type":"image-button-response","trial_index":69,"time_elapsed":124806,"internal_node_id":"0.0-2.0-0.67"},{"rt":1072,"stimulus":"images/Broccoli/With_Backgrounds/difficulty3_image5.png","response":1,"category":"Broccoli","background_difficulty":"3","image_path":"images/Broccoli/With_Backgrounds/difficulty3_image5.png","trial_type":"image-button-response","trial_index":70,"time_elapsed":125879,"internal_node_id":"0.0-2.0-0.68"},{"rt":1120,"stimulus":"images/Car/With_Backgrounds/difficulty6_image1.png","response":2,"category":"Car","background_difficulty":"6","image_path":"images/Car/With_Backgrounds/difficulty6_image1.png","trial_type":"image-button-response","trial_index":71,"time_elapsed":127001,"internal_node_id":"0.0-2.0-0.69"},{"rt":1188,"stimulus":"images/Dog/With_Backgrounds/difficulty7_image4.png","response":4,"category":"Dog","background_difficulty":"7","image_path":"images/Dog/With_Backgrounds/difficulty7_image4.png","trial_type":"image-button-response","trial_index":72,"time_elapsed":128189,"internal_node_id":"0.0-2.0-0.70"},{"rt":1187,"stimulus":"images/Car/With_Backgrounds/difficulty3_image8.png","response":2,"category":"Car","background_difficulty":"3","image_path":"images/Car/With_Backgrounds/difficulty3_image8.png","trial_type":"image-button-response","trial_index":73,"time_elapsed":129377,"internal_node_id":"0.0-2.0-0.71"},{"rt":1330,"stimulus":["<h2>Press the button below to end experiment.</h2><p>Thank you for participating!</p>"],"response":0,"trial_type":"html-button-response","trial_index":74,"time_elapsed":130708,"internal_node_id":"0.0-3.0"}]