[{"success":true,"timeout":false,"failed_images":[],"failed_audio":[],"failed_video":[],"trial_type":"preload","trial_index":0,"time_elapsed":943,"internal_node_id":"0.0-0.0"},{"rt":14474,"stimulus":["<h2>Noisy background image classification</h2><p>In this experiment you will briefly see images on top of colored squares of various sizes.</p><p>Your task is to report what each image is, selecting \"None of the Above\" if none of the given options are correct.</p> <p>The possible options are <strong>Boat</strong>, <strong>Broccoli</strong>, <strong>Car</strong>, <strong>Cat</strong>, <strong>Dog</strong>, <strong>Human</strong>, <strong>Tree</strong>, and <strong>None of the Above</strong>"],"response":0,"trial_type":"html-button-response","trial_index":1,"time_elapsed":15421,"internal_node_id":"0.0-1.0"},{"rt":7100,"stimulus":"images/Broccoli/With_Backgrounds/difficulty4_image6.png","response":1,"category":"Broccoli","background_difficulty":"4","image_path":"images/Broccoli/With_Backgrounds/difficulty4_image6.png","trial_type":"image-button-response","trial_index":2,"time_elapsed":22541,"internal_node_id":"0.0-2.0-0.0"},{"rt":2414,"stimulus":"images/Cat/With_Backgrounds/difficulty0_image9.png","response":3,"category":"Cat","background_difficulty":"0","image_path":"images/Cat/With_Backgrounds/difficulty0_image9.png","trial_type":"image-button-response","trial_index":3,"time_elapsed":24967,"internal_node_id":"0.0-2.0-0.1"},{"rt":3437,"stimulus":"images/Human/With_Backgrounds/difficulty4_image0.png","response":5,"category":"Human","background_difficulty":"4","image_path":"images/Human/With_Backgrounds/difficulty4_image0.png","trial_type":"image-button-response","trial_index":4,"time_elapsed":28417,"internal_node_id":"0.0-2.0-0.2"},{"rt":3077,"stimulus":"images/Dog/With_Backgrounds/difficulty1_image1.png","response":4,"category":"Dog","background_difficulty":"1","image_path":"images/Dog/With_Backgrounds/difficulty1_image1.png","trial_type":"image-button-response","trial_index":5,"time_elapsed":31507,"internal_node_id":"0.0-2.0-0.3"},{"rt":2874,"stimulus":"images/Car/With_Backgrounds/difficulty2_image4.png","response":2,"category":"Car","background_difficulty":"2","image_path":"images/Car/With_Backgrounds/difficulty2_image4.png","trial_type":"image-button-response","trial_index":6,"time_elapsed":34391,"internal_node_id":"0.0-2.0-0.4"},{"rt":2643,"stimulus":"images/Boat/With_Backgrounds/difficulty0_image4.png","response":0,"category":"Boat","background_difficulty":"0","image_path":"images/Boat/With_Backgrounds/difficulty0_image4.png","trial_type":"image-button-response","trial_index":7,"time_elapsed":37047,"internal_node_id":"0.0-2.0-0.5"},{"rt":2358,"stimulus":"images/Dog/With_Backgrounds/difficulty0_image4.png","response":4,"category":"Dog","background_difficulty":"0","image_path":"images/Dog/With_Backgrounds/difficulty0_image4.png","trial_type":"image-button-response","trial_index":8,"time_elapsed":39416,"internal_node_id":"0.0-2.0-0.6"},{"rt":4503,"stimulus":"images/Boat/With_Backgrounds/difficulty8_image7.png","response":7,"category":"Boat","background_difficulty":"8","image_path":"images/Boat/With_Backgrounds/difficulty8_image7.png","trial_type":"image-button-response","trial_index":9,"time_elapsed":43933,"internal_node_id":"0.0-2.0-0.7"},{"rt":2096,"stimulus":"images/Car/With_Backgrounds/difficulty4_image0.png","response":2,"category":"Car","background_difficulty":"4","image_path":"images/Car/With_Backgrounds/difficulty4_image0.png","trial_type":"image-button-response","trial_index":10,"time_elapsed":46040,"internal_node_id":"0.0-2.0-0.8"},{"rt":2407,"stimulus":"images/Other/With_Backgrounds/difficulty0_image2.png","response":7,"category":"Other","background_difficulty":"0","image_path":"images/Other/With_Backgrounds/difficulty0_image2.png","trial_type":"image-button-response","trial_index":11,"time_elapsed":48457,"internal_node_id":"0.0-2.0-0.9"},{"rt":3063,"stimulus":"images/Cat/With_Backgrounds/difficulty2_image8.png","response":3,"category":"Cat","background_difficulty":"2","image_path":"images/Cat/With_Backgrounds/difficulty2_image8.png","trial_type":"image-button-response","trial_index":12,"time_elapsed":51532,"internal_node_id":"0.0-2.0-0.10"},{"rt":2473,"stimulus":"images/Tree/With_Backgrounds/difficulty2_image8.png","response":7,"category":"Tree","background_difficulty":"2","image_path":"images/Tree/With_Backgrounds/difficulty2_image8.png","trial_type":"image-button-response","trial_index":13,"time_elapsed":54015,"internal_node_id":"0.0-2.0-0.11"},{"rt":1688,"stimulus":"images/Tree/With_Backgrounds/difficulty0_image2.png","response":6,"category":"Tree","background_difficulty":"0","image_path":"images/Tree/With_Backgrounds/difficulty0_image2.png","trial_type":"image-button-response","trial_index":14,"time_elapsed":55715,"internal_node_id":"0.0-2.0-0.12"},{"rt":2077,"stimulus":"images/Human/With_Backgrounds/difficulty8_image4.png","response":5,"category":"Human","background_difficulty":"8","image_path":"images/Human/With_Backgrounds/difficulty8_image4.png","trial_type":"image-button-response","trial_index":15,"time_elapsed":57806,"internal_node_id":"0.0-2.0-0.13"},{"rt":1997,"stimulus":"images/Broccoli/With_Backgrounds/difficulty3_image9.png","response":1,"category":"Broccoli","background_difficulty":"3","image_path":"images/Broccoli/With_Backgrounds/difficulty3_image9.png","trial_type":"image-button-response","trial_index":16,"time_elapsed":59815,"internal_node_id":"0.0-2.0-0.14"},{"rt":1662,"stimulus":"images/Broccoli/With_Backgrounds/difficulty0_image3.png","response":1,"category":"Broccoli","background_difficulty":"0","image_path":"images/Broccoli/With_Backgrounds/difficulty0_image3.png","trial_type":"image-button-response","trial_index":17,"time_elapsed":61488,"internal_node_id":"0.0-2.0-0.15"},{"rt":1709,"stimulus":"images/Boat/With_Backgrounds/difficulty4_image1.png","response":0,"category":"Boat","background_difficulty":"4","image_path":"images/Boat/With_Backgrounds/difficulty4_image1.png","trial_type":"image-button-response","trial_index":18,"time_elapsed":63206,"internal_node_id":"0.0-2.0-0.16"},{"rt":2154,"stimulus":"images/Tree/With_Backgrounds/difficulty6_image5.png","response":6,"category":"Tree","background_difficulty":"6","image_path":"images/Tree/With_Backgrounds/difficulty6_image5.png","trial_type":"image-button-response","trial_index":19,"time_elapsed":65372,"internal_node_id":"0.0-2.0-0.17"},{"rt":3661,"stimulus":"images/Car/With_Backgrounds/difficulty0_image6.png","response":2,"category":"Car","background_difficulty":"0","image_path":"images/Car/With_Backgrounds/difficulty0_image6.png","trial_type":"image-button-response","trial_index":20,"time_elapsed":69043,"internal_node_id":"0.0-2.0-0.18"},{"rt":1889,"stimulus":"images/Broccoli/With_Backgrounds/difficulty8_image4.png","response":1,"category":"Broccoli","background_difficulty":"8","image_path":"images/Broccoli/With_Backgrounds/difficulty8_image4.png","trial_type":"image-button-response","trial_index":21,"time_elapsed":70946,"internal_node_id":"0.0-2.0-0.19"},{"rt":2106,"stimulus":"images/Car/With_Backgrounds/difficulty1_image2.png","response":2,"category":"Car","background_difficulty":"1","image_path":"images/Car/With_Backgrounds/difficulty1_image2.png","trial_type":"image-button-response","trial_index":22,"time_elapsed":73064,"internal_node_id":"0.0-2.0-0.20"},{"rt":2300,"stimulus":"images/Cat/With_Backgrounds/difficulty4_image0.png","response":3,"category":"Cat","background_difficulty":"4","image_path":"images/Cat/With_Backgrounds/difficulty4_image0.png","trial_type":"image-button-response","trial_index":23,"time_elapsed":75376,"internal_node_id":"0.0-2.0-0.21"},{"rt":2941,"stimulus":"images/Other/With_Backgrounds/difficulty3_image6.png","response":7,"category":"Other","background_difficulty":"3","image_path":"images/Other/With_Backgrounds/difficulty3_image6.png","trial_type":"image-button-response","trial_index":24,"time_elapsed":78329,"internal_node_id":"0.0-2.0-0.22"},{"rt":1762,"stimulus":"images/Human/With_Backgrounds/difficulty5_image7.png","response":5,"category":"Human","background_difficulty":"5","image_path":"images/Human/With_Backgrounds/difficulty5_image7.png","trial_type":"image-button-response","trial_index":25,"time_elapsed":80106,"internal_node_id":"0.0-2.0-0.23"},{"rt":1537,"stimulus":"images/Human/With_Backgrounds/difficulty2_image6.png","response":5,"category":"Human","background_difficulty":"2","image_path":"images/Human/With_Backgrounds/difficulty2_image6.png","trial_type":"image-button-response","trial_index":26,"time_elapsed":81655,"internal_node_id":"0.0-2.0-0.24"},{"rt":1742,"stimulus":"images/Car/With_Backgrounds/difficulty6_image3.png","response":2,"category":"Car","background_difficulty":"6","image_path":"images/Car/With_Backgrounds/difficulty6_image3.png","trial_type":"image-button-response","trial_index":27,"time_elapsed":83406,"internal_node_id":"0.0-2.0-0.25"},{"rt":1906,"stimulus":"images/Cat/With_Backgrounds/difficulty7_image3.png","response":3,"category":"Cat","background_difficulty":"7","image_path":"images/Cat/With_Backgrounds/difficulty7_image3.png","trial_type":"image-button-response","trial_index":28,"time_elapsed":85321,"internal_node_id":"0.0-2.0-0.26"},{"rt":2301,"stimulus":"images/Other/With_Backgrounds/difficulty2_image9.png","response":7,"category":"Other","background_difficulty":"2","image_path":"images/Other/With_Backgrounds/difficulty2_image9.png","trial_type":"image-button-response","trial_index":29,"time_elapsed":87632,"internal_node_id":"0.0-2.0-0.27"},{"rt":2139,"stimulus":"images/Dog/With_Backgrounds/difficulty4_image3.png","response":4,"category":"Dog","background_difficulty":"4","image_path":"images/Dog/With_Backgrounds/difficulty4_image3.png","trial_type":"image-button-response","trial_index":30,"time_elapsed":89783,"internal_node_id":"0.0-2.0-0.28"},{"rt":1843,"stimulus":"images/Tree/With_Backgrounds/difficulty8_image7.png","response":6,"category":"Tree","background_difficulty":"8","image_path":"images/Tree/With_Backgrounds/difficulty8_image7.png","trial_type":"image-button-response","trial_index":31,"time_elapsed":91638,"internal_node_id":"0.0-2.0-0.29"},{"rt":1988,"stimulus":"images/Other/With_Backgrounds/difficulty6_image8.png","response":7,"category":"Other","background_difficulty":"6","image_path":"images/Other/With_Backgrounds/difficulty6_image8.png","trial_type":"image-button-response","trial_index":32,"time_elapsed":93638,"internal_node_id":"0.0-2.0-0.30"},{"rt":1971,"stimulus":"images/Cat/With_Backgrounds/difficulty5_image1.png","response":3,"category":"Cat","background_difficulty":"5","image_path":"images/Cat/With_Backgrounds/difficulty5_image1.png","trial_type":"image-button-response","trial_index":33,"time_elapsed":95621,"internal_node_id":"0.0-2.0-0.31"},{"rt":2388,"stimulus":"images/Boat/With_Backgrounds/difficulty5_image9.png","response":0,"category":"Boat","background_difficulty":"5","image_path":"images/Boat/With_Backgrounds/difficulty5_image9.png","trial_type":"image-button-response","trial_index":34,"time_elapsed":98020,"internal_node_id":"0.0-2.0-0.32"},{"rt":1695,"stimulus":"images/Boat/With_Backgrounds/difficulty7_image8.png","response":0,"category":"Boat","background_difficulty":"7","image_path":"images/Boat/With_Backgrounds/difficulty7_image8.png","trial_type":"image-button-response","trial_index":35,"time_elapsed":99727,"internal_node_id":"0.0-2.0-0.33"},{"rt":1792,"stimulus":"images/Broccoli/With_Backgrounds/difficulty7_image0.png","response":1,"category":"Broccoli","background_difficulty":"7","image_path":"images/Broccoli/With_Backgrounds/difficulty7_image0.png","trial_type":"image-button-response","trial_index":36,"time_elapsed":101529,"internal_node_id":"0.0-2.0-0.34"},{"rt":1706,"stimulus":"images/Tree/With_Backgrounds/difficulty4_image9.png","response":6,"category":"Tree","background_difficulty":"4","image_path":"images/Tree/With_Backgrounds/difficulty4_image9.png","trial_type":"image-button-response","trial_index":37,"time_elapsed":103246,"internal_node_id":"0.0-2.0-0.35"},{"rt":1848,"stimulus":"images/Dog/With_Backgrounds/difficulty3_image7.png","response":4,"category":"Dog","background_difficulty":"3","image_path":"images/Dog/With_Backgrounds/difficulty3_image7.png","trial_type":"image-button-response","trial_index":38,"time_elapsed":105104,"internal_node_id":"0.0-2.0-0.36"},{"rt":1723,"stimulus":"images/Tree/With_Backgrounds/difficulty3_image3.png","response":6,"category":"Tree","background_difficulty":"3","image_path":"images/Tree/With_Backgrounds/difficulty3_image3.png","trial_type":"image-button-response","trial_index":39,"time_elapsed":106837,"internal_node_id":"0.0-2.0-0.37"},{"rt":1781,"stimulus":"images/Boat/With_Backgrounds/difficulty1_image3.png","response":0,"category":"Boat","background_difficulty":"1","image_path":"images/Boat/With_Backgrounds/difficulty1_image3.png","trial_type":"image-button-response","trial_index":40,"time_elapsed":108628,"internal_node_id":"0.0-2.0-0.38"},{"rt":1725,"stimulus":"images/Other/With_Backgrounds/difficulty4_image4.png","response":7,"category":"Other","background_difficulty":"4","image_path":"images/Other/With_Backgrounds/difficulty4_image4.png","trial_type":"image-button-response","trial_index":41,"time_elapsed":110361,"internal_node_id":"0.0-2.0-0.39"},{"rt":1654,"stimulus":"images/Broccoli/With_Backgrounds/difficulty5_image1.png","response":1,"category":"Broccoli","background_difficulty":"5","image_path":"images/Broccoli/With_Backgrounds/difficulty5_image1.png","trial_type":"image-button-response","trial_index":42,"time_elapsed":112028,"internal_node_id":"0.0-2.0-0.40"},{"rt":1471,"stimulus":"images/Other/With_Backgrounds/difficulty5_image3.png","response":7,"category":"Other","background_difficulty":"5","image_path":"images/Other/With_Backgrounds/difficulty5_image3.png","trial_type":"image-button-response","trial_index":43,"time_elapsed":113512,"internal_node_id":"0.0-2.0-0.41"},{"rt":2079,"stimulus":"images/Cat/With_Backgrounds/difficulty6_image6.png","response":3,"category":"Cat","background_difficulty":"6","image_path":"images/Cat/With_Backgrounds/difficulty6_image6.png","trial_type":"image-button-response","trial_index":44,"time_elapsed":115602,"internal_node_id":"0.0-2.0-0.42"},{"rt":1606,"stimulus":"images/Human/With_Backgrounds/difficulty6_image3.png","response":5,"category":"Human","background_difficulty":"6","image_path":"images/Human/With_Backgrounds/difficulty6_image3.png","trial_type":"image-button-response","trial_index":45,"time_elapsed":117220,"internal_node_id":"0.0-2.0-0.43"},{"rt":2168,"stimulus":"images/Other/With_Backgrounds/difficulty8_image0.png","response":7,"category":"Other","background_difficulty":"8","image_path":"images/Other/With_Backgrounds/difficulty8_image0.png","trial_type":"image-button-response","trial_index":46,"time_elapsed":119403,"internal_node_id":"0.0-2.0-0.44"},{"rt":1496,"stimulus":"images/Human/With_Backgrounds/difficulty7_image1.png","response":5,"category":"Human","background_difficulty":"7","image_path":"images/Human/With_Backgrounds/difficulty7_image1.png","trial_type":"image-button-response","trial_index":47,"time_elapsed":120912,"internal_node_id":"0.0-2.0-0.45"},{"rt":1903,"stimulus":"images/Dog/With_Backgrounds/difficulty5_image9.png","response":4,"category":"Dog","background_difficulty":"5","image_path":"images/Dog/With_Backgrounds/difficulty5_image9.png","trial_type":"image-button-response","trial_index":48,"time_elapsed":122828,"internal_node_id":"0.0-2.0-0.46"},{"rt":1661,"stimulus":"images/Broccoli/With_Backgrounds/difficulty1_image2.png","response":1,"category":"Broccoli","background_difficulty":"1","image_path":"images/Broccoli/With_Backgrounds/difficulty1_image2.png","trial_type":"image-button-response","trial_index":49,"time_elapsed":124502,"internal_node_id":"0.0-2.0-0.47"},{"rt":2115,"stimulus":"images/Dog/With_Backgrounds/difficulty2_image2.png","response":4,"category":"Dog","background_difficulty":"2","image_path":"images/Dog/With_Backgrounds/difficulty2_image2.png","trial_type":"image-button-response","trial_index":50,"time_elapsed":126627,"internal_node_id":"0.0-2.0-0.48"},{"rt":1470,"stimulus":"images/Dog/With_Backgrounds/difficulty8_image8.png","response":4,"category":"Dog","background_difficulty":"8","image_path":"images/Dog/With_Backgrounds/difficulty8_image8.png","trial_type":"image-button-response","trial_index":51,"time_elapsed":128111,"internal_node_id":"0.0-2.0-0.49"},{"rt":1956,"stimulus":"images/Cat/With_Backgrounds/difficulty1_image5.png","response":3,"category":"Cat","background_difficulty":"1","image_path":"images/Cat/With_Backgrounds/difficulty1_image5.png","trial_type":"image-button-response","trial_index":52,"time_elapsed":130077,"internal_node_id":"0.0-2.0-0.50"},{"rt":1623,"stimulus":"images/Car/With_Backgrounds/difficulty3_image1.png","response":2,"category":"Car","background_difficulty":"3","image_path":"images/Car/With_Backgrounds/difficulty3_image1.png","trial_type":"image-button-response","trial_index":53,"time_elapsed":131711,"internal_node_id":"0.0-2.0-0.51"},{"rt":1693,"stimulus":"images/Tree/With_Backgrounds/difficulty1_image4.png","response":6,"category":"Tree","background_difficulty":"1","image_path":"images/Tree/With_Backgrounds/difficulty1_image4.png","trial_type":"image-button-response","trial_index":54,"time_elapsed":133413,"internal_node_id":"0.0-2.0-0.52"},{"rt":2713,"stimulus":"images/Car/With_Backgrounds/difficulty7_image7.png","response":2,"category":"Car","background_difficulty":"7","image_path":"images/Car/With_Backgrounds/difficulty7_image7.png","trial_type":"image-button-response","trial_index":55,"time_elapsed":136136,"internal_node_id":"0.0-2.0-0.53"},{"rt":1931,"stimulus":"images/Boat/With_Backgrounds/difficulty6_image5.png","response":0,"category":"Boat","background_difficulty":"6","image_path":"images/Boat/With_Backgrounds/difficulty6_image5.png","trial_type":"image-button-response","trial_index":56,"time_elapsed":138076,"internal_node_id":"0.0-2.0-0.54"},{"rt":1437,"stimulus":"images/Cat/With_Backgrounds/difficulty8_image2.png","response":3,"category":"Cat","background_difficulty":"8","image_path":"images/Cat/With_Backgrounds/difficulty8_image2.png","trial_type":"image-button-response","trial_index":57,"time_elapsed":139523,"internal_node_id":"0.0-2.0-0.55"},{"rt":2006,"stimulus":"images/Tree/With_Backgrounds/difficulty5_image1.png","response":6,"category":"Tree","background_difficulty":"5","image_path":"images/Tree/With_Backgrounds/difficulty5_image1.png","trial_type":"image-button-response","trial_index":58,"time_elapsed":141539,"internal_node_id":"0.0-2.0-0.56"},{"rt":2051,"stimulus":"images/Car/With_Backgrounds/difficulty5_image8.png","response":2,"category":"Car","background_difficulty":"5","image_path":"images/Car/With_Backgrounds/difficulty5_image8.png","trial_type":"image-button-response","trial_index":59,"time_elapsed":143602,"internal_node_id":"0.0-2.0-0.57"},{"rt":2906,"stimulus":"images/Other/With_Backgrounds/difficulty7_image5.png","response":7,"category":"Other","background_difficulty":"7","image_path":"images/Other/With_Backgrounds/difficulty7_image5.png","trial_type":"image-button-response","trial_index":60,"time_elapsed":146522,"internal_node_id":"0.0-2.0-0.58"},{"rt":1768,"stimulus":"images/Broccoli/With_Backgrounds/difficulty2_image8.png","response":1,"category":"Broccoli","background_difficulty":"2","image_path":"images/Broccoli/With_Backgrounds/difficulty2_image8.png","trial_type":"image-button-response","trial_index":61,"time_elapsed":148301,"internal_node_id":"0.0-2.0-0.59"},{"rt":1695,"stimulus":"images/Tree/With_Backgrounds/difficulty7_image0.png","response":6,"category":"Tree","background_difficulty":"7","image_path":"images/Tree/With_Backgrounds/difficulty7_image0.png","trial_type":"image-button-response","trial_index":62,"time_elapsed":150009,"internal_node_id":"0.0-2.0-0.60"},{"rt":1806,"stimulus":"images/Human/With_Backgrounds/difficulty0_image5.png","response":5,"category":"Human","background_difficulty":"0","image_path":"images/Human/With_Backgrounds/difficulty0_image5.png","trial_type":"image-button-response","trial_index":63,"time_elapsed":151826,"internal_node_id":"0.0-2.0-0.61"},{"rt":1750,"stimulus":"images/Boat/With_Backgrounds/difficulty2_image6.png","response":0,"category":"Boat","background_difficulty":"2","image_path":"images/Boat/With_Backgrounds/difficulty2_image6.png","trial_type":"image-button-response","trial_index":64,"time_elapsed":153584,"internal_node_id":"0.0-2.0-0.62"},{"rt":2426,"stimulus":"images/Broccoli/With_Backgrounds/difficulty6_image7.png","response":6,"category":"Broccoli","background_difficulty":"6","image_path":"images/Broccoli/With_Backgrounds/difficulty6_image7.png","trial_type":"image-button-response","trial_index":65,"time_elapsed":156022,"internal_node_id":"0.0-2.0-0.63"},{"rt":2368,"stimulus":"images/Car/With_Backgrounds/difficulty8_image9.png","response":2,"category":"Car","background_difficulty":"8","image_path":"images/Car/With_Backgrounds/difficulty8_image9.png","trial_type":"image-button-response","trial_index":66,"time_elapsed":158403,"internal_node_id":"0.0-2.0-0.64"},{"rt":1519,"stimulus":"images/Human/With_Backgrounds/difficulty1_image8.png","response":5,"category":"Human","background_difficulty":"1","image_path":"images/Human/With_Backgrounds/difficulty1_image8.png","trial_type":"image-button-response","trial_index":67,"time_elapsed":159934,"internal_node_id":"0.0-2.0-0.65"},{"rt":1799,"stimulus":"images/Dog/With_Backgrounds/difficulty6_image6.png","response":4,"category":"Dog","background_difficulty":"6","image_path":"images/Dog/With_Backgrounds/difficulty6_image6.png","trial_type":"image-button-response","trial_index":68,"time_elapsed":161744,"internal_node_id":"0.0-2.0-0.66"},{"rt":1872,"stimulus":"images/Cat/With_Backgrounds/difficulty3_image7.png","response":3,"category":"Cat","background_difficulty":"3","image_path":"images/Cat/With_Backgrounds/difficulty3_image7.png","trial_type":"image-button-response","trial_index":69,"time_elapsed":163628,"internal_node_id":"0.0-2.0-0.67"},{"rt":1666,"stimulus":"images/Dog/With_Backgrounds/difficulty7_image0.png","response":4,"category":"Dog","background_difficulty":"7","image_path":"images/Dog/With_Backgrounds/difficulty7_image0.png","trial_type":"image-button-response","trial_index":70,"time_elapsed":165309,"internal_node_id":"0.0-2.0-0.68"},{"rt":2245,"stimulus":"images/Human/With_Backgrounds/difficulty3_image2.png","response":5,"category":"Human","background_difficulty":"3","image_path":"images/Human/With_Backgrounds/difficulty3_image2.png","trial_type":"image-button-response","trial_index":71,"time_elapsed":167565,"internal_node_id":"0.0-2.0-0.69"},{"rt":1912,"stimulus":"images/Boat/With_Backgrounds/difficulty3_image0.png","response":0,"category":"Boat","background_difficulty":"3","image_path":"images/Boat/With_Backgrounds/difficulty3_image0.png","trial_type":"image-button-response","trial_index":72,"time_elapsed":169482,"internal_node_id":"0.0-2.0-0.70"},{"rt":3318,"stimulus":"images/Other/With_Backgrounds/difficulty1_image1.png","response":7,"category":"Other","background_difficulty":"1","image_path":"images/Other/With_Backgrounds/difficulty1_image1.png","trial_type":"image-button-response","trial_index":73,"time_elapsed":172812,"internal_node_id":"0.0-2.0-0.71"},{"rt":1788,"stimulus":["<h2>Press the button below to end experiment.</h2><p>Thank you for participating!</p>"],"response":0,"trial_type":"html-button-response","trial_index":74,"time_elapsed":174610,"internal_node_id":"0.0-3.0"}]